[0.000000] (-) TimerEvent: {}
[0.000533] (interface_pkg) JobQueued: {'identifier': 'interface_pkg', 'dependencies': OrderedDict()}
[0.000600] (yolo_depth_interfaces) JobQueued: {'identifier': 'yolo_depth_interfaces', 'dependencies': OrderedDict()}
[0.000639] (yolo_realsense) JobQueued: {'identifier': 'yolo_realsense', 'dependencies': OrderedDict()}
[0.000684] (llm_for_pick_place_voice) JobQueued: {'identifier': 'llm_for_pick_place_voice', 'dependencies': OrderedDict({'interface_pkg': '/home/hun/YongYiHanYong/install/interface_pkg'})}
[0.000725] (target_move) JobQueued: {'identifier': 'target_move', 'dependencies': OrderedDict({'yolo_depth_interfaces': '/home/hun/YongYiHanYong/install/yolo_depth_interfaces'})}
[0.000790] (interface_pkg) JobStarted: {'identifier': 'interface_pkg'}
[0.006077] (yolo_depth_interfaces) JobStarted: {'identifier': 'yolo_depth_interfaces'}
[0.008658] (yolo_realsense) JobStarted: {'identifier': 'yolo_realsense'}
[0.012795] (interface_pkg) JobProgress: {'identifier': 'interface_pkg', 'progress': 'cmake'}
[0.013252] (interface_pkg) JobProgress: {'identifier': 'interface_pkg', 'progress': 'build'}
[0.013627] (interface_pkg) Command: {'cmd': ['/usr/bin/cmake', '--build', '/home/hun/YongYiHanYong/build/interface_pkg', '--', '-j12', '-l12'], 'cwd': '/home/hun/YongYiHanYong/build/interface_pkg', 'env': OrderedDict({'LESSOPEN': '| /usr/bin/lesspipe %s', 'GZ_SIM_RESOURCE_PATH': '/opt/ros/jazzy/share', 'USER': 'hun', 'GZ_CONFIG_PATH': '/opt/ros/jazzy/opt/gz_sim_vendor/share/gz:/opt/ros/jazzy/opt/sdformat_vendor/share/gz:/opt/ros/jazzy/opt/gz_gui_vendor/share/gz:/opt/ros/jazzy/opt/gz_transport_vendor/share/gz:/opt/ros/jazzy/opt/gz_rendering_vendor/share/gz:/opt/ros/jazzy/opt/gz_plugin_vendor/share/gz:/opt/ros/jazzy/opt/gz_fuel_tools_vendor/share/gz:/opt/ros/jazzy/opt/gz_msgs_vendor/share/gz:/opt/ros/jazzy/opt/gz_common_vendor/share/gz', 'XDG_SESSION_TYPE': 'wayland', 'SHLVL': '1', 'LD_LIBRARY_PATH': '/home/hun/YongYiHanYong/install/interface_pkg/lib:/opt/ros/jazzy/opt/gz_sim_vendor/lib:/opt/ros/jazzy/opt/gz_sensors_vendor/lib:/opt/ros/jazzy/opt/gz_physics_vendor/lib:/opt/ros/jazzy/opt/sdformat_vendor/lib:/opt/ros/jazzy/opt/rviz_ogre_vendor/lib:/opt/ros/jazzy/lib/x86_64-linux-gnu:/opt/ros/jazzy/opt/gz_gui_vendor/lib:/opt/ros/jazzy/opt/gz_transport_vendor/lib:/opt/ros/jazzy/opt/gz_rendering_vendor/lib:/opt/ros/jazzy/opt/gz_plugin_vendor/lib:/opt/ros/jazzy/opt/gz_fuel_tools_vendor/lib:/opt/ros/jazzy/opt/gz_msgs_vendor/lib:/opt/ros/jazzy/opt/gz_common_vendor/lib:/opt/ros/jazzy/opt/gz_math_vendor/lib:/opt/ros/jazzy/opt/gz_utils_vendor/lib:/opt/ros/jazzy/opt/gz_tools_vendor/lib:/opt/ros/jazzy/opt/gz_ogre_next_vendor/lib:/opt/ros/jazzy/opt/gz_dartsim_vendor/lib:/opt/ros/jazzy/opt/gz_cmake_vendor/lib:/opt/ros/jazzy/lib', 'HOME': '/home/hun', 'OLDPWD': '/home/hun', 'DESKTOP_SESSION': 'ubuntu', 'NVM_BIN': '/home/hun/.nvm/versions/node/v24.11.1/bin', 'NVM_INC': '/home/hun/.nvm/versions/node/v24.11.1/include/node', 'ROS_PYTHON_VERSION': '3', 'GNOME_SHELL_SESSION_MODE': 'ubuntu', 'GTK_MODULES': 'gail:atk-bridge', 'MANAGERPID': '2265', 'SYSTEMD_EXEC_PID': '2940', 'GSM_SKIP_SSH_AGENT_WORKAROUND': 'true', 'DBUS_SESSION_BUS_ADDRESS': 'unix:path=/run/user/1000/bus', 'COLORTERM': 'truecolor', 'TERMINATOR_DBUS_NAME': 'net.tenshu.Terminator25ef4b219e3b005583550f2b0f9f990c3', 'GIO_LAUNCHED_DESKTOP_FILE_PID': '4489', 'GNOME_KEYRING_CONTROL': '/run/user/1000/keyring', 'NVM_DIR': '/home/hun/.nvm', 'DEBUGINFOD_URLS': 'https://debuginfod.ubuntu.com', 'IM_CONFIG_PHASE': '1', 'WAYLAND_DISPLAY': 'wayland-0', 'COLCON_PREFIX_PATH': '/home/hun/YongYiHanYong/install', 'ROS_DISTRO': 'jazzy', 'LOGNAME': 'hun', 'JOURNAL_STREAM': '9:21874', '_': '/usr/bin/colcon', 'ROS_VERSION': '2', 'MEMORY_PRESSURE_WATCH': '/sys/fs/cgroup/user.slice/user-1000.slice/user@1000.service/session.slice/org.gnome.SettingsDaemon.MediaKeys.service/memory.pressure', 'XDG_SESSION_CLASS': 'user', 'USERNAME': 'hun', 'TERM': 'xterm-256color', 'GNOME_DESKTOP_SESSION_ID': 'this-is-deprecated', 'PATH': '/home/hun/.nvm/versions/node/v24.11.1/bin:/opt/ros/jazzy/opt/gz_msgs_vendor/bin:/opt/ros/jazzy/opt/gz_tools_vendor/bin:/opt/ros/jazzy/opt/gz_ogre_next_vendor/bin:/opt/ros/jazzy/bin:/home/hun/.local/bin:/usr/local/sbin:/usr/local/bin:/usr/sbin:/usr/bin:/sbin:/bin:/usr/games:/usr/local/games:/snap/bin:/snap/bin', 'SESSION_MANAGER': 'local/airos:@/tmp/.ICE-unix/2692,unix/airos:/tmp/.ICE-unix/2692', 'INVOCATION_ID': '4cd9f93c642348feae55c242511447f4', 'XDG_MENU_PREFIX': 'gnome-', 'GNOME_SETUP_DISPLAY': ':1', 'XDG_RUNTIME_DIR': '/run/user/1000', 'DISPLAY': ':0', 'TERMINATOR_DBUS_PATH': '/net/tenshu/Terminator2', 'LANG': 'en_US.UTF-8', 'XDG_CURRENT_DESKTOP': 'ubuntu:GNOME', 'XMODIFIERS': '@im=ibus', 'XDG_SESSION_DESKTOP': 'ubuntu', 'XAUTHORITY': '/run/user/1000/.mutter-Xwaylandauth.5SXRG3', 'LS_COLORS': 'rs=0:di=01;34:ln=01;36:mh=00:pi=40;33:so=01;35:do=01;35:bd=40;33;01:cd=40;33;01:or=40;31;01:mi=00:su=37;41:sg=30;43:ca=00:tw=30;42:ow=34;42:st=37;44:ex=01;32:*.tar=01;31:*.tgz=01;31:*.arc=01;31:*.arj=01;31:*.taz=01;31:*.lha=01;31:*.lz4=01;31:*.lzh=01;31:*.lzma=01;31:*.tlz=01;31:*.txz=01;31:*.tzo=01;31:*.t7z=01;31:*.zip=01;31:*.z=01;31:*.dz=01;31:*.gz=01;31:*.lrz=01;31:*.lz=01;31:*.lzo=01;31:*.xz=01;31:*.zst=01;31:*.tzst=01;31:*.bz2=01;31:*.bz=01;31:*.tbz=01;31:*.tbz2=01;31:*.tz=01;31:*.deb=01;31:*.rpm=01;31:*.jar=01;31:*.war=01;31:*.ear=01;31:*.sar=01;31:*.rar=01;31:*.alz=01;31:*.ace=01;31:*.zoo=01;31:*.cpio=01;31:*.7z=01;31:*.rz=01;31:*.cab=01;31:*.wim=01;31:*.swm=01;31:*.dwm=01;31:*.esd=01;31:*.avif=01;35:*.jpg=01;35:*.jpeg=01;35:*.mjpg=01;35:*.mjpeg=01;35:*.gif=01;35:*.bmp=01;35:*.pbm=01;35:*.pgm=01;35:*.ppm=01;35:*.tga=01;35:*.xbm=01;35:*.xpm=01;35:*.tif=01;35:*.tiff=01;35:*.png=01;35:*.svg=01;35:*.svgz=01;35:*.mng=01;35:*.pcx=01;35:*.mov=01;35:*.mpg=01;35:*.mpeg=01;35:*.m2v=01;35:*.mkv=01;35:*.webm=01;35:*.webp=01;35:*.ogm=01;35:*.mp4=01;35:*.m4v=01;35:*.mp4v=01;35:*.vob=01;35:*.qt=01;35:*.nuv=01;35:*.wmv=01;35:*.asf=01;35:*.rm=01;35:*.rmvb=01;35:*.flc=01;35:*.avi=01;35:*.fli=01;35:*.flv=01;35:*.gl=01;35:*.dl=01;35:*.xcf=01;35:*.xwd=01;35:*.yuv=01;35:*.cgm=01;35:*.emf=01;35:*.ogv=01;35:*.ogx=01;35:*.aac=00;36:*.au=00;36:*.flac=00;36:*.m4a=00;36:*.mid=00;36:*.midi=00;36:*.mka=00;36:*.mp3=00;36:*.mpc=00;36:*.ogg=00;36:*.ra=00;36:*.wav=00;36:*.oga=00;36:*.opus=00;36:*.spx=00;36:*.xspf=00;36:*~=00;90:*#=00;90:*.bak=00;90:*.crdownload=00;90:*.dpkg-dist=00;90:*.dpkg-new=00;90:*.dpkg-old=00;90:*.dpkg-tmp=00;90:*.old=00;90:*.orig=00;90:*.part=00;90:*.rej=00;90:*.rpmnew=00;90:*.rpmorig=00;90:*.rpmsave=00;90:*.swp=00;90:*.tmp=00;90:*.ucf-dist=00;90:*.ucf-new=00;90:*.ucf-old=00;90:', 'SSH_AUTH_SOCK': '/run/user/1000/keyring/ssh', 'AMENT_PREFIX_PATH': '/home/hun/YongYiHanYong/install/yolo_realsense:/home/hun/YongYiHanYong/install/interface_pkg:/home/hun/YongYiHanYong/install/llm_for_pick_place_voice:/opt/ros/jazzy', 'SHELL': '/bin/bash', 'TERMINATOR_UUID': 'urn:uuid:67c9869f-f13d-4ac4-b12a-f3533a42efdb', 'QT_ACCESSIBILITY': '1', 'GDMSESSION': 'ubuntu', 'LESSCLOSE': '/usr/bin/lesspipe %s %s', 'ROS_AUTOMATIC_DISCOVERY_RANGE': 'SUBNET', 'QT_IM_MODULE': 'ibus', 'PWD': '/home/hun/YongYiHanYong/build/interface_pkg', 'LC_ALL': 'en_US.UTF-8', 'XDG_CONFIG_DIRS': '/etc/xdg/xdg-ubuntu:/etc/xdg', 'NVM_CD_FLAGS': '', 'XDG_DATA_DIRS': '/usr/share/ubuntu:/usr/share/gnome:/usr/local/share/:/usr/share/:/var/lib/snapd/desktop', 'PYTHONPATH': '/home/hun/YongYiHanYong/install/yolo_realsense/lib/python3.12/site-packages:/home/hun/YongYiHanYong/install/interface_pkg/lib/python3.12/site-packages:/home/hun/YongYiHanYong/build/llm_for_pick_place_voice:/home/hun/YongYiHanYong/install/llm_for_pick_place_voice/lib/python3.12/site-packages:/opt/ros/jazzy/lib/python3.12/site-packages', 'COLCON': '1', 'MEMORY_PRESSURE_WRITE': 'c29tZSAyMDAwMDAgMjAwMDAwMAA=', 'VTE_VERSION': '7600', 'CMAKE_PREFIX_PATH': '/home/hun/YongYiHanYong/install/interface_pkg:/opt/ros/jazzy/opt/gz_sim_vendor:/opt/ros/jazzy/opt/gz_sensors_vendor:/opt/ros/jazzy/opt/gz_physics_vendor:/opt/ros/jazzy/opt/sdformat_vendor:/opt/ros/jazzy/opt/gz_gui_vendor:/opt/ros/jazzy/opt/gz_transport_vendor:/opt/ros/jazzy/opt/gz_rendering_vendor:/opt/ros/jazzy/opt/gz_plugin_vendor:/opt/ros/jazzy/opt/gz_fuel_tools_vendor:/opt/ros/jazzy/opt/gz_msgs_vendor:/opt/ros/jazzy/opt/gz_common_vendor:/opt/ros/jazzy/opt/gz_math_vendor:/opt/ros/jazzy/opt/gz_utils_vendor:/opt/ros/jazzy/opt/gz_tools_vendor:/opt/ros/jazzy/opt/gz_ogre_next_vendor:/opt/ros/jazzy/opt/gz_dartsim_vendor:/opt/ros/jazzy/opt/gz_cmake_vendor:/home/hun/YongYiHanYong/install/yolo_realsense:/home/hun/YongYiHanYong/install/llm_for_pick_place_voice:/opt/ros/jazzy'}), 'shell': False}
[0.015223] (yolo_depth_interfaces) JobProgress: {'identifier': 'yolo_depth_interfaces', 'progress': 'cmake'}
[0.015590] (yolo_depth_interfaces) Command: {'cmd': ['/usr/bin/cmake', '/home/hun/YongYiHanYong/src/yolo_depth_interfaces', '-DCATKIN_INSTALL_INTO_PREFIX_ROOT=0', '-DCMAKE_INSTALL_PREFIX=/home/hun/YongYiHanYong/install/yolo_depth_interfaces'], 'cwd': '/home/hun/YongYiHanYong/build/yolo_depth_interfaces', 'env': OrderedDict({'LESSOPEN': '| /usr/bin/lesspipe %s', 'GZ_SIM_RESOURCE_PATH': '/opt/ros/jazzy/share', 'USER': 'hun', 'GZ_CONFIG_PATH': '/opt/ros/jazzy/opt/gz_sim_vendor/share/gz:/opt/ros/jazzy/opt/sdformat_vendor/share/gz:/opt/ros/jazzy/opt/gz_gui_vendor/share/gz:/opt/ros/jazzy/opt/gz_transport_vendor/share/gz:/opt/ros/jazzy/opt/gz_rendering_vendor/share/gz:/opt/ros/jazzy/opt/gz_plugin_vendor/share/gz:/opt/ros/jazzy/opt/gz_fuel_tools_vendor/share/gz:/opt/ros/jazzy/opt/gz_msgs_vendor/share/gz:/opt/ros/jazzy/opt/gz_common_vendor/share/gz', 'XDG_SESSION_TYPE': 'wayland', 'SHLVL': '1', 'LD_LIBRARY_PATH': '/home/hun/YongYiHanYong/install/interface_pkg/lib:/opt/ros/jazzy/opt/gz_sim_vendor/lib:/opt/ros/jazzy/opt/gz_sensors_vendor/lib:/opt/ros/jazzy/opt/gz_physics_vendor/lib:/opt/ros/jazzy/opt/sdformat_vendor/lib:/opt/ros/jazzy/opt/rviz_ogre_vendor/lib:/opt/ros/jazzy/lib/x86_64-linux-gnu:/opt/ros/jazzy/opt/gz_gui_vendor/lib:/opt/ros/jazzy/opt/gz_transport_vendor/lib:/opt/ros/jazzy/opt/gz_rendering_vendor/lib:/opt/ros/jazzy/opt/gz_plugin_vendor/lib:/opt/ros/jazzy/opt/gz_fuel_tools_vendor/lib:/opt/ros/jazzy/opt/gz_msgs_vendor/lib:/opt/ros/jazzy/opt/gz_common_vendor/lib:/opt/ros/jazzy/opt/gz_math_vendor/lib:/opt/ros/jazzy/opt/gz_utils_vendor/lib:/opt/ros/jazzy/opt/gz_tools_vendor/lib:/opt/ros/jazzy/opt/gz_ogre_next_vendor/lib:/opt/ros/jazzy/opt/gz_dartsim_vendor/lib:/opt/ros/jazzy/opt/gz_cmake_vendor/lib:/opt/ros/jazzy/lib', 'HOME': '/home/hun', 'OLDPWD': '/home/hun', 'DESKTOP_SESSION': 'ubuntu', 'NVM_BIN': '/home/hun/.nvm/versions/node/v24.11.1/bin', 'NVM_INC': '/home/hun/.nvm/versions/node/v24.11.1/include/node', 'ROS_PYTHON_VERSION': '3', 'GNOME_SHELL_SESSION_MODE': 'ubuntu', 'GTK_MODULES': 'gail:atk-bridge', 'MANAGERPID': '2265', 'SYSTEMD_EXEC_PID': '2940', 'GSM_SKIP_SSH_AGENT_WORKAROUND': 'true', 'DBUS_SESSION_BUS_ADDRESS': 'unix:path=/run/user/1000/bus', 'COLORTERM': 'truecolor', 'TERMINATOR_DBUS_NAME': 'net.tenshu.Terminator25ef4b219e3b005583550f2b0f9f990c3', 'GIO_LAUNCHED_DESKTOP_FILE_PID': '4489', 'GNOME_KEYRING_CONTROL': '/run/user/1000/keyring', 'NVM_DIR': '/home/hun/.nvm', 'DEBUGINFOD_URLS': 'https://debuginfod.ubuntu.com', 'IM_CONFIG_PHASE': '1', 'WAYLAND_DISPLAY': 'wayland-0', 'COLCON_PREFIX_PATH': '/home/hun/YongYiHanYong/install', 'ROS_DISTRO': 'jazzy', 'LOGNAME': 'hun', 'JOURNAL_STREAM': '9:21874', '_': '/usr/bin/colcon', 'ROS_VERSION': '2', 'MEMORY_PRESSURE_WATCH': '/sys/fs/cgroup/user.slice/user-1000.slice/user@1000.service/session.slice/org.gnome.SettingsDaemon.MediaKeys.service/memory.pressure', 'XDG_SESSION_CLASS': 'user', 'USERNAME': 'hun', 'TERM': 'xterm-256color', 'GNOME_DESKTOP_SESSION_ID': 'this-is-deprecated', 'PATH': '/home/hun/.nvm/versions/node/v24.11.1/bin:/opt/ros/jazzy/opt/gz_msgs_vendor/bin:/opt/ros/jazzy/opt/gz_tools_vendor/bin:/opt/ros/jazzy/opt/gz_ogre_next_vendor/bin:/opt/ros/jazzy/bin:/home/hun/.local/bin:/usr/local/sbin:/usr/local/bin:/usr/sbin:/usr/bin:/sbin:/bin:/usr/games:/usr/local/games:/snap/bin:/snap/bin', 'SESSION_MANAGER': 'local/airos:@/tmp/.ICE-unix/2692,unix/airos:/tmp/.ICE-unix/2692', 'INVOCATION_ID': '4cd9f93c642348feae55c242511447f4', 'XDG_MENU_PREFIX': 'gnome-', 'GNOME_SETUP_DISPLAY': ':1', 'XDG_RUNTIME_DIR': '/run/user/1000', 'DISPLAY': ':0', 'TERMINATOR_DBUS_PATH': '/net/tenshu/Terminator2', 'LANG': 'en_US.UTF-8', 'XDG_CURRENT_DESKTOP': 'ubuntu:GNOME', 'XMODIFIERS': '@im=ibus', 'XDG_SESSION_DESKTOP': 'ubuntu', 'XAUTHORITY': '/run/user/1000/.mutter-Xwaylandauth.5SXRG3', 'LS_COLORS': 'rs=0:di=01;34:ln=01;36:mh=00:pi=40;33:so=01;35:do=01;35:bd=40;33;01:cd=40;33;01:or=40;31;01:mi=00:su=37;41:sg=30;43:ca=00:tw=30;42:ow=34;42:st=37;44:ex=01;32:*.tar=01;31:*.tgz=01;31:*.arc=01;31:*.arj=01;31:*.taz=01;31:*.lha=01;31:*.lz4=01;31:*.lzh=01;31:*.lzma=01;31:*.tlz=01;31:*.txz=01;31:*.tzo=01;31:*.t7z=01;31:*.zip=01;31:*.z=01;31:*.dz=01;31:*.gz=01;31:*.lrz=01;31:*.lz=01;31:*.lzo=01;31:*.xz=01;31:*.zst=01;31:*.tzst=01;31:*.bz2=01;31:*.bz=01;31:*.tbz=01;31:*.tbz2=01;31:*.tz=01;31:*.deb=01;31:*.rpm=01;31:*.jar=01;31:*.war=01;31:*.ear=01;31:*.sar=01;31:*.rar=01;31:*.alz=01;31:*.ace=01;31:*.zoo=01;31:*.cpio=01;31:*.7z=01;31:*.rz=01;31:*.cab=01;31:*.wim=01;31:*.swm=01;31:*.dwm=01;31:*.esd=01;31:*.avif=01;35:*.jpg=01;35:*.jpeg=01;35:*.mjpg=01;35:*.mjpeg=01;35:*.gif=01;35:*.bmp=01;35:*.pbm=01;35:*.pgm=01;35:*.ppm=01;35:*.tga=01;35:*.xbm=01;35:*.xpm=01;35:*.tif=01;35:*.tiff=01;35:*.png=01;35:*.svg=01;35:*.svgz=01;35:*.mng=01;35:*.pcx=01;35:*.mov=01;35:*.mpg=01;35:*.mpeg=01;35:*.m2v=01;35:*.mkv=01;35:*.webm=01;35:*.webp=01;35:*.ogm=01;35:*.mp4=01;35:*.m4v=01;35:*.mp4v=01;35:*.vob=01;35:*.qt=01;35:*.nuv=01;35:*.wmv=01;35:*.asf=01;35:*.rm=01;35:*.rmvb=01;35:*.flc=01;35:*.avi=01;35:*.fli=01;35:*.flv=01;35:*.gl=01;35:*.dl=01;35:*.xcf=01;35:*.xwd=01;35:*.yuv=01;35:*.cgm=01;35:*.emf=01;35:*.ogv=01;35:*.ogx=01;35:*.aac=00;36:*.au=00;36:*.flac=00;36:*.m4a=00;36:*.mid=00;36:*.midi=00;36:*.mka=00;36:*.mp3=00;36:*.mpc=00;36:*.ogg=00;36:*.ra=00;36:*.wav=00;36:*.oga=00;36:*.opus=00;36:*.spx=00;36:*.xspf=00;36:*~=00;90:*#=00;90:*.bak=00;90:*.crdownload=00;90:*.dpkg-dist=00;90:*.dpkg-new=00;90:*.dpkg-old=00;90:*.dpkg-tmp=00;90:*.old=00;90:*.orig=00;90:*.part=00;90:*.rej=00;90:*.rpmnew=00;90:*.rpmorig=00;90:*.rpmsave=00;90:*.swp=00;90:*.tmp=00;90:*.ucf-dist=00;90:*.ucf-new=00;90:*.ucf-old=00;90:', 'SSH_AUTH_SOCK': '/run/user/1000/keyring/ssh', 'AMENT_PREFIX_PATH': '/home/hun/YongYiHanYong/install/yolo_realsense:/home/hun/YongYiHanYong/install/interface_pkg:/home/hun/YongYiHanYong/install/llm_for_pick_place_voice:/opt/ros/jazzy', 'SHELL': '/bin/bash', 'TERMINATOR_UUID': 'urn:uuid:67c9869f-f13d-4ac4-b12a-f3533a42efdb', 'QT_ACCESSIBILITY': '1', 'GDMSESSION': 'ubuntu', 'LESSCLOSE': '/usr/bin/lesspipe %s %s', 'ROS_AUTOMATIC_DISCOVERY_RANGE': 'SUBNET', 'QT_IM_MODULE': 'ibus', 'PWD': '/home/hun/YongYiHanYong/build/yolo_depth_interfaces', 'LC_ALL': 'en_US.UTF-8', 'XDG_CONFIG_DIRS': '/etc/xdg/xdg-ubuntu:/etc/xdg', 'NVM_CD_FLAGS': '', 'XDG_DATA_DIRS': '/usr/share/ubuntu:/usr/share/gnome:/usr/local/share/:/usr/share/:/var/lib/snapd/desktop', 'PYTHONPATH': '/home/hun/YongYiHanYong/install/yolo_realsense/lib/python3.12/site-packages:/home/hun/YongYiHanYong/install/interface_pkg/lib/python3.12/site-packages:/home/hun/YongYiHanYong/build/llm_for_pick_place_voice:/home/hun/YongYiHanYong/install/llm_for_pick_place_voice/lib/python3.12/site-packages:/opt/ros/jazzy/lib/python3.12/site-packages', 'COLCON': '1', 'MEMORY_PRESSURE_WRITE': 'c29tZSAyMDAwMDAgMjAwMDAwMAA=', 'VTE_VERSION': '7600', 'CMAKE_PREFIX_PATH': '/home/hun/YongYiHanYong/install/interface_pkg:/opt/ros/jazzy/opt/gz_sim_vendor:/opt/ros/jazzy/opt/gz_sensors_vendor:/opt/ros/jazzy/opt/gz_physics_vendor:/opt/ros/jazzy/opt/sdformat_vendor:/opt/ros/jazzy/opt/gz_gui_vendor:/opt/ros/jazzy/opt/gz_transport_vendor:/opt/ros/jazzy/opt/gz_rendering_vendor:/opt/ros/jazzy/opt/gz_plugin_vendor:/opt/ros/jazzy/opt/gz_fuel_tools_vendor:/opt/ros/jazzy/opt/gz_msgs_vendor:/opt/ros/jazzy/opt/gz_common_vendor:/opt/ros/jazzy/opt/gz_math_vendor:/opt/ros/jazzy/opt/gz_utils_vendor:/opt/ros/jazzy/opt/gz_tools_vendor:/opt/ros/jazzy/opt/gz_ogre_next_vendor:/opt/ros/jazzy/opt/gz_dartsim_vendor:/opt/ros/jazzy/opt/gz_cmake_vendor'}), 'shell': False}
[0.061763] (interface_pkg) StdoutLine: {'line': b'-- Found ament_cmake: 2.5.4 (/opt/ros/jazzy/share/ament_cmake/cmake)\n'}
[0.092736] (interface_pkg) StdoutLine: {'line': b'-- Found Python3: /usr/bin/python3 (found version "3.12.3") found components: Interpreter \n'}
[0.099759] (-) TimerEvent: {}
[0.108410] (yolo_depth_interfaces) StdoutLine: {'line': b'-- The C compiler identification is GNU 13.3.0\n'}
[0.178489] (yolo_depth_interfaces) StdoutLine: {'line': b'-- The CXX compiler identification is GNU 13.3.0\n'}
[0.185803] (interface_pkg) StdoutLine: {'line': b'-- Found rosidl_default_generators: 1.6.0 (/opt/ros/jazzy/share/rosidl_default_generators/cmake)\n'}
[0.189297] (interface_pkg) StdoutLine: {'line': b'-- Using all available rosidl_typesupport_c: rosidl_typesupport_fastrtps_c;rosidl_typesupport_introspection_c\n'}
[0.199889] (-) TimerEvent: {}
[0.200182] (yolo_depth_interfaces) StdoutLine: {'line': b'-- Detecting C compiler ABI info\n'}
[0.237032] (interface_pkg) StdoutLine: {'line': b'-- Using all available rosidl_typesupport_cpp: rosidl_typesupport_fastrtps_cpp;rosidl_typesupport_introspection_cpp\n'}
[0.278269] (interface_pkg) StdoutLine: {'line': b'-- Found rosidl_adapter: 4.6.6 (/opt/ros/jazzy/share/rosidl_adapter/cmake)\n'}
[0.282110] (interface_pkg) StdoutLine: {'line': b'-- Found std_msgs: 5.3.6 (/opt/ros/jazzy/share/std_msgs/cmake)\n'}
[0.300006] (-) TimerEvent: {}
[0.311559] (yolo_depth_interfaces) StdoutLine: {'line': b'-- Detecting C compiler ABI info - done\n'}
[0.318061] (yolo_depth_interfaces) StdoutLine: {'line': b'-- Check for working C compiler: /usr/bin/cc - skipped\n'}
[0.318419] (yolo_depth_interfaces) StdoutLine: {'line': b'-- Detecting C compile features\n'}
[0.319352] (yolo_depth_interfaces) StdoutLine: {'line': b'-- Detecting C compile features - done\n'}
[0.330254] (yolo_depth_interfaces) StdoutLine: {'line': b'-- Detecting CXX compiler ABI info\n'}
[0.331099] (interface_pkg) StdoutLine: {'line': b'-- Found geometry_msgs: 5.3.6 (/opt/ros/jazzy/share/geometry_msgs/cmake)\n'}
[0.400100] (-) TimerEvent: {}
[0.446769] (yolo_depth_interfaces) StdoutLine: {'line': b'-- Detecting CXX compiler ABI info - done\n'}
[0.453803] (yolo_depth_interfaces) StdoutLine: {'line': b'-- Check for working CXX compiler: /usr/bin/c++ - skipped\n'}
[0.454120] (yolo_depth_interfaces) StdoutLine: {'line': b'-- Detecting CXX compile features\n'}
[0.454366] (yolo_depth_interfaces) StdoutLine: {'line': b'-- Detecting CXX compile features - done\n'}
[0.458062] (yolo_depth_interfaces) StdoutLine: {'line': b'-- Found ament_cmake: 2.5.4 (/opt/ros/jazzy/share/ament_cmake/cmake)\n'}
[0.500230] (-) TimerEvent: {}
[0.600504] (-) TimerEvent: {}
[0.649780] (yolo_depth_interfaces) StdoutLine: {'line': b'-- Found Python3: /usr/bin/python3 (found version "3.12.3") found components: Interpreter \n'}
[0.700637] (-) TimerEvent: {}
[0.713937] (interface_pkg) StdoutLine: {'line': b'-- Found ament_cmake_ros: 0.12.0 (/opt/ros/jazzy/share/ament_cmake_ros/cmake)\n'}
[0.742474] (yolo_realsense) Command: {'cmd': ['/usr/bin/python3', '-W', 'ignore:setup.py install is deprecated', '-W', 'ignore:easy_install command is deprecated', 'setup.py', 'egg_info', '--egg-base', '../../build/yolo_realsense', 'build', '--build-base', '/home/hun/YongYiHanYong/build/yolo_realsense/build', 'install', '--record', '/home/hun/YongYiHanYong/build/yolo_realsense/install.log', '--single-version-externally-managed', 'install_data'], 'cwd': '/home/hun/YongYiHanYong/src/yolo_realsense', 'env': {'LESSOPEN': '| /usr/bin/lesspipe %s', 'GZ_SIM_RESOURCE_PATH': '/opt/ros/jazzy/share', 'USER': 'hun', 'GZ_CONFIG_PATH': '/opt/ros/jazzy/opt/gz_sim_vendor/share/gz:/opt/ros/jazzy/opt/sdformat_vendor/share/gz:/opt/ros/jazzy/opt/gz_gui_vendor/share/gz:/opt/ros/jazzy/opt/gz_transport_vendor/share/gz:/opt/ros/jazzy/opt/gz_rendering_vendor/share/gz:/opt/ros/jazzy/opt/gz_plugin_vendor/share/gz:/opt/ros/jazzy/opt/gz_fuel_tools_vendor/share/gz:/opt/ros/jazzy/opt/gz_msgs_vendor/share/gz:/opt/ros/jazzy/opt/gz_common_vendor/share/gz', 'XDG_SESSION_TYPE': 'wayland', 'SHLVL': '1', 'LD_LIBRARY_PATH': '/home/hun/YongYiHanYong/install/interface_pkg/lib:/opt/ros/jazzy/opt/gz_sim_vendor/lib:/opt/ros/jazzy/opt/gz_sensors_vendor/lib:/opt/ros/jazzy/opt/gz_physics_vendor/lib:/opt/ros/jazzy/opt/sdformat_vendor/lib:/opt/ros/jazzy/opt/rviz_ogre_vendor/lib:/opt/ros/jazzy/lib/x86_64-linux-gnu:/opt/ros/jazzy/opt/gz_gui_vendor/lib:/opt/ros/jazzy/opt/gz_transport_vendor/lib:/opt/ros/jazzy/opt/gz_rendering_vendor/lib:/opt/ros/jazzy/opt/gz_plugin_vendor/lib:/opt/ros/jazzy/opt/gz_fuel_tools_vendor/lib:/opt/ros/jazzy/opt/gz_msgs_vendor/lib:/opt/ros/jazzy/opt/gz_common_vendor/lib:/opt/ros/jazzy/opt/gz_math_vendor/lib:/opt/ros/jazzy/opt/gz_utils_vendor/lib:/opt/ros/jazzy/opt/gz_tools_vendor/lib:/opt/ros/jazzy/opt/gz_ogre_next_vendor/lib:/opt/ros/jazzy/opt/gz_dartsim_vendor/lib:/opt/ros/jazzy/opt/gz_cmake_vendor/lib:/opt/ros/jazzy/lib', 'HOME': '/home/hun', 'OLDPWD': '/home/hun', 'DESKTOP_SESSION': 'ubuntu', 'NVM_BIN': '/home/hun/.nvm/versions/node/v24.11.1/bin', 'NVM_INC': '/home/hun/.nvm/versions/node/v24.11.1/include/node', 'ROS_PYTHON_VERSION': '3', 'GNOME_SHELL_SESSION_MODE': 'ubuntu', 'GTK_MODULES': 'gail:atk-bridge', 'MANAGERPID': '2265', 'SYSTEMD_EXEC_PID': '2940', 'GSM_SKIP_SSH_AGENT_WORKAROUND': 'true', 'DBUS_SESSION_BUS_ADDRESS': 'unix:path=/run/user/1000/bus', 'COLORTERM': 'truecolor', 'TERMINATOR_DBUS_NAME': 'net.tenshu.Terminator25ef4b219e3b005583550f2b0f9f990c3', 'GIO_LAUNCHED_DESKTOP_FILE_PID': '4489', 'GNOME_KEYRING_CONTROL': '/run/user/1000/keyring', 'NVM_DIR': '/home/hun/.nvm', 'DEBUGINFOD_URLS': 'https://debuginfod.ubuntu.com', 'IM_CONFIG_PHASE': '1', 'WAYLAND_DISPLAY': 'wayland-0', 'COLCON_PREFIX_PATH': '/home/hun/YongYiHanYong/install', 'ROS_DISTRO': 'jazzy', 'LOGNAME': 'hun', 'JOURNAL_STREAM': '9:21874', '_': '/usr/bin/colcon', 'ROS_VERSION': '2', 'MEMORY_PRESSURE_WATCH': '/sys/fs/cgroup/user.slice/user-1000.slice/user@1000.service/session.slice/org.gnome.SettingsDaemon.MediaKeys.service/memory.pressure', 'XDG_SESSION_CLASS': 'user', 'USERNAME': 'hun', 'TERM': 'xterm-256color', 'GNOME_DESKTOP_SESSION_ID': 'this-is-deprecated', 'PATH': '/home/hun/.nvm/versions/node/v24.11.1/bin:/opt/ros/jazzy/opt/gz_msgs_vendor/bin:/opt/ros/jazzy/opt/gz_tools_vendor/bin:/opt/ros/jazzy/opt/gz_ogre_next_vendor/bin:/opt/ros/jazzy/bin:/home/hun/.local/bin:/usr/local/sbin:/usr/local/bin:/usr/sbin:/usr/bin:/sbin:/bin:/usr/games:/usr/local/games:/snap/bin:/snap/bin', 'SESSION_MANAGER': 'local/airos:@/tmp/.ICE-unix/2692,unix/airos:/tmp/.ICE-unix/2692', 'INVOCATION_ID': '4cd9f93c642348feae55c242511447f4', 'XDG_MENU_PREFIX': 'gnome-', 'GNOME_SETUP_DISPLAY': ':1', 'XDG_RUNTIME_DIR': '/run/user/1000', 'DISPLAY': ':0', 'TERMINATOR_DBUS_PATH': '/net/tenshu/Terminator2', 'LANG': 'en_US.UTF-8', 'XDG_CURRENT_DESKTOP': 'ubuntu:GNOME', 'XMODIFIERS': '@im=ibus', 'XDG_SESSION_DESKTOP': 'ubuntu', 'XAUTHORITY': '/run/user/1000/.mutter-Xwaylandauth.5SXRG3', 'LS_COLORS': 'rs=0:di=01;34:ln=01;36:mh=00:pi=40;33:so=01;35:do=01;35:bd=40;33;01:cd=40;33;01:or=40;31;01:mi=00:su=37;41:sg=30;43:ca=00:tw=30;42:ow=34;42:st=37;44:ex=01;32:*.tar=01;31:*.tgz=01;31:*.arc=01;31:*.arj=01;31:*.taz=01;31:*.lha=01;31:*.lz4=01;31:*.lzh=01;31:*.lzma=01;31:*.tlz=01;31:*.txz=01;31:*.tzo=01;31:*.t7z=01;31:*.zip=01;31:*.z=01;31:*.dz=01;31:*.gz=01;31:*.lrz=01;31:*.lz=01;31:*.lzo=01;31:*.xz=01;31:*.zst=01;31:*.tzst=01;31:*.bz2=01;31:*.bz=01;31:*.tbz=01;31:*.tbz2=01;31:*.tz=01;31:*.deb=01;31:*.rpm=01;31:*.jar=01;31:*.war=01;31:*.ear=01;31:*.sar=01;31:*.rar=01;31:*.alz=01;31:*.ace=01;31:*.zoo=01;31:*.cpio=01;31:*.7z=01;31:*.rz=01;31:*.cab=01;31:*.wim=01;31:*.swm=01;31:*.dwm=01;31:*.esd=01;31:*.avif=01;35:*.jpg=01;35:*.jpeg=01;35:*.mjpg=01;35:*.mjpeg=01;35:*.gif=01;35:*.bmp=01;35:*.pbm=01;35:*.pgm=01;35:*.ppm=01;35:*.tga=01;35:*.xbm=01;35:*.xpm=01;35:*.tif=01;35:*.tiff=01;35:*.png=01;35:*.svg=01;35:*.svgz=01;35:*.mng=01;35:*.pcx=01;35:*.mov=01;35:*.mpg=01;35:*.mpeg=01;35:*.m2v=01;35:*.mkv=01;35:*.webm=01;35:*.webp=01;35:*.ogm=01;35:*.mp4=01;35:*.m4v=01;35:*.mp4v=01;35:*.vob=01;35:*.qt=01;35:*.nuv=01;35:*.wmv=01;35:*.asf=01;35:*.rm=01;35:*.rmvb=01;35:*.flc=01;35:*.avi=01;35:*.fli=01;35:*.flv=01;35:*.gl=01;35:*.dl=01;35:*.xcf=01;35:*.xwd=01;35:*.yuv=01;35:*.cgm=01;35:*.emf=01;35:*.ogv=01;35:*.ogx=01;35:*.aac=00;36:*.au=00;36:*.flac=00;36:*.m4a=00;36:*.mid=00;36:*.midi=00;36:*.mka=00;36:*.mp3=00;36:*.mpc=00;36:*.ogg=00;36:*.ra=00;36:*.wav=00;36:*.oga=00;36:*.opus=00;36:*.spx=00;36:*.xspf=00;36:*~=00;90:*#=00;90:*.bak=00;90:*.crdownload=00;90:*.dpkg-dist=00;90:*.dpkg-new=00;90:*.dpkg-old=00;90:*.dpkg-tmp=00;90:*.old=00;90:*.orig=00;90:*.part=00;90:*.rej=00;90:*.rpmnew=00;90:*.rpmorig=00;90:*.rpmsave=00;90:*.swp=00;90:*.tmp=00;90:*.ucf-dist=00;90:*.ucf-new=00;90:*.ucf-old=00;90:', 'SSH_AUTH_SOCK': '/run/user/1000/keyring/ssh', 'AMENT_PREFIX_PATH': '/home/hun/YongYiHanYong/install/yolo_realsense:/home/hun/YongYiHanYong/install/interface_pkg:/home/hun/YongYiHanYong/install/llm_for_pick_place_voice:/opt/ros/jazzy', 'SHELL': '/bin/bash', 'TERMINATOR_UUID': 'urn:uuid:67c9869f-f13d-4ac4-b12a-f3533a42efdb', 'QT_ACCESSIBILITY': '1', 'GDMSESSION': 'ubuntu', 'LESSCLOSE': '/usr/bin/lesspipe %s %s', 'ROS_AUTOMATIC_DISCOVERY_RANGE': 'SUBNET', 'QT_IM_MODULE': 'ibus', 'PWD': '/home/hun/YongYiHanYong/build/yolo_realsense', 'LC_ALL': 'en_US.UTF-8', 'XDG_CONFIG_DIRS': '/etc/xdg/xdg-ubuntu:/etc/xdg', 'NVM_CD_FLAGS': '', 'XDG_DATA_DIRS': '/usr/share/ubuntu:/usr/share/gnome:/usr/local/share/:/usr/share/:/var/lib/snapd/desktop', 'PYTHONPATH': '/home/hun/YongYiHanYong/build/yolo_realsense/prefix_override:/usr/lib/python3/dist-packages/colcon_core/task/python/colcon_distutils_commands:/home/hun/YongYiHanYong/install/yolo_realsense/lib/python3.12/site-packages:/home/hun/YongYiHanYong/install/yolo_realsense/lib/python3.12/site-packages:/home/hun/YongYiHanYong/install/interface_pkg/lib/python3.12/site-packages:/home/hun/YongYiHanYong/build/llm_for_pick_place_voice:/home/hun/YongYiHanYong/install/llm_for_pick_place_voice/lib/python3.12/site-packages:/opt/ros/jazzy/lib/python3.12/site-packages', 'COLCON': '1', 'MEMORY_PRESSURE_WRITE': 'c29tZSAyMDAwMDAgMjAwMDAwMAA=', 'VTE_VERSION': '7600', 'CMAKE_PREFIX_PATH': '/home/hun/YongYiHanYong/install/interface_pkg:/opt/ros/jazzy/opt/gz_sim_vendor:/opt/ros/jazzy/opt/gz_sensors_vendor:/opt/ros/jazzy/opt/gz_physics_vendor:/opt/ros/jazzy/opt/sdformat_vendor:/opt/ros/jazzy/opt/gz_gui_vendor:/opt/ros/jazzy/opt/gz_transport_vendor:/opt/ros/jazzy/opt/gz_rendering_vendor:/opt/ros/jazzy/opt/gz_plugin_vendor:/opt/ros/jazzy/opt/gz_fuel_tools_vendor:/opt/ros/jazzy/opt/gz_msgs_vendor:/opt/ros/jazzy/opt/gz_common_vendor:/opt/ros/jazzy/opt/gz_math_vendor:/opt/ros/jazzy/opt/gz_utils_vendor:/opt/ros/jazzy/opt/gz_tools_vendor:/opt/ros/jazzy/opt/gz_ogre_next_vendor:/opt/ros/jazzy/opt/gz_dartsim_vendor:/opt/ros/jazzy/opt/gz_cmake_vendor'}, 'shell': False}
[0.778844] (yolo_depth_interfaces) StdoutLine: {'line': b'-- Found rosidl_default_generators: 1.6.0 (/opt/ros/jazzy/share/rosidl_default_generators/cmake)\n'}
[0.786568] (yolo_depth_interfaces) StdoutLine: {'line': b'-- Using all available rosidl_typesupport_c: rosidl_typesupport_fastrtps_c;rosidl_typesupport_introspection_c\n'}
[0.800776] (-) TimerEvent: {}
[0.836595] (yolo_depth_interfaces) StdoutLine: {'line': b'-- Using all available rosidl_typesupport_cpp: rosidl_typesupport_fastrtps_cpp;rosidl_typesupport_introspection_cpp\n'}
[0.866398] (interface_pkg) StdoutLine: {'line': b'-- Using all available rosidl_typesupport_c: rosidl_typesupport_fastrtps_c;rosidl_typesupport_introspection_c\n'}
[0.878091] (yolo_depth_interfaces) StdoutLine: {'line': b'-- Found rosidl_adapter: 4.6.6 (/opt/ros/jazzy/share/rosidl_adapter/cmake)\n'}
[0.881389] (yolo_depth_interfaces) StdoutLine: {'line': b'-- Found std_msgs: 5.3.6 (/opt/ros/jazzy/share/std_msgs/cmake)\n'}
[0.900903] (-) TimerEvent: {}
[0.916673] (yolo_depth_interfaces) StdoutLine: {'line': b'-- Found geometry_msgs: 5.3.6 (/opt/ros/jazzy/share/geometry_msgs/cmake)\n'}
[1.001014] (-) TimerEvent: {}
[1.060099] (interface_pkg) StdoutLine: {'line': b'-- Using all available rosidl_typesupport_cpp: rosidl_typesupport_fastrtps_cpp;rosidl_typesupport_introspection_cpp\n'}
[1.062452] (interface_pkg) StdoutLine: {'line': b'-- Found python_cmake_module: 0.11.1 (/opt/ros/jazzy/share/python_cmake_module/cmake)\n'}
[1.101073] (-) TimerEvent: {}
[1.201366] (-) TimerEvent: {}
[1.221262] (yolo_realsense) StdoutLine: {'line': b'running egg_info\n'}
[1.259524] (yolo_realsense) StdoutLine: {'line': b'writing ../../build/yolo_realsense/yolo_realsense.egg-info/PKG-INFO\n'}
[1.259783] (yolo_realsense) StdoutLine: {'line': b'writing dependency_links to ../../build/yolo_realsense/yolo_realsense.egg-info/dependency_links.txt\n'}
[1.260163] (yolo_realsense) StdoutLine: {'line': b'writing entry points to ../../build/yolo_realsense/yolo_realsense.egg-info/entry_points.txt\n'}
[1.260413] (yolo_realsense) StdoutLine: {'line': b'writing requirements to ../../build/yolo_realsense/yolo_realsense.egg-info/requires.txt\n'}
[1.260541] (yolo_realsense) StdoutLine: {'line': b'writing top-level names to ../../build/yolo_realsense/yolo_realsense.egg-info/top_level.txt\n'}
[1.301454] (-) TimerEvent: {}
[1.337312] (yolo_realsense) StdoutLine: {'line': b"reading manifest file '../../build/yolo_realsense/yolo_realsense.egg-info/SOURCES.txt'\n"}
[1.340061] (yolo_realsense) StdoutLine: {'line': b"writing manifest file '../../build/yolo_realsense/yolo_realsense.egg-info/SOURCES.txt'\n"}
[1.341767] (yolo_realsense) StdoutLine: {'line': b'running build\n'}
[1.341915] (yolo_realsense) StdoutLine: {'line': b'running build_py\n'}
[1.342036] (yolo_realsense) StdoutLine: {'line': b'copying yolo_realsense/priority_object.py -> /home/hun/YongYiHanYong/build/yolo_realsense/build/lib/yolo_realsense\n'}
[1.342142] (yolo_realsense) StdoutLine: {'line': b'running install\n'}
[1.357740] (yolo_realsense) StdoutLine: {'line': b'running install_lib\n'}
[1.401551] (-) TimerEvent: {}
[1.409786] (yolo_realsense) StdoutLine: {'line': b'copying /home/hun/YongYiHanYong/build/yolo_realsense/build/lib/yolo_realsense/priority_object.py -> /home/hun/YongYiHanYong/install/yolo_realsense/lib/python3.12/site-packages/yolo_realsense\n'}
[1.410711] (yolo_realsense) StdoutLine: {'line': b'byte-compiling /home/hun/YongYiHanYong/install/yolo_realsense/lib/python3.12/site-packages/yolo_realsense/priority_object.py to priority_object.cpython-312.pyc\n'}
[1.418474] (yolo_realsense) StdoutLine: {'line': b'running install_data\n'}
[1.418768] (yolo_realsense) StdoutLine: {'line': b'running install_egg_info\n'}
[1.423373] (interface_pkg) StdoutLine: {'line': b'-- Found Python3: /usr/bin/python3 (found version "3.12.3") found components: Interpreter Development NumPy Development.Module Development.Embed \n'}
[1.449210] (interface_pkg) StdoutLine: {'line': b'-- Found ament_lint_auto: 0.17.3 (/opt/ros/jazzy/share/ament_lint_auto/cmake)\n'}
[1.453531] (yolo_realsense) StdoutLine: {'line': b"removing '/home/hun/YongYiHanYong/install/yolo_realsense/lib/python3.12/site-packages/yolo_realsense-0.0.0-py3.12.egg-info' (and everything under it)\n"}
[1.453772] (yolo_realsense) StdoutLine: {'line': b'Copying ../../build/yolo_realsense/yolo_realsense.egg-info to /home/hun/YongYiHanYong/install/yolo_realsense/lib/python3.12/site-packages/yolo_realsense-0.0.0-py3.12.egg-info\n'}
[1.454149] (yolo_realsense) StdoutLine: {'line': b'running install_scripts\n'}
[1.468358] (interface_pkg) StdoutLine: {'line': b"-- Added test 'lint_cmake' to check CMake code style\n"}
[1.469994] (interface_pkg) StdoutLine: {'line': b"-- Added test 'xmllint' to check XML markup files\n"}
[1.473393] (interface_pkg) StdoutLine: {'line': b'-- Configuring done (1.4s)\n'}
[1.501655] (-) TimerEvent: {}
[1.527862] (interface_pkg) StdoutLine: {'line': b'-- Generating done (0.0s)\n'}
[1.545162] (interface_pkg) StdoutLine: {'line': b'-- Build files have been written to: /home/hun/YongYiHanYong/build/interface_pkg\n'}
[1.558731] (yolo_realsense) StdoutLine: {'line': b'Installing picxel2world script to /home/hun/YongYiHanYong/install/yolo_realsense/lib/yolo_realsense\n'}
[1.559029] (yolo_realsense) StdoutLine: {'line': b'Installing priority_object script to /home/hun/YongYiHanYong/install/yolo_realsense/lib/yolo_realsense\n'}
[1.559245] (yolo_realsense) StdoutLine: {'line': b'Installing world_trigger script to /home/hun/YongYiHanYong/install/yolo_realsense/lib/yolo_realsense\n'}
[1.559429] (yolo_realsense) StdoutLine: {'line': b'Installing yolo_depth_viewer script to /home/hun/YongYiHanYong/install/yolo_realsense/lib/yolo_realsense\n'}
[1.559518] (yolo_realsense) StdoutLine: {'line': b'Installing yolo_result_publisher script to /home/hun/YongYiHanYong/install/yolo_realsense/lib/yolo_realsense\n'}
[1.560036] (yolo_realsense) StdoutLine: {'line': b"writing list of installed files to '/home/hun/YongYiHanYong/build/yolo_realsense/install.log'\n"}
[1.590425] (yolo_realsense) CommandEnded: {'returncode': 0}
[1.595383] (interface_pkg) StdoutLine: {'line': b'[  2%] \x1b[34m\x1b[1mGenerating type hashes for ROS interfaces\x1b[0m\n'}
[1.601938] (-) TimerEvent: {}
[1.605523] (yolo_realsense) JobEnded: {'identifier': 'yolo_realsense', 'rc': 0}
[1.610514] (interface_pkg) StdoutLine: {'line': b'[  2%] Built target ament_cmake_python_copy_interface_pkg\n'}
[1.686355] (yolo_depth_interfaces) StdoutLine: {'line': b'-- Found ament_cmake_ros: 0.12.0 (/opt/ros/jazzy/share/ament_cmake_ros/cmake)\n'}
[1.702050] (-) TimerEvent: {}
[1.792866] (interface_pkg) StdoutLine: {'line': b'[  2%] Built target interface_pkg__rosidl_generator_type_description\n'}
[1.802192] (-) TimerEvent: {}
[1.808190] (interface_pkg) StdoutLine: {'line': b'[  4%] \x1b[34m\x1b[1mGenerating C code for ROS interfaces\x1b[0m\n'}
[1.822306] (interface_pkg) StdoutLine: {'line': b'[  6%] \x1b[34m\x1b[1mGenerating C++ code for ROS interfaces\x1b[0m\n'}
[1.850102] (interface_pkg) StdoutLine: {'line': b'running egg_info\n'}
[1.891084] (interface_pkg) StdoutLine: {'line': b'writing interface_pkg.egg-info/PKG-INFO\n'}
[1.891414] (interface_pkg) StdoutLine: {'line': b'writing dependency_links to interface_pkg.egg-info/dependency_links.txt\n'}
[1.891661] (interface_pkg) StdoutLine: {'line': b'writing top-level names to interface_pkg.egg-info/top_level.txt\n'}
[1.902284] (-) TimerEvent: {}
[2.002536] (-) TimerEvent: {}
[2.010109] (interface_pkg) StdoutLine: {'line': b"reading manifest file 'interface_pkg.egg-info/SOURCES.txt'\n"}
[2.011043] (interface_pkg) StdoutLine: {'line': b"writing manifest file 'interface_pkg.egg-info/SOURCES.txt'\n"}
[2.048432] (interface_pkg) StdoutLine: {'line': b'[  6%] Built target ament_cmake_python_build_interface_pkg_egg\n'}
[2.100526] (interface_pkg) StdoutLine: {'line': b'[  6%] Built target interface_pkg__cpp\n'}
[2.102660] (-) TimerEvent: {}
[2.202943] (-) TimerEvent: {}
[2.261247] (interface_pkg) StdoutLine: {'line': b'[  9%] \x1b[32mBuilding C object CMakeFiles/interface_pkg__rosidl_generator_c.dir/rosidl_generator_c/interface_pkg/srv/detail/string_to_string__description.c.o\x1b[0m\n'}
[2.266397] (interface_pkg) StdoutLine: {'line': b'[ 20%] \x1b[32mBuilding C object CMakeFiles/interface_pkg__rosidl_generator_c.dir/rosidl_generator_c/interface_pkg/srv/detail/get_target_point__type_support.c.o\x1b[0m\n'}
[2.266647] (interface_pkg) StdoutLine: {'line': b'[ 20%] \x1b[32mBuilding C object CMakeFiles/interface_pkg__rosidl_generator_c.dir/rosidl_generator_c/interface_pkg/srv/detail/get_target_point__functions.c.o\x1b[0m\n'}
[2.266765] (interface_pkg) StdoutLine: {'line': b'[ 20%] \x1b[32mBuilding C object CMakeFiles/interface_pkg__rosidl_generator_c.dir/rosidl_generator_c/interface_pkg/srv/detail/get_target_point__description.c.o\x1b[0m\n'}
[2.266882] (interface_pkg) StdoutLine: {'line': b'[ 20%] \x1b[32mBuilding C object CMakeFiles/interface_pkg__rosidl_generator_c.dir/rosidl_generator_c/interface_pkg/srv/detail/string_to_string__functions.c.o\x1b[0m\n'}
[2.267014] (interface_pkg) StdoutLine: {'line': b'[ 20%] \x1b[32mBuilding C object CMakeFiles/interface_pkg__rosidl_generator_c.dir/rosidl_generator_c/interface_pkg/srv/detail/string_to_string__type_support.c.o\x1b[0m\n'}
[2.303038] (-) TimerEvent: {}
[2.357953] (interface_pkg) StdoutLine: {'line': b'[ 22%] \x1b[32m\x1b[1mLinking C shared library libinterface_pkg__rosidl_generator_c.so\x1b[0m\n'}
[2.366262] (yolo_depth_interfaces) StdoutLine: {'line': b'-- Using all available rosidl_typesupport_c: rosidl_typesupport_fastrtps_c;rosidl_typesupport_introspection_c\n'}
[2.398507] (interface_pkg) StdoutLine: {'line': b'[ 22%] Built target interface_pkg__rosidl_generator_c\n'}
[2.403170] (-) TimerEvent: {}
[2.408605] (interface_pkg) StdoutLine: {'line': b'[ 25%] \x1b[34m\x1b[1mGenerating C++ type support dispatch for ROS interfaces\x1b[0m\n'}
[2.410604] (interface_pkg) StdoutLine: {'line': b'[ 27%] \x1b[34m\x1b[1mGenerating C++ type support for eProsima Fast-RTPS\x1b[0m\n'}
[2.412074] (interface_pkg) StdoutLine: {'line': b'[ 29%] \x1b[34m\x1b[1mGenerating C type support dispatch for ROS interfaces\x1b[0m\n'}
[2.412393] (interface_pkg) StdoutLine: {'line': b'[ 34%] \x1b[34m\x1b[1mGenerating C introspection for ROS interfaces\x1b[0m\n'}
[2.412544] (interface_pkg) StdoutLine: {'line': b'[ 34%] \x1b[34m\x1b[1mGenerating C type support for eProsima Fast-RTPS\x1b[0m\n'}
[2.413000] (interface_pkg) StdoutLine: {'line': b'[ 36%] \x1b[34m\x1b[1mGenerating C++ introspection for ROS interfaces\x1b[0m\n'}
[2.503258] (-) TimerEvent: {}
[2.603510] (-) TimerEvent: {}
[2.695228] (interface_pkg) StdoutLine: {'line': b'[ 40%] \x1b[32mBuilding CXX object CMakeFiles/interface_pkg__rosidl_typesupport_cpp.dir/rosidl_typesupport_cpp/interface_pkg/srv/get_target_point__type_support.cpp.o\x1b[0m\n'}
[2.695464] (interface_pkg) StdoutLine: {'line': b'[ 40%] \x1b[32mBuilding CXX object CMakeFiles/interface_pkg__rosidl_typesupport_cpp.dir/rosidl_typesupport_cpp/interface_pkg/srv/string_to_string__type_support.cpp.o\x1b[0m\n'}
[2.703617] (-) TimerEvent: {}
[2.746093] (interface_pkg) StdoutLine: {'line': b'[ 43%] \x1b[32mBuilding C object CMakeFiles/interface_pkg__rosidl_typesupport_introspection_c.dir/rosidl_typesupport_introspection_c/interface_pkg/srv/detail/string_to_string__type_support.c.o\x1b[0m\n'}
[2.746271] (interface_pkg) StdoutLine: {'line': b'[ 45%] \x1b[32mBuilding C object CMakeFiles/interface_pkg__rosidl_typesupport_introspection_c.dir/rosidl_typesupport_introspection_c/interface_pkg/srv/detail/get_target_point__type_support.c.o\x1b[0m\n'}
[2.746349] (interface_pkg) StdoutLine: {'line': b'[ 50%] \x1b[32mBuilding CXX object CMakeFiles/interface_pkg__rosidl_typesupport_c.dir/rosidl_typesupport_c/interface_pkg/srv/string_to_string__type_support.cpp.o\x1b[0m\n'}
[2.746414] (interface_pkg) StdoutLine: {'line': b'[ 50%] \x1b[32mBuilding CXX object CMakeFiles/interface_pkg__rosidl_typesupport_c.dir/rosidl_typesupport_c/interface_pkg/srv/get_target_point__type_support.cpp.o\x1b[0m\n'}
[2.803775] (interface_pkg) StdoutLine: {'line': b'[ 52%] \x1b[32m\x1b[1mLinking CXX shared library libinterface_pkg__rosidl_typesupport_c.so\x1b[0m\n'}
[2.803950] (-) TimerEvent: {}
[2.807540] (interface_pkg) StdoutLine: {'line': b'[ 54%] \x1b[32m\x1b[1mLinking C shared library libinterface_pkg__rosidl_typesupport_introspection_c.so\x1b[0m\n'}
[2.844026] (interface_pkg) StdoutLine: {'line': b'[ 54%] Built target interface_pkg__rosidl_typesupport_introspection_c\n'}
[2.848716] (interface_pkg) StdoutLine: {'line': b'[ 56%] \x1b[32mBuilding CXX object CMakeFiles/interface_pkg__rosidl_typesupport_introspection_cpp.dir/rosidl_typesupport_introspection_cpp/interface_pkg/srv/detail/get_target_point__type_support.cpp.o\x1b[0m\n'}
[2.849471] (interface_pkg) StdoutLine: {'line': b'[ 56%] Built target interface_pkg__rosidl_typesupport_c\n'}
[2.851707] (interface_pkg) StdoutLine: {'line': b'[ 59%] \x1b[32mBuilding CXX object CMakeFiles/interface_pkg__rosidl_typesupport_introspection_cpp.dir/rosidl_typesupport_introspection_cpp/interface_pkg/srv/detail/string_to_string__type_support.cpp.o\x1b[0m\n'}
[2.904057] (-) TimerEvent: {}
[2.947785] (interface_pkg) StdoutLine: {'line': b'[ 61%] \x1b[32mBuilding CXX object CMakeFiles/interface_pkg__rosidl_typesupport_fastrtps_cpp.dir/rosidl_typesupport_fastrtps_cpp/interface_pkg/srv/detail/dds_fastrtps/get_target_point__type_support.cpp.o\x1b[0m\n'}
[2.949572] (interface_pkg) StdoutLine: {'line': b'[ 63%] \x1b[32mBuilding CXX object CMakeFiles/interface_pkg__rosidl_typesupport_fastrtps_cpp.dir/rosidl_typesupport_fastrtps_cpp/interface_pkg/srv/detail/dds_fastrtps/string_to_string__type_support.cpp.o\x1b[0m\n'}
[2.972651] (interface_pkg) StdoutLine: {'line': b'[ 65%] \x1b[32mBuilding CXX object CMakeFiles/interface_pkg__rosidl_typesupport_fastrtps_c.dir/rosidl_typesupport_fastrtps_c/interface_pkg/srv/detail/string_to_string__type_support_c.cpp.o\x1b[0m\n'}
[2.973179] (interface_pkg) StdoutLine: {'line': b'[ 68%] \x1b[32mBuilding CXX object CMakeFiles/interface_pkg__rosidl_typesupport_fastrtps_c.dir/rosidl_typesupport_fastrtps_c/interface_pkg/srv/detail/get_target_point__type_support_c.cpp.o\x1b[0m\n'}
[3.004155] (-) TimerEvent: {}
[3.104443] (-) TimerEvent: {}
[3.204736] (-) TimerEvent: {}
[3.279416] (interface_pkg) StdoutLine: {'line': b'[ 70%] \x1b[32m\x1b[1mLinking CXX shared library libinterface_pkg__rosidl_typesupport_cpp.so\x1b[0m\n'}
[3.301225] (yolo_depth_interfaces) StdoutLine: {'line': b'-- Using all available rosidl_typesupport_cpp: rosidl_typesupport_fastrtps_cpp;rosidl_typesupport_introspection_cpp\n'}
[3.304866] (-) TimerEvent: {}
[3.308518] (yolo_depth_interfaces) StdoutLine: {'line': b'-- Found python_cmake_module: 0.11.1 (/opt/ros/jazzy/share/python_cmake_module/cmake)\n'}
[3.402490] (interface_pkg) StdoutLine: {'line': b'[ 70%] Built target interface_pkg__rosidl_typesupport_cpp\n'}
[3.404980] (-) TimerEvent: {}
[3.500544] (interface_pkg) StdoutLine: {'line': b'[ 72%] \x1b[32m\x1b[1mLinking CXX shared library libinterface_pkg__rosidl_typesupport_introspection_cpp.so\x1b[0m\n'}
[3.505025] (-) TimerEvent: {}
[3.507097] (yolo_depth_interfaces) StdoutLine: {'line': b'-- Found PythonExtra: /usr/bin/python3  \n'}
[3.592686] (interface_pkg) StdoutLine: {'line': b'[ 75%] \x1b[32m\x1b[1mLinking CXX shared library libinterface_pkg__rosidl_typesupport_fastrtps_c.so\x1b[0m\n'}
[3.604442] (interface_pkg) StdoutLine: {'line': b'[ 75%] Built target interface_pkg__rosidl_typesupport_introspection_cpp\n'}
[3.605095] (-) TimerEvent: {}
[3.683305] (interface_pkg) StdoutLine: {'line': b'[ 75%] Built target interface_pkg__rosidl_typesupport_fastrtps_c\n'}
[3.705253] (-) TimerEvent: {}
[3.729170] (interface_pkg) StdoutLine: {'line': b'[ 77%] \x1b[32m\x1b[1mLinking CXX shared library libinterface_pkg__rosidl_typesupport_fastrtps_cpp.so\x1b[0m\n'}
[3.805347] (-) TimerEvent: {}
[3.810168] (interface_pkg) StdoutLine: {'line': b'[ 77%] Built target interface_pkg__rosidl_typesupport_fastrtps_cpp\n'}
[3.824789] (interface_pkg) StdoutLine: {'line': b'[ 77%] Built target interface_pkg\n'}
[3.840441] (interface_pkg) StdoutLine: {'line': b'[ 79%] \x1b[34m\x1b[1mGenerating Python code for ROS interfaces\x1b[0m\n'}
[3.905442] (-) TimerEvent: {}
[4.005696] (-) TimerEvent: {}
[4.106069] (-) TimerEvent: {}
[4.175104] (yolo_depth_interfaces) StdoutLine: {'line': b'-- Found Python3: /usr/bin/python3 (found version "3.12.3") found components: Interpreter Development NumPy Development.Module Development.Embed \n'}
[4.206154] (-) TimerEvent: {}
[4.229835] (yolo_depth_interfaces) StdoutLine: {'line': b'-- Configuring done (4.2s)\n'}
[4.263524] (yolo_depth_interfaces) StdoutLine: {'line': b'-- Generating done (0.0s)\n'}
[4.265121] (yolo_depth_interfaces) StderrLine: {'line': b'\x1b[33mCMake Warning:\n'}
[4.265270] (yolo_depth_interfaces) StderrLine: {'line': b'  Manually-specified variables were not used by the project:\n'}
[4.265338] (yolo_depth_interfaces) StderrLine: {'line': b'\n'}
[4.265395] (yolo_depth_interfaces) StderrLine: {'line': b'    CATKIN_INSTALL_INTO_PREFIX_ROOT\n'}
[4.265452] (yolo_depth_interfaces) StderrLine: {'line': b'\n'}
[4.265509] (yolo_depth_interfaces) StderrLine: {'line': b'\x1b[0m\n'}
[4.272699] (yolo_depth_interfaces) StdoutLine: {'line': b'-- Build files have been written to: /home/hun/YongYiHanYong/build/yolo_depth_interfaces\n'}
[4.280818] (yolo_depth_interfaces) CommandEnded: {'returncode': 0}
[4.281858] (yolo_depth_interfaces) JobProgress: {'identifier': 'yolo_depth_interfaces', 'progress': 'build'}
[4.281892] (yolo_depth_interfaces) Command: {'cmd': ['/usr/bin/cmake', '--build', '/home/hun/YongYiHanYong/build/yolo_depth_interfaces', '--', '-j12', '-l12'], 'cwd': '/home/hun/YongYiHanYong/build/yolo_depth_interfaces', 'env': OrderedDict({'LESSOPEN': '| /usr/bin/lesspipe %s', 'GZ_SIM_RESOURCE_PATH': '/opt/ros/jazzy/share', 'USER': 'hun', 'GZ_CONFIG_PATH': '/opt/ros/jazzy/opt/gz_sim_vendor/share/gz:/opt/ros/jazzy/opt/sdformat_vendor/share/gz:/opt/ros/jazzy/opt/gz_gui_vendor/share/gz:/opt/ros/jazzy/opt/gz_transport_vendor/share/gz:/opt/ros/jazzy/opt/gz_rendering_vendor/share/gz:/opt/ros/jazzy/opt/gz_plugin_vendor/share/gz:/opt/ros/jazzy/opt/gz_fuel_tools_vendor/share/gz:/opt/ros/jazzy/opt/gz_msgs_vendor/share/gz:/opt/ros/jazzy/opt/gz_common_vendor/share/gz', 'XDG_SESSION_TYPE': 'wayland', 'SHLVL': '1', 'LD_LIBRARY_PATH': '/home/hun/YongYiHanYong/install/interface_pkg/lib:/opt/ros/jazzy/opt/gz_sim_vendor/lib:/opt/ros/jazzy/opt/gz_sensors_vendor/lib:/opt/ros/jazzy/opt/gz_physics_vendor/lib:/opt/ros/jazzy/opt/sdformat_vendor/lib:/opt/ros/jazzy/opt/rviz_ogre_vendor/lib:/opt/ros/jazzy/lib/x86_64-linux-gnu:/opt/ros/jazzy/opt/gz_gui_vendor/lib:/opt/ros/jazzy/opt/gz_transport_vendor/lib:/opt/ros/jazzy/opt/gz_rendering_vendor/lib:/opt/ros/jazzy/opt/gz_plugin_vendor/lib:/opt/ros/jazzy/opt/gz_fuel_tools_vendor/lib:/opt/ros/jazzy/opt/gz_msgs_vendor/lib:/opt/ros/jazzy/opt/gz_common_vendor/lib:/opt/ros/jazzy/opt/gz_math_vendor/lib:/opt/ros/jazzy/opt/gz_utils_vendor/lib:/opt/ros/jazzy/opt/gz_tools_vendor/lib:/opt/ros/jazzy/opt/gz_ogre_next_vendor/lib:/opt/ros/jazzy/opt/gz_dartsim_vendor/lib:/opt/ros/jazzy/opt/gz_cmake_vendor/lib:/opt/ros/jazzy/lib', 'HOME': '/home/hun', 'OLDPWD': '/home/hun', 'DESKTOP_SESSION': 'ubuntu', 'NVM_BIN': '/home/hun/.nvm/versions/node/v24.11.1/bin', 'NVM_INC': '/home/hun/.nvm/versions/node/v24.11.1/include/node', 'ROS_PYTHON_VERSION': '3', 'GNOME_SHELL_SESSION_MODE': 'ubuntu', 'GTK_MODULES': 'gail:atk-bridge', 'MANAGERPID': '2265', 'SYSTEMD_EXEC_PID': '2940', 'GSM_SKIP_SSH_AGENT_WORKAROUND': 'true', 'DBUS_SESSION_BUS_ADDRESS': 'unix:path=/run/user/1000/bus', 'COLORTERM': 'truecolor', 'TERMINATOR_DBUS_NAME': 'net.tenshu.Terminator25ef4b219e3b005583550f2b0f9f990c3', 'GIO_LAUNCHED_DESKTOP_FILE_PID': '4489', 'GNOME_KEYRING_CONTROL': '/run/user/1000/keyring', 'NVM_DIR': '/home/hun/.nvm', 'DEBUGINFOD_URLS': 'https://debuginfod.ubuntu.com', 'IM_CONFIG_PHASE': '1', 'WAYLAND_DISPLAY': 'wayland-0', 'COLCON_PREFIX_PATH': '/home/hun/YongYiHanYong/install', 'ROS_DISTRO': 'jazzy', 'LOGNAME': 'hun', 'JOURNAL_STREAM': '9:21874', '_': '/usr/bin/colcon', 'ROS_VERSION': '2', 'MEMORY_PRESSURE_WATCH': '/sys/fs/cgroup/user.slice/user-1000.slice/user@1000.service/session.slice/org.gnome.SettingsDaemon.MediaKeys.service/memory.pressure', 'XDG_SESSION_CLASS': 'user', 'USERNAME': 'hun', 'TERM': 'xterm-256color', 'GNOME_DESKTOP_SESSION_ID': 'this-is-deprecated', 'PATH': '/home/hun/.nvm/versions/node/v24.11.1/bin:/opt/ros/jazzy/opt/gz_msgs_vendor/bin:/opt/ros/jazzy/opt/gz_tools_vendor/bin:/opt/ros/jazzy/opt/gz_ogre_next_vendor/bin:/opt/ros/jazzy/bin:/home/hun/.local/bin:/usr/local/sbin:/usr/local/bin:/usr/sbin:/usr/bin:/sbin:/bin:/usr/games:/usr/local/games:/snap/bin:/snap/bin', 'SESSION_MANAGER': 'local/airos:@/tmp/.ICE-unix/2692,unix/airos:/tmp/.ICE-unix/2692', 'INVOCATION_ID': '4cd9f93c642348feae55c242511447f4', 'XDG_MENU_PREFIX': 'gnome-', 'GNOME_SETUP_DISPLAY': ':1', 'XDG_RUNTIME_DIR': '/run/user/1000', 'DISPLAY': ':0', 'TERMINATOR_DBUS_PATH': '/net/tenshu/Terminator2', 'LANG': 'en_US.UTF-8', 'XDG_CURRENT_DESKTOP': 'ubuntu:GNOME', 'XMODIFIERS': '@im=ibus', 'XDG_SESSION_DESKTOP': 'ubuntu', 'XAUTHORITY': '/run/user/1000/.mutter-Xwaylandauth.5SXRG3', 'LS_COLORS': 'rs=0:di=01;34:ln=01;36:mh=00:pi=40;33:so=01;35:do=01;35:bd=40;33;01:cd=40;33;01:or=40;31;01:mi=00:su=37;41:sg=30;43:ca=00:tw=30;42:ow=34;42:st=37;44:ex=01;32:*.tar=01;31:*.tgz=01;31:*.arc=01;31:*.arj=01;31:*.taz=01;31:*.lha=01;31:*.lz4=01;31:*.lzh=01;31:*.lzma=01;31:*.tlz=01;31:*.txz=01;31:*.tzo=01;31:*.t7z=01;31:*.zip=01;31:*.z=01;31:*.dz=01;31:*.gz=01;31:*.lrz=01;31:*.lz=01;31:*.lzo=01;31:*.xz=01;31:*.zst=01;31:*.tzst=01;31:*.bz2=01;31:*.bz=01;31:*.tbz=01;31:*.tbz2=01;31:*.tz=01;31:*.deb=01;31:*.rpm=01;31:*.jar=01;31:*.war=01;31:*.ear=01;31:*.sar=01;31:*.rar=01;31:*.alz=01;31:*.ace=01;31:*.zoo=01;31:*.cpio=01;31:*.7z=01;31:*.rz=01;31:*.cab=01;31:*.wim=01;31:*.swm=01;31:*.dwm=01;31:*.esd=01;31:*.avif=01;35:*.jpg=01;35:*.jpeg=01;35:*.mjpg=01;35:*.mjpeg=01;35:*.gif=01;35:*.bmp=01;35:*.pbm=01;35:*.pgm=01;35:*.ppm=01;35:*.tga=01;35:*.xbm=01;35:*.xpm=01;35:*.tif=01;35:*.tiff=01;35:*.png=01;35:*.svg=01;35:*.svgz=01;35:*.mng=01;35:*.pcx=01;35:*.mov=01;35:*.mpg=01;35:*.mpeg=01;35:*.m2v=01;35:*.mkv=01;35:*.webm=01;35:*.webp=01;35:*.ogm=01;35:*.mp4=01;35:*.m4v=01;35:*.mp4v=01;35:*.vob=01;35:*.qt=01;35:*.nuv=01;35:*.wmv=01;35:*.asf=01;35:*.rm=01;35:*.rmvb=01;35:*.flc=01;35:*.avi=01;35:*.fli=01;35:*.flv=01;35:*.gl=01;35:*.dl=01;35:*.xcf=01;35:*.xwd=01;35:*.yuv=01;35:*.cgm=01;35:*.emf=01;35:*.ogv=01;35:*.ogx=01;35:*.aac=00;36:*.au=00;36:*.flac=00;36:*.m4a=00;36:*.mid=00;36:*.midi=00;36:*.mka=00;36:*.mp3=00;36:*.mpc=00;36:*.ogg=00;36:*.ra=00;36:*.wav=00;36:*.oga=00;36:*.opus=00;36:*.spx=00;36:*.xspf=00;36:*~=00;90:*#=00;90:*.bak=00;90:*.crdownload=00;90:*.dpkg-dist=00;90:*.dpkg-new=00;90:*.dpkg-old=00;90:*.dpkg-tmp=00;90:*.old=00;90:*.orig=00;90:*.part=00;90:*.rej=00;90:*.rpmnew=00;90:*.rpmorig=00;90:*.rpmsave=00;90:*.swp=00;90:*.tmp=00;90:*.ucf-dist=00;90:*.ucf-new=00;90:*.ucf-old=00;90:', 'SSH_AUTH_SOCK': '/run/user/1000/keyring/ssh', 'AMENT_PREFIX_PATH': '/home/hun/YongYiHanYong/install/yolo_realsense:/home/hun/YongYiHanYong/install/interface_pkg:/home/hun/YongYiHanYong/install/llm_for_pick_place_voice:/opt/ros/jazzy', 'SHELL': '/bin/bash', 'TERMINATOR_UUID': 'urn:uuid:67c9869f-f13d-4ac4-b12a-f3533a42efdb', 'QT_ACCESSIBILITY': '1', 'GDMSESSION': 'ubuntu', 'LESSCLOSE': '/usr/bin/lesspipe %s %s', 'ROS_AUTOMATIC_DISCOVERY_RANGE': 'SUBNET', 'QT_IM_MODULE': 'ibus', 'PWD': '/home/hun/YongYiHanYong/build/yolo_depth_interfaces', 'LC_ALL': 'en_US.UTF-8', 'XDG_CONFIG_DIRS': '/etc/xdg/xdg-ubuntu:/etc/xdg', 'NVM_CD_FLAGS': '', 'XDG_DATA_DIRS': '/usr/share/ubuntu:/usr/share/gnome:/usr/local/share/:/usr/share/:/var/lib/snapd/desktop', 'PYTHONPATH': '/home/hun/YongYiHanYong/install/yolo_realsense/lib/python3.12/site-packages:/home/hun/YongYiHanYong/install/interface_pkg/lib/python3.12/site-packages:/home/hun/YongYiHanYong/build/llm_for_pick_place_voice:/home/hun/YongYiHanYong/install/llm_for_pick_place_voice/lib/python3.12/site-packages:/opt/ros/jazzy/lib/python3.12/site-packages', 'COLCON': '1', 'MEMORY_PRESSURE_WRITE': 'c29tZSAyMDAwMDAgMjAwMDAwMAA=', 'VTE_VERSION': '7600', 'CMAKE_PREFIX_PATH': '/home/hun/YongYiHanYong/install/interface_pkg:/opt/ros/jazzy/opt/gz_sim_vendor:/opt/ros/jazzy/opt/gz_sensors_vendor:/opt/ros/jazzy/opt/gz_physics_vendor:/opt/ros/jazzy/opt/sdformat_vendor:/opt/ros/jazzy/opt/gz_gui_vendor:/opt/ros/jazzy/opt/gz_transport_vendor:/opt/ros/jazzy/opt/gz_rendering_vendor:/opt/ros/jazzy/opt/gz_plugin_vendor:/opt/ros/jazzy/opt/gz_fuel_tools_vendor:/opt/ros/jazzy/opt/gz_msgs_vendor:/opt/ros/jazzy/opt/gz_common_vendor:/opt/ros/jazzy/opt/gz_math_vendor:/opt/ros/jazzy/opt/gz_utils_vendor:/opt/ros/jazzy/opt/gz_tools_vendor:/opt/ros/jazzy/opt/gz_ogre_next_vendor:/opt/ros/jazzy/opt/gz_dartsim_vendor:/opt/ros/jazzy/opt/gz_cmake_vendor'}), 'shell': False}
[4.306241] (-) TimerEvent: {}
[4.345438] (yolo_depth_interfaces) StdoutLine: {'line': b'[  1%] \x1b[34m\x1b[1mGenerating type hashes for ROS interfaces\x1b[0m\n'}
[4.360388] (yolo_depth_interfaces) StdoutLine: {'line': b'[  1%] Built target ament_cmake_python_copy_yolo_depth_interfaces\n'}
[4.406332] (-) TimerEvent: {}
[4.436047] (interface_pkg) StdoutLine: {'line': b'[ 79%] Built target interface_pkg__py\n'}
[4.468074] (interface_pkg) StdoutLine: {'line': b'[ 81%] \x1b[32mBuilding C object CMakeFiles/interface_pkg__rosidl_generator_py.dir/rosidl_generator_py/interface_pkg/srv/_string_to_string_s.c.o\x1b[0m\n'}
[4.471490] (interface_pkg) StdoutLine: {'line': b'[ 84%] \x1b[32mBuilding C object CMakeFiles/interface_pkg__rosidl_generator_py.dir/rosidl_generator_py/interface_pkg/srv/_get_target_point_s.c.o\x1b[0m\n'}
[4.506443] (-) TimerEvent: {}
[4.573069] (yolo_depth_interfaces) StdoutLine: {'line': b'[  1%] Built target yolo_depth_interfaces__rosidl_generator_type_description\n'}
[4.584440] (yolo_depth_interfaces) StdoutLine: {'line': b'[  2%] \x1b[34m\x1b[1mGenerating C code for ROS interfaces\x1b[0m\n'}
[4.593144] (yolo_depth_interfaces) StdoutLine: {'line': b'[  4%] \x1b[34m\x1b[1mGenerating C++ code for ROS interfaces\x1b[0m\n'}
[4.606535] (-) TimerEvent: {}
[4.678727] (interface_pkg) StdoutLine: {'line': b'[ 86%] \x1b[32m\x1b[1mLinking C shared library libinterface_pkg__rosidl_generator_py.so\x1b[0m\n'}
[4.706621] (-) TimerEvent: {}
[4.738479] (interface_pkg) StdoutLine: {'line': b'[ 86%] Built target interface_pkg__rosidl_generator_py\n'}
[4.748983] (yolo_depth_interfaces) StdoutLine: {'line': b'running egg_info\n'}
[4.750351] (yolo_depth_interfaces) StdoutLine: {'line': b'creating yolo_depth_interfaces.egg-info\n'}
[4.770484] (interface_pkg) StdoutLine: {'line': b'[ 90%] \x1b[32mBuilding C object CMakeFiles/interface_pkg_s__rosidl_typesupport_fastrtps_c.dir/rosidl_generator_py/interface_pkg/_interface_pkg_s.ep.rosidl_typesupport_fastrtps_c.c.o\x1b[0m\n'}
[4.770657] (interface_pkg) StdoutLine: {'line': b'[ 90%] \x1b[32mBuilding C object CMakeFiles/interface_pkg_s__rosidl_typesupport_c.dir/rosidl_generator_py/interface_pkg/_interface_pkg_s.ep.rosidl_typesupport_c.c.o\x1b[0m\n'}
[4.770780] (interface_pkg) StdoutLine: {'line': b'[ 93%] \x1b[32mBuilding C object CMakeFiles/interface_pkg_s__rosidl_typesupport_introspection_c.dir/rosidl_generator_py/interface_pkg/_interface_pkg_s.ep.rosidl_typesupport_introspection_c.c.o\x1b[0m\n'}
[4.790427] (yolo_depth_interfaces) StdoutLine: {'line': b'writing yolo_depth_interfaces.egg-info/PKG-INFO\n'}
[4.790730] (yolo_depth_interfaces) StdoutLine: {'line': b'writing dependency_links to yolo_depth_interfaces.egg-info/dependency_links.txt\n'}
[4.790883] (yolo_depth_interfaces) StdoutLine: {'line': b'writing top-level names to yolo_depth_interfaces.egg-info/top_level.txt\n'}
[4.791070] (yolo_depth_interfaces) StdoutLine: {'line': b"writing manifest file 'yolo_depth_interfaces.egg-info/SOURCES.txt'\n"}
[4.806714] (-) TimerEvent: {}
[4.906955] (-) TimerEvent: {}
[4.910762] (yolo_depth_interfaces) StdoutLine: {'line': b"reading manifest file 'yolo_depth_interfaces.egg-info/SOURCES.txt'\n"}
[4.911462] (yolo_depth_interfaces) StdoutLine: {'line': b"writing manifest file 'yolo_depth_interfaces.egg-info/SOURCES.txt'\n"}
[4.926915] (interface_pkg) StdoutLine: {'line': b'[ 95%] \x1b[32m\x1b[1mLinking C shared module rosidl_generator_py/interface_pkg/interface_pkg_s__rosidl_typesupport_c.so\x1b[0m\n'}
[4.928008] (interface_pkg) StdoutLine: {'line': b'[ 97%] \x1b[32m\x1b[1mLinking C shared module rosidl_generator_py/interface_pkg/interface_pkg_s__rosidl_typesupport_introspection_c.so\x1b[0m\n'}
[4.932361] (interface_pkg) StdoutLine: {'line': b'[100%] \x1b[32m\x1b[1mLinking C shared module rosidl_generator_py/interface_pkg/interface_pkg_s__rosidl_typesupport_fastrtps_c.so\x1b[0m\n'}
[4.957014] (yolo_depth_interfaces) StdoutLine: {'line': b'[  4%] Built target ament_cmake_python_build_yolo_depth_interfaces_egg\n'}
[4.982738] (interface_pkg) StdoutLine: {'line': b'[100%] Built target interface_pkg_s__rosidl_typesupport_introspection_c\n'}
[4.983836] (interface_pkg) StdoutLine: {'line': b'[100%] Built target interface_pkg_s__rosidl_typesupport_c\n'}
[4.992491] (yolo_depth_interfaces) StdoutLine: {'line': b'[  4%] Built target yolo_depth_interfaces__cpp\n'}
[4.993323] (interface_pkg) StdoutLine: {'line': b'[100%] Built target interface_pkg_s__rosidl_typesupport_fastrtps_c\n'}
[5.007085] (-) TimerEvent: {}
[5.007759] (interface_pkg) CommandEnded: {'returncode': 0}
[5.008593] (interface_pkg) JobProgress: {'identifier': 'interface_pkg', 'progress': 'install'}
[5.018223] (interface_pkg) Command: {'cmd': ['/usr/bin/cmake', '--install', '/home/hun/YongYiHanYong/build/interface_pkg'], 'cwd': '/home/hun/YongYiHanYong/build/interface_pkg', 'env': OrderedDict({'LESSOPEN': '| /usr/bin/lesspipe %s', 'GZ_SIM_RESOURCE_PATH': '/opt/ros/jazzy/share', 'USER': 'hun', 'GZ_CONFIG_PATH': '/opt/ros/jazzy/opt/gz_sim_vendor/share/gz:/opt/ros/jazzy/opt/sdformat_vendor/share/gz:/opt/ros/jazzy/opt/gz_gui_vendor/share/gz:/opt/ros/jazzy/opt/gz_transport_vendor/share/gz:/opt/ros/jazzy/opt/gz_rendering_vendor/share/gz:/opt/ros/jazzy/opt/gz_plugin_vendor/share/gz:/opt/ros/jazzy/opt/gz_fuel_tools_vendor/share/gz:/opt/ros/jazzy/opt/gz_msgs_vendor/share/gz:/opt/ros/jazzy/opt/gz_common_vendor/share/gz', 'XDG_SESSION_TYPE': 'wayland', 'SHLVL': '1', 'LD_LIBRARY_PATH': '/home/hun/YongYiHanYong/install/interface_pkg/lib:/opt/ros/jazzy/opt/gz_sim_vendor/lib:/opt/ros/jazzy/opt/gz_sensors_vendor/lib:/opt/ros/jazzy/opt/gz_physics_vendor/lib:/opt/ros/jazzy/opt/sdformat_vendor/lib:/opt/ros/jazzy/opt/rviz_ogre_vendor/lib:/opt/ros/jazzy/lib/x86_64-linux-gnu:/opt/ros/jazzy/opt/gz_gui_vendor/lib:/opt/ros/jazzy/opt/gz_transport_vendor/lib:/opt/ros/jazzy/opt/gz_rendering_vendor/lib:/opt/ros/jazzy/opt/gz_plugin_vendor/lib:/opt/ros/jazzy/opt/gz_fuel_tools_vendor/lib:/opt/ros/jazzy/opt/gz_msgs_vendor/lib:/opt/ros/jazzy/opt/gz_common_vendor/lib:/opt/ros/jazzy/opt/gz_math_vendor/lib:/opt/ros/jazzy/opt/gz_utils_vendor/lib:/opt/ros/jazzy/opt/gz_tools_vendor/lib:/opt/ros/jazzy/opt/gz_ogre_next_vendor/lib:/opt/ros/jazzy/opt/gz_dartsim_vendor/lib:/opt/ros/jazzy/opt/gz_cmake_vendor/lib:/opt/ros/jazzy/lib', 'HOME': '/home/hun', 'OLDPWD': '/home/hun', 'DESKTOP_SESSION': 'ubuntu', 'NVM_BIN': '/home/hun/.nvm/versions/node/v24.11.1/bin', 'NVM_INC': '/home/hun/.nvm/versions/node/v24.11.1/include/node', 'ROS_PYTHON_VERSION': '3', 'GNOME_SHELL_SESSION_MODE': 'ubuntu', 'GTK_MODULES': 'gail:atk-bridge', 'MANAGERPID': '2265', 'SYSTEMD_EXEC_PID': '2940', 'GSM_SKIP_SSH_AGENT_WORKAROUND': 'true', 'DBUS_SESSION_BUS_ADDRESS': 'unix:path=/run/user/1000/bus', 'COLORTERM': 'truecolor', 'TERMINATOR_DBUS_NAME': 'net.tenshu.Terminator25ef4b219e3b005583550f2b0f9f990c3', 'GIO_LAUNCHED_DESKTOP_FILE_PID': '4489', 'GNOME_KEYRING_CONTROL': '/run/user/1000/keyring', 'NVM_DIR': '/home/hun/.nvm', 'DEBUGINFOD_URLS': 'https://debuginfod.ubuntu.com', 'IM_CONFIG_PHASE': '1', 'WAYLAND_DISPLAY': 'wayland-0', 'COLCON_PREFIX_PATH': '/home/hun/YongYiHanYong/install', 'ROS_DISTRO': 'jazzy', 'LOGNAME': 'hun', 'JOURNAL_STREAM': '9:21874', '_': '/usr/bin/colcon', 'ROS_VERSION': '2', 'MEMORY_PRESSURE_WATCH': '/sys/fs/cgroup/user.slice/user-1000.slice/user@1000.service/session.slice/org.gnome.SettingsDaemon.MediaKeys.service/memory.pressure', 'XDG_SESSION_CLASS': 'user', 'USERNAME': 'hun', 'TERM': 'xterm-256color', 'GNOME_DESKTOP_SESSION_ID': 'this-is-deprecated', 'PATH': '/home/hun/.nvm/versions/node/v24.11.1/bin:/opt/ros/jazzy/opt/gz_msgs_vendor/bin:/opt/ros/jazzy/opt/gz_tools_vendor/bin:/opt/ros/jazzy/opt/gz_ogre_next_vendor/bin:/opt/ros/jazzy/bin:/home/hun/.local/bin:/usr/local/sbin:/usr/local/bin:/usr/sbin:/usr/bin:/sbin:/bin:/usr/games:/usr/local/games:/snap/bin:/snap/bin', 'SESSION_MANAGER': 'local/airos:@/tmp/.ICE-unix/2692,unix/airos:/tmp/.ICE-unix/2692', 'INVOCATION_ID': '4cd9f93c642348feae55c242511447f4', 'XDG_MENU_PREFIX': 'gnome-', 'GNOME_SETUP_DISPLAY': ':1', 'XDG_RUNTIME_DIR': '/run/user/1000', 'DISPLAY': ':0', 'TERMINATOR_DBUS_PATH': '/net/tenshu/Terminator2', 'LANG': 'en_US.UTF-8', 'XDG_CURRENT_DESKTOP': 'ubuntu:GNOME', 'XMODIFIERS': '@im=ibus', 'XDG_SESSION_DESKTOP': 'ubuntu', 'XAUTHORITY': '/run/user/1000/.mutter-Xwaylandauth.5SXRG3', 'LS_COLORS': 'rs=0:di=01;34:ln=01;36:mh=00:pi=40;33:so=01;35:do=01;35:bd=40;33;01:cd=40;33;01:or=40;31;01:mi=00:su=37;41:sg=30;43:ca=00:tw=30;42:ow=34;42:st=37;44:ex=01;32:*.tar=01;31:*.tgz=01;31:*.arc=01;31:*.arj=01;31:*.taz=01;31:*.lha=01;31:*.lz4=01;31:*.lzh=01;31:*.lzma=01;31:*.tlz=01;31:*.txz=01;31:*.tzo=01;31:*.t7z=01;31:*.zip=01;31:*.z=01;31:*.dz=01;31:*.gz=01;31:*.lrz=01;31:*.lz=01;31:*.lzo=01;31:*.xz=01;31:*.zst=01;31:*.tzst=01;31:*.bz2=01;31:*.bz=01;31:*.tbz=01;31:*.tbz2=01;31:*.tz=01;31:*.deb=01;31:*.rpm=01;31:*.jar=01;31:*.war=01;31:*.ear=01;31:*.sar=01;31:*.rar=01;31:*.alz=01;31:*.ace=01;31:*.zoo=01;31:*.cpio=01;31:*.7z=01;31:*.rz=01;31:*.cab=01;31:*.wim=01;31:*.swm=01;31:*.dwm=01;31:*.esd=01;31:*.avif=01;35:*.jpg=01;35:*.jpeg=01;35:*.mjpg=01;35:*.mjpeg=01;35:*.gif=01;35:*.bmp=01;35:*.pbm=01;35:*.pgm=01;35:*.ppm=01;35:*.tga=01;35:*.xbm=01;35:*.xpm=01;35:*.tif=01;35:*.tiff=01;35:*.png=01;35:*.svg=01;35:*.svgz=01;35:*.mng=01;35:*.pcx=01;35:*.mov=01;35:*.mpg=01;35:*.mpeg=01;35:*.m2v=01;35:*.mkv=01;35:*.webm=01;35:*.webp=01;35:*.ogm=01;35:*.mp4=01;35:*.m4v=01;35:*.mp4v=01;35:*.vob=01;35:*.qt=01;35:*.nuv=01;35:*.wmv=01;35:*.asf=01;35:*.rm=01;35:*.rmvb=01;35:*.flc=01;35:*.avi=01;35:*.fli=01;35:*.flv=01;35:*.gl=01;35:*.dl=01;35:*.xcf=01;35:*.xwd=01;35:*.yuv=01;35:*.cgm=01;35:*.emf=01;35:*.ogv=01;35:*.ogx=01;35:*.aac=00;36:*.au=00;36:*.flac=00;36:*.m4a=00;36:*.mid=00;36:*.midi=00;36:*.mka=00;36:*.mp3=00;36:*.mpc=00;36:*.ogg=00;36:*.ra=00;36:*.wav=00;36:*.oga=00;36:*.opus=00;36:*.spx=00;36:*.xspf=00;36:*~=00;90:*#=00;90:*.bak=00;90:*.crdownload=00;90:*.dpkg-dist=00;90:*.dpkg-new=00;90:*.dpkg-old=00;90:*.dpkg-tmp=00;90:*.old=00;90:*.orig=00;90:*.part=00;90:*.rej=00;90:*.rpmnew=00;90:*.rpmorig=00;90:*.rpmsave=00;90:*.swp=00;90:*.tmp=00;90:*.ucf-dist=00;90:*.ucf-new=00;90:*.ucf-old=00;90:', 'SSH_AUTH_SOCK': '/run/user/1000/keyring/ssh', 'AMENT_PREFIX_PATH': '/home/hun/YongYiHanYong/install/yolo_realsense:/home/hun/YongYiHanYong/install/interface_pkg:/home/hun/YongYiHanYong/install/llm_for_pick_place_voice:/opt/ros/jazzy', 'SHELL': '/bin/bash', 'TERMINATOR_UUID': 'urn:uuid:67c9869f-f13d-4ac4-b12a-f3533a42efdb', 'QT_ACCESSIBILITY': '1', 'GDMSESSION': 'ubuntu', 'LESSCLOSE': '/usr/bin/lesspipe %s %s', 'ROS_AUTOMATIC_DISCOVERY_RANGE': 'SUBNET', 'QT_IM_MODULE': 'ibus', 'PWD': '/home/hun/YongYiHanYong/build/interface_pkg', 'LC_ALL': 'en_US.UTF-8', 'XDG_CONFIG_DIRS': '/etc/xdg/xdg-ubuntu:/etc/xdg', 'NVM_CD_FLAGS': '', 'XDG_DATA_DIRS': '/usr/share/ubuntu:/usr/share/gnome:/usr/local/share/:/usr/share/:/var/lib/snapd/desktop', 'PYTHONPATH': '/home/hun/YongYiHanYong/install/yolo_realsense/lib/python3.12/site-packages:/home/hun/YongYiHanYong/install/interface_pkg/lib/python3.12/site-packages:/home/hun/YongYiHanYong/build/llm_for_pick_place_voice:/home/hun/YongYiHanYong/install/llm_for_pick_place_voice/lib/python3.12/site-packages:/opt/ros/jazzy/lib/python3.12/site-packages', 'COLCON': '1', 'MEMORY_PRESSURE_WRITE': 'c29tZSAyMDAwMDAgMjAwMDAwMAA=', 'VTE_VERSION': '7600', 'CMAKE_PREFIX_PATH': '/home/hun/YongYiHanYong/install/interface_pkg:/opt/ros/jazzy/opt/gz_sim_vendor:/opt/ros/jazzy/opt/gz_sensors_vendor:/opt/ros/jazzy/opt/gz_physics_vendor:/opt/ros/jazzy/opt/sdformat_vendor:/opt/ros/jazzy/opt/gz_gui_vendor:/opt/ros/jazzy/opt/gz_transport_vendor:/opt/ros/jazzy/opt/gz_rendering_vendor:/opt/ros/jazzy/opt/gz_plugin_vendor:/opt/ros/jazzy/opt/gz_fuel_tools_vendor:/opt/ros/jazzy/opt/gz_msgs_vendor:/opt/ros/jazzy/opt/gz_common_vendor:/opt/ros/jazzy/opt/gz_math_vendor:/opt/ros/jazzy/opt/gz_utils_vendor:/opt/ros/jazzy/opt/gz_tools_vendor:/opt/ros/jazzy/opt/gz_ogre_next_vendor:/opt/ros/jazzy/opt/gz_dartsim_vendor:/opt/ros/jazzy/opt/gz_cmake_vendor:/home/hun/YongYiHanYong/install/yolo_realsense:/home/hun/YongYiHanYong/install/llm_for_pick_place_voice:/opt/ros/jazzy'}), 'shell': False}
[5.027753] (interface_pkg) StdoutLine: {'line': b'-- Install configuration: ""\n'}
[5.027970] (interface_pkg) StdoutLine: {'line': b'-- Installing: /home/hun/YongYiHanYong/install/interface_pkg/share/ament_index/resource_index/rosidl_interfaces/interface_pkg\n'}
[5.028108] (interface_pkg) StdoutLine: {'line': b'-- Installing: /home/hun/YongYiHanYong/install/interface_pkg/share/interface_pkg/srv/StringToString.json\n'}
[5.028190] (interface_pkg) StdoutLine: {'line': b'-- Installing: /home/hun/YongYiHanYong/install/interface_pkg/share/interface_pkg/srv/GetTargetPoint.json\n'}
[5.028260] (interface_pkg) StdoutLine: {'line': b'-- Up-to-date: /home/hun/YongYiHanYong/install/interface_pkg/include/interface_pkg/interface_pkg\n'}
[5.028327] (interface_pkg) StdoutLine: {'line': b'-- Up-to-date: /home/hun/YongYiHanYong/install/interface_pkg/include/interface_pkg/interface_pkg/msg\n'}
[5.028449] (interface_pkg) StdoutLine: {'line': b'-- Up-to-date: /home/hun/YongYiHanYong/install/interface_pkg/include/interface_pkg/interface_pkg/msg/rosidl_generator_c__visibility_control.h\n'}
[5.028531] (interface_pkg) StdoutLine: {'line': b'-- Up-to-date: /home/hun/YongYiHanYong/install/interface_pkg/include/interface_pkg/interface_pkg/srv\n'}
[5.028643] (interface_pkg) StdoutLine: {'line': b'-- Installing: /home/hun/YongYiHanYong/install/interface_pkg/include/interface_pkg/interface_pkg/srv/string_to_string.h\n'}
[5.028713] (interface_pkg) StdoutLine: {'line': b'-- Installing: /home/hun/YongYiHanYong/install/interface_pkg/include/interface_pkg/interface_pkg/srv/get_target_point.h\n'}
[5.028780] (interface_pkg) StdoutLine: {'line': b'-- Up-to-date: /home/hun/YongYiHanYong/install/interface_pkg/include/interface_pkg/interface_pkg/srv/detail\n'}
[5.028848] (interface_pkg) StdoutLine: {'line': b'-- Installing: /home/hun/YongYiHanYong/install/interface_pkg/include/interface_pkg/interface_pkg/srv/detail/string_to_string__type_support.h\n'}
[5.028916] (interface_pkg) StdoutLine: {'line': b'-- Installing: /home/hun/YongYiHanYong/install/interface_pkg/include/interface_pkg/interface_pkg/srv/detail/get_target_point__functions.c\n'}
[5.028989] (interface_pkg) StdoutLine: {'line': b'-- Installing: /home/hun/YongYiHanYong/install/interface_pkg/include/interface_pkg/interface_pkg/srv/detail/string_to_string__functions.h\n'}
[5.029079] (interface_pkg) StdoutLine: {'line': b'-- Installing: /home/hun/YongYiHanYong/install/interface_pkg/include/interface_pkg/interface_pkg/srv/detail/string_to_string__struct.h\n'}
[5.029183] (interface_pkg) StdoutLine: {'line': b'-- Installing: /home/hun/YongYiHanYong/install/interface_pkg/include/interface_pkg/interface_pkg/srv/detail/get_target_point__description.c\n'}
[5.029251] (interface_pkg) StdoutLine: {'line': b'-- Installing: /home/hun/YongYiHanYong/install/interface_pkg/include/interface_pkg/interface_pkg/srv/detail/get_target_point__functions.h\n'}
[5.029317] (interface_pkg) StdoutLine: {'line': b'-- Installing: /home/hun/YongYiHanYong/install/interface_pkg/include/interface_pkg/interface_pkg/srv/detail/get_target_point__type_support.c\n'}
[5.029383] (interface_pkg) StdoutLine: {'line': b'-- Installing: /home/hun/YongYiHanYong/install/interface_pkg/include/interface_pkg/interface_pkg/srv/detail/string_to_string__description.c\n'}
[5.029449] (interface_pkg) StdoutLine: {'line': b'-- Installing: /home/hun/YongYiHanYong/install/interface_pkg/include/interface_pkg/interface_pkg/srv/detail/string_to_string__type_support.c\n'}
[5.029533] (interface_pkg) StdoutLine: {'line': b'-- Installing: /home/hun/YongYiHanYong/install/interface_pkg/include/interface_pkg/interface_pkg/srv/detail/get_target_point__type_support.h\n'}
[5.029650] (interface_pkg) StdoutLine: {'line': b'-- Installing: /home/hun/YongYiHanYong/install/interface_pkg/include/interface_pkg/interface_pkg/srv/detail/string_to_string__functions.c\n'}
[5.029716] (interface_pkg) StdoutLine: {'line': b'-- Installing: /home/hun/YongYiHanYong/install/interface_pkg/include/interface_pkg/interface_pkg/srv/detail/get_target_point__struct.h\n'}
[5.029777] (interface_pkg) StdoutLine: {'line': b'-- Up-to-date: /home/hun/YongYiHanYong/install/interface_pkg/share/interface_pkg/environment/library_path.sh\n'}
[5.029857] (interface_pkg) StdoutLine: {'line': b'-- Up-to-date: /home/hun/YongYiHanYong/install/interface_pkg/share/interface_pkg/environment/library_path.dsv\n'}
[5.029943] (interface_pkg) StdoutLine: {'line': b'-- Installing: /home/hun/YongYiHanYong/install/interface_pkg/lib/libinterface_pkg__rosidl_generator_c.so\n'}
[5.030113] (interface_pkg) StdoutLine: {'line': b'-- Set non-toolchain portion of runtime path of "/home/hun/YongYiHanYong/install/interface_pkg/lib/libinterface_pkg__rosidl_generator_c.so" to ""\n'}
[5.030208] (interface_pkg) StdoutLine: {'line': b'-- Up-to-date: /home/hun/YongYiHanYong/install/interface_pkg/include/interface_pkg/interface_pkg\n'}
[5.030311] (interface_pkg) StdoutLine: {'line': b'-- Up-to-date: /home/hun/YongYiHanYong/install/interface_pkg/include/interface_pkg/interface_pkg/msg\n'}
[5.030379] (interface_pkg) StdoutLine: {'line': b'-- Up-to-date: /home/hun/YongYiHanYong/install/interface_pkg/include/interface_pkg/interface_pkg/msg/rosidl_typesupport_fastrtps_c__visibility_control.h\n'}
[5.030467] (interface_pkg) StdoutLine: {'line': b'-- Up-to-date: /home/hun/YongYiHanYong/install/interface_pkg/include/interface_pkg/interface_pkg/srv\n'}
[5.030533] (interface_pkg) StdoutLine: {'line': b'-- Up-to-date: /home/hun/YongYiHanYong/install/interface_pkg/include/interface_pkg/interface_pkg/srv/detail\n'}
[5.030594] (interface_pkg) StdoutLine: {'line': b'-- Installing: /home/hun/YongYiHanYong/install/interface_pkg/include/interface_pkg/interface_pkg/srv/detail/string_to_string__rosidl_typesupport_fastrtps_c.h\n'}
[5.030656] (interface_pkg) StdoutLine: {'line': b'-- Installing: /home/hun/YongYiHanYong/install/interface_pkg/include/interface_pkg/interface_pkg/srv/detail/get_target_point__rosidl_typesupport_fastrtps_c.h\n'}
[5.030742] (interface_pkg) StdoutLine: {'line': b'-- Installing: /home/hun/YongYiHanYong/install/interface_pkg/lib/libinterface_pkg__rosidl_typesupport_fastrtps_c.so\n'}
[5.030915] (interface_pkg) StdoutLine: {'line': b'-- Set non-toolchain portion of runtime path of "/home/hun/YongYiHanYong/install/interface_pkg/lib/libinterface_pkg__rosidl_typesupport_fastrtps_c.so" to ""\n'}
[5.031011] (interface_pkg) StdoutLine: {'line': b'-- Up-to-date: /home/hun/YongYiHanYong/install/interface_pkg/include/interface_pkg/interface_pkg\n'}
[5.031114] (interface_pkg) StdoutLine: {'line': b'-- Up-to-date: /home/hun/YongYiHanYong/install/interface_pkg/include/interface_pkg/interface_pkg/msg\n'}
[5.031184] (interface_pkg) StdoutLine: {'line': b'-- Up-to-date: /home/hun/YongYiHanYong/install/interface_pkg/include/interface_pkg/interface_pkg/msg/rosidl_typesupport_introspection_c__visibility_control.h\n'}
[5.031252] (interface_pkg) StdoutLine: {'line': b'-- Up-to-date: /home/hun/YongYiHanYong/install/interface_pkg/include/interface_pkg/interface_pkg/srv\n'}
[5.031316] (interface_pkg) StdoutLine: {'line': b'-- Up-to-date: /home/hun/YongYiHanYong/install/interface_pkg/include/interface_pkg/interface_pkg/srv/detail\n'}
[5.031382] (interface_pkg) StdoutLine: {'line': b'-- Installing: /home/hun/YongYiHanYong/install/interface_pkg/include/interface_pkg/interface_pkg/srv/detail/string_to_string__rosidl_typesupport_introspection_c.h\n'}
[5.031468] (interface_pkg) StdoutLine: {'line': b'-- Installing: /home/hun/YongYiHanYong/install/interface_pkg/include/interface_pkg/interface_pkg/srv/detail/get_target_point__type_support.c\n'}
[5.031564] (interface_pkg) StdoutLine: {'line': b'-- Installing: /home/hun/YongYiHanYong/install/interface_pkg/include/interface_pkg/interface_pkg/srv/detail/string_to_string__type_support.c\n'}
[5.031637] (interface_pkg) StdoutLine: {'line': b'-- Installing: /home/hun/YongYiHanYong/install/interface_pkg/include/interface_pkg/interface_pkg/srv/detail/get_target_point__rosidl_typesupport_introspection_c.h\n'}
[5.031703] (interface_pkg) StdoutLine: {'line': b'-- Installing: /home/hun/YongYiHanYong/install/interface_pkg/lib/libinterface_pkg__rosidl_typesupport_introspection_c.so\n'}
[5.031873] (interface_pkg) StdoutLine: {'line': b'-- Set non-toolchain portion of runtime path of "/home/hun/YongYiHanYong/install/interface_pkg/lib/libinterface_pkg__rosidl_typesupport_introspection_c.so" to ""\n'}
[5.031979] (interface_pkg) StdoutLine: {'line': b'-- Installing: /home/hun/YongYiHanYong/install/interface_pkg/lib/libinterface_pkg__rosidl_typesupport_c.so\n'}
[5.032180] (interface_pkg) StdoutLine: {'line': b'-- Set non-toolchain portion of runtime path of "/home/hun/YongYiHanYong/install/interface_pkg/lib/libinterface_pkg__rosidl_typesupport_c.so" to ""\n'}
[5.032279] (interface_pkg) StdoutLine: {'line': b'-- Up-to-date: /home/hun/YongYiHanYong/install/interface_pkg/include/interface_pkg/interface_pkg\n'}
[5.032381] (interface_pkg) StdoutLine: {'line': b'-- Up-to-date: /home/hun/YongYiHanYong/install/interface_pkg/include/interface_pkg/interface_pkg/msg\n'}
[5.032450] (interface_pkg) StdoutLine: {'line': b'-- Installing: /home/hun/YongYiHanYong/install/interface_pkg/include/interface_pkg/interface_pkg/msg/rosidl_generator_cpp__visibility_control.hpp\n'}
[5.032516] (interface_pkg) StdoutLine: {'line': b'-- Up-to-date: /home/hun/YongYiHanYong/install/interface_pkg/include/interface_pkg/interface_pkg/srv\n'}
[5.032609] (interface_pkg) StdoutLine: {'line': b'-- Installing: /home/hun/YongYiHanYong/install/interface_pkg/include/interface_pkg/interface_pkg/srv/get_target_point.hpp\n'}
[5.032676] (interface_pkg) StdoutLine: {'line': b'-- Up-to-date: /home/hun/YongYiHanYong/install/interface_pkg/include/interface_pkg/interface_pkg/srv/detail\n'}
[5.032741] (interface_pkg) StdoutLine: {'line': b'-- Installing: /home/hun/YongYiHanYong/install/interface_pkg/include/interface_pkg/interface_pkg/srv/detail/get_target_point__type_support.hpp\n'}
[5.032826] (interface_pkg) StdoutLine: {'line': b'-- Installing: /home/hun/YongYiHanYong/install/interface_pkg/include/interface_pkg/interface_pkg/srv/detail/string_to_string__struct.hpp\n'}
[5.032937] (interface_pkg) StdoutLine: {'line': b'-- Installing: /home/hun/YongYiHanYong/install/interface_pkg/include/interface_pkg/interface_pkg/srv/detail/string_to_string__traits.hpp\n'}
[5.033012] (interface_pkg) StdoutLine: {'line': b'-- Installing: /home/hun/YongYiHanYong/install/interface_pkg/include/interface_pkg/interface_pkg/srv/detail/get_target_point__builder.hpp\n'}
[5.033077] (interface_pkg) StdoutLine: {'line': b'-- Installing: /home/hun/YongYiHanYong/install/interface_pkg/include/interface_pkg/interface_pkg/srv/detail/string_to_string__builder.hpp\n'}
[5.033161] (interface_pkg) StdoutLine: {'line': b'-- Installing: /home/hun/YongYiHanYong/install/interface_pkg/include/interface_pkg/interface_pkg/srv/detail/get_target_point__struct.hpp\n'}
[5.033260] (interface_pkg) StdoutLine: {'line': b'-- Installing: /home/hun/YongYiHanYong/install/interface_pkg/include/interface_pkg/interface_pkg/srv/detail/string_to_string__type_support.hpp\n'}
[5.033330] (interface_pkg) StdoutLine: {'line': b'-- Installing: /home/hun/YongYiHanYong/install/interface_pkg/include/interface_pkg/interface_pkg/srv/detail/get_target_point__traits.hpp\n'}
[5.033393] (interface_pkg) StdoutLine: {'line': b'-- Installing: /home/hun/YongYiHanYong/install/interface_pkg/include/interface_pkg/interface_pkg/srv/string_to_string.hpp\n'}
[5.033473] (interface_pkg) StdoutLine: {'line': b'-- Up-to-date: /home/hun/YongYiHanYong/install/interface_pkg/include/interface_pkg/interface_pkg\n'}
[5.033574] (interface_pkg) StdoutLine: {'line': b'-- Up-to-date: /home/hun/YongYiHanYong/install/interface_pkg/include/interface_pkg/interface_pkg/msg\n'}
[5.033643] (interface_pkg) StdoutLine: {'line': b'-- Up-to-date: /home/hun/YongYiHanYong/install/interface_pkg/include/interface_pkg/interface_pkg/msg/rosidl_typesupport_fastrtps_cpp__visibility_control.h\n'}
[5.033709] (interface_pkg) StdoutLine: {'line': b'-- Up-to-date: /home/hun/YongYiHanYong/install/interface_pkg/include/interface_pkg/interface_pkg/srv\n'}
[5.033776] (interface_pkg) StdoutLine: {'line': b'-- Up-to-date: /home/hun/YongYiHanYong/install/interface_pkg/include/interface_pkg/interface_pkg/srv/detail\n'}
[5.033837] (interface_pkg) StdoutLine: {'line': b'-- Up-to-date: /home/hun/YongYiHanYong/install/interface_pkg/include/interface_pkg/interface_pkg/srv/detail/dds_fastrtps\n'}
[5.033899] (interface_pkg) StdoutLine: {'line': b'-- Installing: /home/hun/YongYiHanYong/install/interface_pkg/include/interface_pkg/interface_pkg/srv/detail/string_to_string__rosidl_typesupport_fastrtps_cpp.hpp\n'}
[5.034002] (interface_pkg) StdoutLine: {'line': b'-- Installing: /home/hun/YongYiHanYong/install/interface_pkg/include/interface_pkg/interface_pkg/srv/detail/get_target_point__rosidl_typesupport_fastrtps_cpp.hpp\n'}
[5.034070] (interface_pkg) StdoutLine: {'line': b'-- Installing: /home/hun/YongYiHanYong/install/interface_pkg/lib/libinterface_pkg__rosidl_typesupport_fastrtps_cpp.so\n'}
[5.034238] (interface_pkg) StdoutLine: {'line': b'-- Set non-toolchain portion of runtime path of "/home/hun/YongYiHanYong/install/interface_pkg/lib/libinterface_pkg__rosidl_typesupport_fastrtps_cpp.so" to ""\n'}
[5.034342] (interface_pkg) StdoutLine: {'line': b'-- Up-to-date: /home/hun/YongYiHanYong/install/interface_pkg/include/interface_pkg/interface_pkg\n'}
[5.034412] (interface_pkg) StdoutLine: {'line': b'-- Up-to-date: /home/hun/YongYiHanYong/install/interface_pkg/include/interface_pkg/interface_pkg/srv\n'}
[5.034476] (interface_pkg) StdoutLine: {'line': b'-- Up-to-date: /home/hun/YongYiHanYong/install/interface_pkg/include/interface_pkg/interface_pkg/srv/detail\n'}
[5.034558] (interface_pkg) StdoutLine: {'line': b'-- Installing: /home/hun/YongYiHanYong/install/interface_pkg/include/interface_pkg/interface_pkg/srv/detail/get_target_point__type_support.cpp\n'}
[5.034650] (interface_pkg) StdoutLine: {'line': b'-- Installing: /home/hun/YongYiHanYong/install/interface_pkg/include/interface_pkg/interface_pkg/srv/detail/get_target_point__rosidl_typesupport_introspection_cpp.hpp\n'}
[5.034727] (interface_pkg) StdoutLine: {'line': b'-- Installing: /home/hun/YongYiHanYong/install/interface_pkg/include/interface_pkg/interface_pkg/srv/detail/string_to_string__type_support.cpp\n'}
[5.034791] (interface_pkg) StdoutLine: {'line': b'-- Installing: /home/hun/YongYiHanYong/install/interface_pkg/include/interface_pkg/interface_pkg/srv/detail/string_to_string__rosidl_typesupport_introspection_cpp.hpp\n'}
[5.034907] (interface_pkg) StdoutLine: {'line': b'-- Installing: /home/hun/YongYiHanYong/install/interface_pkg/lib/libinterface_pkg__rosidl_typesupport_introspection_cpp.so\n'}
[5.035210] (interface_pkg) StdoutLine: {'line': b'-- Set non-toolchain portion of runtime path of "/home/hun/YongYiHanYong/install/interface_pkg/lib/libinterface_pkg__rosidl_typesupport_introspection_cpp.so" to ""\n'}
[5.035321] (interface_pkg) StdoutLine: {'line': b'-- Installing: /home/hun/YongYiHanYong/install/interface_pkg/lib/libinterface_pkg__rosidl_typesupport_cpp.so\n'}
[5.035605] (interface_pkg) StdoutLine: {'line': b'-- Set non-toolchain portion of runtime path of "/home/hun/YongYiHanYong/install/interface_pkg/lib/libinterface_pkg__rosidl_typesupport_cpp.so" to ""\n'}
[5.035709] (interface_pkg) StdoutLine: {'line': b'-- Up-to-date: /home/hun/YongYiHanYong/install/interface_pkg/share/interface_pkg/environment/pythonpath.sh\n'}
[5.035808] (interface_pkg) StdoutLine: {'line': b'-- Up-to-date: /home/hun/YongYiHanYong/install/interface_pkg/share/interface_pkg/environment/pythonpath.dsv\n'}
[5.035878] (interface_pkg) StdoutLine: {'line': b'-- Up-to-date: /home/hun/YongYiHanYong/install/interface_pkg/lib/python3.12/site-packages/interface_pkg-0.0.0-py3.12.egg-info\n'}
[5.035968] (interface_pkg) StdoutLine: {'line': b'-- Installing: /home/hun/YongYiHanYong/install/interface_pkg/lib/python3.12/site-packages/interface_pkg-0.0.0-py3.12.egg-info/top_level.txt\n'}
[5.036070] (interface_pkg) StdoutLine: {'line': b'-- Installing: /home/hun/YongYiHanYong/install/interface_pkg/lib/python3.12/site-packages/interface_pkg-0.0.0-py3.12.egg-info/SOURCES.txt\n'}
[5.036141] (interface_pkg) StdoutLine: {'line': b'-- Installing: /home/hun/YongYiHanYong/install/interface_pkg/lib/python3.12/site-packages/interface_pkg-0.0.0-py3.12.egg-info/PKG-INFO\n'}
[5.036206] (interface_pkg) StdoutLine: {'line': b'-- Installing: /home/hun/YongYiHanYong/install/interface_pkg/lib/python3.12/site-packages/interface_pkg-0.0.0-py3.12.egg-info/dependency_links.txt\n'}
[5.036291] (interface_pkg) StdoutLine: {'line': b'-- Up-to-date: /home/hun/YongYiHanYong/install/interface_pkg/lib/python3.12/site-packages/interface_pkg\n'}
[5.036383] (interface_pkg) StdoutLine: {'line': b'-- Installing: /home/hun/YongYiHanYong/install/interface_pkg/lib/python3.12/site-packages/interface_pkg/__init__.py\n'}
[5.036451] (interface_pkg) StdoutLine: {'line': b'-- Installing: /home/hun/YongYiHanYong/install/interface_pkg/lib/python3.12/site-packages/interface_pkg/interface_pkg_s__rosidl_typesupport_introspection_c.so\n'}
[5.036535] (interface_pkg) StdoutLine: {'line': b'-- Installing: /home/hun/YongYiHanYong/install/interface_pkg/lib/python3.12/site-packages/interface_pkg/_interface_pkg_s.ep.rosidl_typesupport_fastrtps_c.c\n'}
[5.036622] (interface_pkg) StdoutLine: {'line': b'-- Installing: /home/hun/YongYiHanYong/install/interface_pkg/lib/python3.12/site-packages/interface_pkg/_interface_pkg_s.ep.rosidl_typesupport_introspection_c.c\n'}
[5.036721] (interface_pkg) StdoutLine: {'line': b'-- Installing: /home/hun/YongYiHanYong/install/interface_pkg/lib/python3.12/site-packages/interface_pkg/interface_pkg_s__rosidl_typesupport_fastrtps_c.so\n'}
[5.036804] (interface_pkg) StdoutLine: {'line': b'-- Installing: /home/hun/YongYiHanYong/install/interface_pkg/lib/python3.12/site-packages/interface_pkg/interface_pkg_s__rosidl_typesupport_c.so\n'}
[5.036888] (interface_pkg) StdoutLine: {'line': b'-- Up-to-date: /home/hun/YongYiHanYong/install/interface_pkg/lib/python3.12/site-packages/interface_pkg/srv\n'}
[5.036975] (interface_pkg) StdoutLine: {'line': b'-- Installing: /home/hun/YongYiHanYong/install/interface_pkg/lib/python3.12/site-packages/interface_pkg/srv/__init__.py\n'}
[5.037065] (interface_pkg) StdoutLine: {'line': b'-- Installing: /home/hun/YongYiHanYong/install/interface_pkg/lib/python3.12/site-packages/interface_pkg/srv/_string_to_string.py\n'}
[5.037160] (interface_pkg) StdoutLine: {'line': b'-- Installing: /home/hun/YongYiHanYong/install/interface_pkg/lib/python3.12/site-packages/interface_pkg/srv/_string_to_string_s.c\n'}
[5.037294] (interface_pkg) StdoutLine: {'line': b'-- Installing: /home/hun/YongYiHanYong/install/interface_pkg/lib/python3.12/site-packages/interface_pkg/srv/_get_target_point_s.c\n'}
[5.037419] (interface_pkg) StdoutLine: {'line': b'-- Installing: /home/hun/YongYiHanYong/install/interface_pkg/lib/python3.12/site-packages/interface_pkg/srv/_get_target_point.py\n'}
[5.037517] (interface_pkg) StdoutLine: {'line': b'-- Installing: /home/hun/YongYiHanYong/install/interface_pkg/lib/python3.12/site-packages/interface_pkg/_interface_pkg_s.ep.rosidl_typesupport_c.c\n'}
[5.070821] (interface_pkg) StdoutLine: {'line': b"Listing '/home/hun/YongYiHanYong/install/interface_pkg/lib/python3.12/site-packages/interface_pkg'...\n"}
[5.070990] (interface_pkg) StdoutLine: {'line': b"Compiling '/home/hun/YongYiHanYong/install/interface_pkg/lib/python3.12/site-packages/interface_pkg/__init__.py'...\n"}
[5.071068] (interface_pkg) StdoutLine: {'line': b"Listing '/home/hun/YongYiHanYong/install/interface_pkg/lib/python3.12/site-packages/interface_pkg/srv'...\n"}
[5.071133] (interface_pkg) StdoutLine: {'line': b"Compiling '/home/hun/YongYiHanYong/install/interface_pkg/lib/python3.12/site-packages/interface_pkg/srv/__init__.py'...\n"}
[5.071192] (interface_pkg) StdoutLine: {'line': b"Compiling '/home/hun/YongYiHanYong/install/interface_pkg/lib/python3.12/site-packages/interface_pkg/srv/_get_target_point.py'...\n"}
[5.071250] (interface_pkg) StdoutLine: {'line': b"Compiling '/home/hun/YongYiHanYong/install/interface_pkg/lib/python3.12/site-packages/interface_pkg/srv/_string_to_string.py'...\n"}
[5.075636] (interface_pkg) StdoutLine: {'line': b'-- Installing: /home/hun/YongYiHanYong/install/interface_pkg/lib/python3.12/site-packages/interface_pkg/interface_pkg_s__rosidl_typesupport_fastrtps_c.so\n'}
[5.076014] (interface_pkg) StdoutLine: {'line': b'-- Set non-toolchain portion of runtime path of "/home/hun/YongYiHanYong/install/interface_pkg/lib/python3.12/site-packages/interface_pkg/interface_pkg_s__rosidl_typesupport_fastrtps_c.so" to ""\n'}
[5.076316] (interface_pkg) StdoutLine: {'line': b'-- Installing: /home/hun/YongYiHanYong/install/interface_pkg/lib/python3.12/site-packages/interface_pkg/interface_pkg_s__rosidl_typesupport_introspection_c.so\n'}
[5.076713] (interface_pkg) StdoutLine: {'line': b'-- Set non-toolchain portion of runtime path of "/home/hun/YongYiHanYong/install/interface_pkg/lib/python3.12/site-packages/interface_pkg/interface_pkg_s__rosidl_typesupport_introspection_c.so" to ""\n'}
[5.076873] (interface_pkg) StdoutLine: {'line': b'-- Installing: /home/hun/YongYiHanYong/install/interface_pkg/lib/python3.12/site-packages/interface_pkg/interface_pkg_s__rosidl_typesupport_c.so\n'}
[5.077373] (interface_pkg) StdoutLine: {'line': b'-- Set non-toolchain portion of runtime path of "/home/hun/YongYiHanYong/install/interface_pkg/lib/python3.12/site-packages/interface_pkg/interface_pkg_s__rosidl_typesupport_c.so" to ""\n'}
[5.077544] (interface_pkg) StdoutLine: {'line': b'-- Installing: /home/hun/YongYiHanYong/install/interface_pkg/lib/libinterface_pkg__rosidl_generator_py.so\n'}
[5.077972] (interface_pkg) StdoutLine: {'line': b'-- Set non-toolchain portion of runtime path of "/home/hun/YongYiHanYong/install/interface_pkg/lib/libinterface_pkg__rosidl_generator_py.so" to ""\n'}
[5.078065] (interface_pkg) StdoutLine: {'line': b'-- Up-to-date: /home/hun/YongYiHanYong/install/interface_pkg/share/interface_pkg/srv/StringToString.idl\n'}
[5.078159] (interface_pkg) StdoutLine: {'line': b'-- Installing: /home/hun/YongYiHanYong/install/interface_pkg/share/interface_pkg/srv/GetTargetPoint.idl\n'}
[5.078276] (interface_pkg) StdoutLine: {'line': b'-- Up-to-date: /home/hun/YongYiHanYong/install/interface_pkg/share/interface_pkg/srv/StringToString.srv\n'}
[5.078375] (interface_pkg) StdoutLine: {'line': b'-- Installing: /home/hun/YongYiHanYong/install/interface_pkg/share/interface_pkg/srv/GetTargetPoint.srv\n'}
[5.078499] (interface_pkg) StdoutLine: {'line': b'-- Installing: /home/hun/YongYiHanYong/install/interface_pkg/share/ament_index/resource_index/package_run_dependencies/interface_pkg\n'}
[5.078694] (interface_pkg) StdoutLine: {'line': b'-- Installing: /home/hun/YongYiHanYong/install/interface_pkg/share/ament_index/resource_index/parent_prefix_path/interface_pkg\n'}
[5.078874] (interface_pkg) StdoutLine: {'line': b'-- Up-to-date: /home/hun/YongYiHanYong/install/interface_pkg/share/interface_pkg/environment/ament_prefix_path.sh\n'}
[5.078970] (interface_pkg) StdoutLine: {'line': b'-- Up-to-date: /home/hun/YongYiHanYong/install/interface_pkg/share/interface_pkg/environment/ament_prefix_path.dsv\n'}
[5.079053] (interface_pkg) StdoutLine: {'line': b'-- Up-to-date: /home/hun/YongYiHanYong/install/interface_pkg/share/interface_pkg/environment/path.sh\n'}
[5.079141] (interface_pkg) StdoutLine: {'line': b'-- Up-to-date: /home/hun/YongYiHanYong/install/interface_pkg/share/interface_pkg/environment/path.dsv\n'}
[5.079245] (interface_pkg) StdoutLine: {'line': b'-- Up-to-date: /home/hun/YongYiHanYong/install/interface_pkg/share/interface_pkg/local_setup.bash\n'}
[5.079319] (interface_pkg) StdoutLine: {'line': b'-- Up-to-date: /home/hun/YongYiHanYong/install/interface_pkg/share/interface_pkg/local_setup.sh\n'}
[5.079386] (interface_pkg) StdoutLine: {'line': b'-- Up-to-date: /home/hun/YongYiHanYong/install/interface_pkg/share/interface_pkg/local_setup.zsh\n'}
[5.079478] (interface_pkg) StdoutLine: {'line': b'-- Up-to-date: /home/hun/YongYiHanYong/install/interface_pkg/share/interface_pkg/local_setup.dsv\n'}
[5.079546] (interface_pkg) StdoutLine: {'line': b'-- Installing: /home/hun/YongYiHanYong/install/interface_pkg/share/interface_pkg/package.dsv\n'}
[5.079614] (interface_pkg) StdoutLine: {'line': b'-- Up-to-date: /home/hun/YongYiHanYong/install/interface_pkg/share/ament_index/resource_index/packages/interface_pkg\n'}
[5.079703] (interface_pkg) StdoutLine: {'line': b'-- Old export file "/home/hun/YongYiHanYong/install/interface_pkg/share/interface_pkg/cmake/export_interface_pkg__rosidl_generator_cExport.cmake" will be replaced.  Removing files [/home/hun/YongYiHanYong/install/interface_pkg/share/interface_pkg/cmake/export_interface_pkg__rosidl_generator_cExport-noconfig.cmake].\n'}
[5.079797] (interface_pkg) StdoutLine: {'line': b'-- Installing: /home/hun/YongYiHanYong/install/interface_pkg/share/interface_pkg/cmake/export_interface_pkg__rosidl_generator_cExport.cmake\n'}
[5.079955] (interface_pkg) StdoutLine: {'line': b'-- Installing: /home/hun/YongYiHanYong/install/interface_pkg/share/interface_pkg/cmake/export_interface_pkg__rosidl_generator_cExport-noconfig.cmake\n'}
[5.080224] (interface_pkg) StdoutLine: {'line': b'-- Old export file "/home/hun/YongYiHanYong/install/interface_pkg/share/interface_pkg/cmake/export_interface_pkg__rosidl_typesupport_fastrtps_cExport.cmake" will be replaced.  Removing files [/home/hun/YongYiHanYong/install/interface_pkg/share/interface_pkg/cmake/export_interface_pkg__rosidl_typesupport_fastrtps_cExport-noconfig.cmake].\n'}
[5.080334] (interface_pkg) StdoutLine: {'line': b'-- Installing: /home/hun/YongYiHanYong/install/interface_pkg/share/interface_pkg/cmake/export_interface_pkg__rosidl_typesupport_fastrtps_cExport.cmake\n'}
[5.080488] (interface_pkg) StdoutLine: {'line': b'-- Installing: /home/hun/YongYiHanYong/install/interface_pkg/share/interface_pkg/cmake/export_interface_pkg__rosidl_typesupport_fastrtps_cExport-noconfig.cmake\n'}
[5.080741] (interface_pkg) StdoutLine: {'line': b'-- Old export file "/home/hun/YongYiHanYong/install/interface_pkg/share/interface_pkg/cmake/interface_pkg__rosidl_typesupport_introspection_cExport.cmake" will be replaced.  Removing files [/home/hun/YongYiHanYong/install/interface_pkg/share/interface_pkg/cmake/interface_pkg__rosidl_typesupport_introspection_cExport-noconfig.cmake].\n'}
[5.080836] (interface_pkg) StdoutLine: {'line': b'-- Installing: /home/hun/YongYiHanYong/install/interface_pkg/share/interface_pkg/cmake/interface_pkg__rosidl_typesupport_introspection_cExport.cmake\n'}
[5.081010] (interface_pkg) StdoutLine: {'line': b'-- Installing: /home/hun/YongYiHanYong/install/interface_pkg/share/interface_pkg/cmake/interface_pkg__rosidl_typesupport_introspection_cExport-noconfig.cmake\n'}
[5.081259] (interface_pkg) StdoutLine: {'line': b'-- Old export file "/home/hun/YongYiHanYong/install/interface_pkg/share/interface_pkg/cmake/interface_pkg__rosidl_typesupport_cExport.cmake" will be replaced.  Removing files [/home/hun/YongYiHanYong/install/interface_pkg/share/interface_pkg/cmake/interface_pkg__rosidl_typesupport_cExport-noconfig.cmake].\n'}
[5.081354] (interface_pkg) StdoutLine: {'line': b'-- Installing: /home/hun/YongYiHanYong/install/interface_pkg/share/interface_pkg/cmake/interface_pkg__rosidl_typesupport_cExport.cmake\n'}
[5.081516] (interface_pkg) StdoutLine: {'line': b'-- Installing: /home/hun/YongYiHanYong/install/interface_pkg/share/interface_pkg/cmake/interface_pkg__rosidl_typesupport_cExport-noconfig.cmake\n'}
[5.081771] (interface_pkg) StdoutLine: {'line': b'-- Installing: /home/hun/YongYiHanYong/install/interface_pkg/share/interface_pkg/cmake/export_interface_pkg__rosidl_generator_cppExport.cmake\n'}
[5.082077] (interface_pkg) StdoutLine: {'line': b'-- Old export file "/home/hun/YongYiHanYong/install/interface_pkg/share/interface_pkg/cmake/export_interface_pkg__rosidl_typesupport_fastrtps_cppExport.cmake" will be replaced.  Removing files [/home/hun/YongYiHanYong/install/interface_pkg/share/interface_pkg/cmake/export_interface_pkg__rosidl_typesupport_fastrtps_cppExport-noconfig.cmake].\n'}
[5.082180] (interface_pkg) StdoutLine: {'line': b'-- Installing: /home/hun/YongYiHanYong/install/interface_pkg/share/interface_pkg/cmake/export_interface_pkg__rosidl_typesupport_fastrtps_cppExport.cmake\n'}
[5.082324] (interface_pkg) StdoutLine: {'line': b'-- Installing: /home/hun/YongYiHanYong/install/interface_pkg/share/interface_pkg/cmake/export_interface_pkg__rosidl_typesupport_fastrtps_cppExport-noconfig.cmake\n'}
[5.082560] (interface_pkg) StdoutLine: {'line': b'-- Old export file "/home/hun/YongYiHanYong/install/interface_pkg/share/interface_pkg/cmake/interface_pkg__rosidl_typesupport_introspection_cppExport.cmake" will be replaced.  Removing files [/home/hun/YongYiHanYong/install/interface_pkg/share/interface_pkg/cmake/interface_pkg__rosidl_typesupport_introspection_cppExport-noconfig.cmake].\n'}
[5.082650] (interface_pkg) StdoutLine: {'line': b'-- Installing: /home/hun/YongYiHanYong/install/interface_pkg/share/interface_pkg/cmake/interface_pkg__rosidl_typesupport_introspection_cppExport.cmake\n'}
[5.082804] (interface_pkg) StdoutLine: {'line': b'-- Installing: /home/hun/YongYiHanYong/install/interface_pkg/share/interface_pkg/cmake/interface_pkg__rosidl_typesupport_introspection_cppExport-noconfig.cmake\n'}
[5.083049] (interface_pkg) StdoutLine: {'line': b'-- Old export file "/home/hun/YongYiHanYong/install/interface_pkg/share/interface_pkg/cmake/interface_pkg__rosidl_typesupport_cppExport.cmake" will be replaced.  Removing files [/home/hun/YongYiHanYong/install/interface_pkg/share/interface_pkg/cmake/interface_pkg__rosidl_typesupport_cppExport-noconfig.cmake].\n'}
[5.083152] (interface_pkg) StdoutLine: {'line': b'-- Installing: /home/hun/YongYiHanYong/install/interface_pkg/share/interface_pkg/cmake/interface_pkg__rosidl_typesupport_cppExport.cmake\n'}
[5.083290] (interface_pkg) StdoutLine: {'line': b'-- Installing: /home/hun/YongYiHanYong/install/interface_pkg/share/interface_pkg/cmake/interface_pkg__rosidl_typesupport_cppExport-noconfig.cmake\n'}
[5.083497] (interface_pkg) StdoutLine: {'line': b'-- Up-to-date: /home/hun/YongYiHanYong/install/interface_pkg/share/interface_pkg/cmake/export_interface_pkg__rosidl_generator_pyExport.cmake\n'}
[5.083592] (interface_pkg) StdoutLine: {'line': b'-- Installing: /home/hun/YongYiHanYong/install/interface_pkg/share/interface_pkg/cmake/export_interface_pkg__rosidl_generator_pyExport-noconfig.cmake\n'}
[5.083717] (interface_pkg) StdoutLine: {'line': b'-- Installing: /home/hun/YongYiHanYong/install/interface_pkg/share/interface_pkg/cmake/rosidl_cmake-extras.cmake\n'}
[5.083885] (interface_pkg) StdoutLine: {'line': b'-- Installing: /home/hun/YongYiHanYong/install/interface_pkg/share/interface_pkg/cmake/ament_cmake_export_dependencies-extras.cmake\n'}
[5.084071] (interface_pkg) StdoutLine: {'line': b'-- Up-to-date: /home/hun/YongYiHanYong/install/interface_pkg/share/interface_pkg/cmake/ament_cmake_export_include_directories-extras.cmake\n'}
[5.084158] (interface_pkg) StdoutLine: {'line': b'-- Up-to-date: /home/hun/YongYiHanYong/install/interface_pkg/share/interface_pkg/cmake/ament_cmake_export_libraries-extras.cmake\n'}
[5.084823] (interface_pkg) StdoutLine: {'line': b'-- Up-to-date: /home/hun/YongYiHanYong/install/interface_pkg/share/interface_pkg/cmake/ament_cmake_export_targets-extras.cmake\n'}
[5.085009] (interface_pkg) StdoutLine: {'line': b'-- Up-to-date: /home/hun/YongYiHanYong/install/interface_pkg/share/interface_pkg/cmake/rosidl_cmake_export_typesupport_targets-extras.cmake\n'}
[5.085222] (interface_pkg) StdoutLine: {'line': b'-- Up-to-date: /home/hun/YongYiHanYong/install/interface_pkg/share/interface_pkg/cmake/rosidl_cmake_export_typesupport_libraries-extras.cmake\n'}
[5.085400] (interface_pkg) StdoutLine: {'line': b'-- Up-to-date: /home/hun/YongYiHanYong/install/interface_pkg/share/interface_pkg/cmake/interface_pkgConfig.cmake\n'}
[5.085525] (interface_pkg) StdoutLine: {'line': b'-- Up-to-date: /home/hun/YongYiHanYong/install/interface_pkg/share/interface_pkg/cmake/interface_pkgConfig-version.cmake\n'}
[5.085690] (interface_pkg) StdoutLine: {'line': b'-- Installing: /home/hun/YongYiHanYong/install/interface_pkg/share/interface_pkg/package.xml\n'}
[5.086348] (interface_pkg) CommandEnded: {'returncode': 0}
[5.104724] (interface_pkg) JobEnded: {'identifier': 'interface_pkg', 'rc': 0}
[5.105652] (llm_for_pick_place_voice) JobStarted: {'identifier': 'llm_for_pick_place_voice'}
[5.107179] (-) TimerEvent: {}
[5.207430] (-) TimerEvent: {}
[5.307808] (-) TimerEvent: {}
[5.409274] (-) TimerEvent: {}
[5.448605] (yolo_depth_interfaces) StdoutLine: {'line': b'[  5%] \x1b[32mBuilding C object CMakeFiles/yolo_depth_interfaces__rosidl_generator_c.dir/rosidl_generator_c/yolo_depth_interfaces/msg/detail/object_depth_array__functions.c.o\x1b[0m\n'}
[5.454285] (yolo_depth_interfaces) StdoutLine: {'line': b'[  6%] \x1b[32mBuilding C object CMakeFiles/yolo_depth_interfaces__rosidl_generator_c.dir/rosidl_generator_c/yolo_depth_interfaces/msg/detail/object_depth__functions.c.o\x1b[0m\n'}
[5.454694] (yolo_depth_interfaces) StdoutLine: {'line': b'[  8%] \x1b[32mBuilding C object CMakeFiles/yolo_depth_interfaces__rosidl_generator_c.dir/rosidl_generator_c/yolo_depth_interfaces/msg/detail/object_depth_array__type_support.c.o\x1b[0m\n'}
[5.454941] (yolo_depth_interfaces) StdoutLine: {'line': b'[  9%] \x1b[32mBuilding C object CMakeFiles/yolo_depth_interfaces__rosidl_generator_c.dir/rosidl_generator_c/yolo_depth_interfaces/msg/detail/object_depth__description.c.o\x1b[0m\n'}
[5.455107] (yolo_depth_interfaces) StdoutLine: {'line': b'[ 10%] \x1b[32mBuilding C object CMakeFiles/yolo_depth_interfaces__rosidl_generator_c.dir/rosidl_generator_c/yolo_depth_interfaces/msg/detail/object_depth__type_support.c.o\x1b[0m\n'}
[5.455279] (yolo_depth_interfaces) StdoutLine: {'line': b'[ 12%] \x1b[32mBuilding C object CMakeFiles/yolo_depth_interfaces__rosidl_generator_c.dir/rosidl_generator_c/yolo_depth_interfaces/srv/detail/set_target__description.c.o\x1b[0m\n'}
[5.455439] (yolo_depth_interfaces) StdoutLine: {'line': b'[ 13%] \x1b[32mBuilding C object CMakeFiles/yolo_depth_interfaces__rosidl_generator_c.dir/rosidl_generator_c/yolo_depth_interfaces/msg/detail/object_depth_array__description.c.o\x1b[0m\n'}
[5.459245] (yolo_depth_interfaces) StdoutLine: {'line': b'[ 14%] \x1b[32mBuilding C object CMakeFiles/yolo_depth_interfaces__rosidl_generator_c.dir/rosidl_generator_c/yolo_depth_interfaces/srv/detail/move_to_point__type_support.c.o\x1b[0m\n'}
[5.459415] (yolo_depth_interfaces) StdoutLine: {'line': b'[ 16%] \x1b[32mBuilding C object CMakeFiles/yolo_depth_interfaces__rosidl_generator_c.dir/rosidl_generator_c/yolo_depth_interfaces/srv/detail/set_target__type_support.c.o\x1b[0m\n'}
[5.459495] (yolo_depth_interfaces) StdoutLine: {'line': b'[ 17%] \x1b[32mBuilding C object CMakeFiles/yolo_depth_interfaces__rosidl_generator_c.dir/rosidl_generator_c/yolo_depth_interfaces/srv/detail/move_to_point__functions.c.o\x1b[0m\n'}
[5.459564] (yolo_depth_interfaces) StdoutLine: {'line': b'[ 18%] \x1b[32mBuilding C object CMakeFiles/yolo_depth_interfaces__rosidl_generator_c.dir/rosidl_generator_c/yolo_depth_interfaces/srv/detail/set_target__functions.c.o\x1b[0m\n'}
[5.461327] (yolo_depth_interfaces) StdoutLine: {'line': b'[ 20%] \x1b[32mBuilding C object CMakeFiles/yolo_depth_interfaces__rosidl_generator_c.dir/rosidl_generator_c/yolo_depth_interfaces/srv/detail/move_to_point__description.c.o\x1b[0m\n'}
[5.501662] (yolo_depth_interfaces) StdoutLine: {'line': b'[ 21%] \x1b[32mBuilding C object CMakeFiles/yolo_depth_interfaces__rosidl_generator_c.dir/rosidl_generator_c/yolo_depth_interfaces/srv/detail/target_center__description.c.o\x1b[0m\n'}
[5.509372] (-) TimerEvent: {}
[5.511287] (yolo_depth_interfaces) StdoutLine: {'line': b'[ 22%] \x1b[32mBuilding C object CMakeFiles/yolo_depth_interfaces__rosidl_generator_c.dir/rosidl_generator_c/yolo_depth_interfaces/srv/detail/target_center__type_support.c.o\x1b[0m\n'}
[5.512140] (yolo_depth_interfaces) StdoutLine: {'line': b'[ 24%] \x1b[32mBuilding C object CMakeFiles/yolo_depth_interfaces__rosidl_generator_c.dir/rosidl_generator_c/yolo_depth_interfaces/srv/detail/target_center__functions.c.o\x1b[0m\n'}
[5.603217] (yolo_depth_interfaces) StdoutLine: {'line': b'[ 25%] \x1b[32m\x1b[1mLinking C shared library libyolo_depth_interfaces__rosidl_generator_c.so\x1b[0m\n'}
[5.609500] (-) TimerEvent: {}
[5.649711] (yolo_depth_interfaces) StdoutLine: {'line': b'[ 25%] Built target yolo_depth_interfaces__rosidl_generator_c\n'}
[5.660404] (yolo_depth_interfaces) StdoutLine: {'line': b'[ 27%] \x1b[34m\x1b[1mGenerating C type support for eProsima Fast-RTPS\x1b[0m\n'}
[5.664517] (yolo_depth_interfaces) StdoutLine: {'line': b'[ 33%] \x1b[34m\x1b[1mGenerating C++ type support dispatch for ROS interfaces\x1b[0m\n'}
[5.664693] (yolo_depth_interfaces) StdoutLine: {'line': b'[ 33%] \x1b[34m\x1b[1mGenerating C++ type support for eProsima Fast-RTPS\x1b[0m\n'}
[5.664776] (yolo_depth_interfaces) StdoutLine: {'line': b'[ 33%] \x1b[34m\x1b[1mGenerating C++ introspection for ROS interfaces\x1b[0m\n'}
[5.664857] (yolo_depth_interfaces) StdoutLine: {'line': b'[ 33%] \x1b[34m\x1b[1mGenerating C type support dispatch for ROS interfaces\x1b[0m\n'}
[5.664926] (yolo_depth_interfaces) StdoutLine: {'line': b'[ 33%] \x1b[34m\x1b[1mGenerating C introspection for ROS interfaces\x1b[0m\n'}
[5.709591] (-) TimerEvent: {}
[5.810572] (-) TimerEvent: {}
[5.910986] (-) TimerEvent: {}
[6.011321] (-) TimerEvent: {}
[6.036396] (llm_for_pick_place_voice) Command: {'cmd': ['/usr/bin/python3', '-W', 'ignore:setup.py install is deprecated', '-W', 'ignore:easy_install command is deprecated', 'setup.py', 'egg_info', '--egg-base', '../../build/llm_for_pick_place_voice', 'build', '--build-base', '/home/hun/YongYiHanYong/build/llm_for_pick_place_voice/build', 'install', '--record', '/home/hun/YongYiHanYong/build/llm_for_pick_place_voice/install.log', '--single-version-externally-managed', 'install_data'], 'cwd': '/home/hun/YongYiHanYong/src/llm_for_pick_place_voice', 'env': {'LESSOPEN': '| /usr/bin/lesspipe %s', 'GZ_SIM_RESOURCE_PATH': '/opt/ros/jazzy/share', 'USER': 'hun', 'GZ_CONFIG_PATH': '/opt/ros/jazzy/opt/gz_sim_vendor/share/gz:/opt/ros/jazzy/opt/sdformat_vendor/share/gz:/opt/ros/jazzy/opt/gz_gui_vendor/share/gz:/opt/ros/jazzy/opt/gz_transport_vendor/share/gz:/opt/ros/jazzy/opt/gz_rendering_vendor/share/gz:/opt/ros/jazzy/opt/gz_plugin_vendor/share/gz:/opt/ros/jazzy/opt/gz_fuel_tools_vendor/share/gz:/opt/ros/jazzy/opt/gz_msgs_vendor/share/gz:/opt/ros/jazzy/opt/gz_common_vendor/share/gz', 'XDG_SESSION_TYPE': 'wayland', 'SHLVL': '1', 'LD_LIBRARY_PATH': '/home/hun/YongYiHanYong/install/interface_pkg/lib:/opt/ros/jazzy/opt/gz_sim_vendor/lib:/opt/ros/jazzy/opt/gz_sensors_vendor/lib:/opt/ros/jazzy/opt/gz_physics_vendor/lib:/opt/ros/jazzy/opt/sdformat_vendor/lib:/opt/ros/jazzy/opt/rviz_ogre_vendor/lib:/opt/ros/jazzy/lib/x86_64-linux-gnu:/opt/ros/jazzy/opt/gz_gui_vendor/lib:/opt/ros/jazzy/opt/gz_transport_vendor/lib:/opt/ros/jazzy/opt/gz_rendering_vendor/lib:/opt/ros/jazzy/opt/gz_plugin_vendor/lib:/opt/ros/jazzy/opt/gz_fuel_tools_vendor/lib:/opt/ros/jazzy/opt/gz_msgs_vendor/lib:/opt/ros/jazzy/opt/gz_common_vendor/lib:/opt/ros/jazzy/opt/gz_math_vendor/lib:/opt/ros/jazzy/opt/gz_utils_vendor/lib:/opt/ros/jazzy/opt/gz_tools_vendor/lib:/opt/ros/jazzy/opt/gz_ogre_next_vendor/lib:/opt/ros/jazzy/opt/gz_dartsim_vendor/lib:/opt/ros/jazzy/opt/gz_cmake_vendor/lib:/opt/ros/jazzy/lib', 'HOME': '/home/hun', 'OLDPWD': '/home/hun', 'DESKTOP_SESSION': 'ubuntu', 'NVM_BIN': '/home/hun/.nvm/versions/node/v24.11.1/bin', 'NVM_INC': '/home/hun/.nvm/versions/node/v24.11.1/include/node', 'ROS_PYTHON_VERSION': '3', 'GNOME_SHELL_SESSION_MODE': 'ubuntu', 'GTK_MODULES': 'gail:atk-bridge', 'MANAGERPID': '2265', 'SYSTEMD_EXEC_PID': '2940', 'GSM_SKIP_SSH_AGENT_WORKAROUND': 'true', 'DBUS_SESSION_BUS_ADDRESS': 'unix:path=/run/user/1000/bus', 'COLORTERM': 'truecolor', 'TERMINATOR_DBUS_NAME': 'net.tenshu.Terminator25ef4b219e3b005583550f2b0f9f990c3', 'GIO_LAUNCHED_DESKTOP_FILE_PID': '4489', 'GNOME_KEYRING_CONTROL': '/run/user/1000/keyring', 'NVM_DIR': '/home/hun/.nvm', 'DEBUGINFOD_URLS': 'https://debuginfod.ubuntu.com', 'IM_CONFIG_PHASE': '1', 'WAYLAND_DISPLAY': 'wayland-0', 'COLCON_PREFIX_PATH': '/home/hun/YongYiHanYong/install', 'ROS_DISTRO': 'jazzy', 'LOGNAME': 'hun', 'JOURNAL_STREAM': '9:21874', '_': '/usr/bin/colcon', 'ROS_VERSION': '2', 'MEMORY_PRESSURE_WATCH': '/sys/fs/cgroup/user.slice/user-1000.slice/user@1000.service/session.slice/org.gnome.SettingsDaemon.MediaKeys.service/memory.pressure', 'XDG_SESSION_CLASS': 'user', 'USERNAME': 'hun', 'TERM': 'xterm-256color', 'GNOME_DESKTOP_SESSION_ID': 'this-is-deprecated', 'PATH': '/home/hun/.nvm/versions/node/v24.11.1/bin:/opt/ros/jazzy/opt/gz_msgs_vendor/bin:/opt/ros/jazzy/opt/gz_tools_vendor/bin:/opt/ros/jazzy/opt/gz_ogre_next_vendor/bin:/opt/ros/jazzy/bin:/home/hun/.local/bin:/usr/local/sbin:/usr/local/bin:/usr/sbin:/usr/bin:/sbin:/bin:/usr/games:/usr/local/games:/snap/bin:/snap/bin', 'SESSION_MANAGER': 'local/airos:@/tmp/.ICE-unix/2692,unix/airos:/tmp/.ICE-unix/2692', 'INVOCATION_ID': '4cd9f93c642348feae55c242511447f4', 'XDG_MENU_PREFIX': 'gnome-', 'GNOME_SETUP_DISPLAY': ':1', 'XDG_RUNTIME_DIR': '/run/user/1000', 'DISPLAY': ':0', 'TERMINATOR_DBUS_PATH': '/net/tenshu/Terminator2', 'LANG': 'en_US.UTF-8', 'XDG_CURRENT_DESKTOP': 'ubuntu:GNOME', 'XMODIFIERS': '@im=ibus', 'XDG_SESSION_DESKTOP': 'ubuntu', 'XAUTHORITY': '/run/user/1000/.mutter-Xwaylandauth.5SXRG3', 'LS_COLORS': 'rs=0:di=01;34:ln=01;36:mh=00:pi=40;33:so=01;35:do=01;35:bd=40;33;01:cd=40;33;01:or=40;31;01:mi=00:su=37;41:sg=30;43:ca=00:tw=30;42:ow=34;42:st=37;44:ex=01;32:*.tar=01;31:*.tgz=01;31:*.arc=01;31:*.arj=01;31:*.taz=01;31:*.lha=01;31:*.lz4=01;31:*.lzh=01;31:*.lzma=01;31:*.tlz=01;31:*.txz=01;31:*.tzo=01;31:*.t7z=01;31:*.zip=01;31:*.z=01;31:*.dz=01;31:*.gz=01;31:*.lrz=01;31:*.lz=01;31:*.lzo=01;31:*.xz=01;31:*.zst=01;31:*.tzst=01;31:*.bz2=01;31:*.bz=01;31:*.tbz=01;31:*.tbz2=01;31:*.tz=01;31:*.deb=01;31:*.rpm=01;31:*.jar=01;31:*.war=01;31:*.ear=01;31:*.sar=01;31:*.rar=01;31:*.alz=01;31:*.ace=01;31:*.zoo=01;31:*.cpio=01;31:*.7z=01;31:*.rz=01;31:*.cab=01;31:*.wim=01;31:*.swm=01;31:*.dwm=01;31:*.esd=01;31:*.avif=01;35:*.jpg=01;35:*.jpeg=01;35:*.mjpg=01;35:*.mjpeg=01;35:*.gif=01;35:*.bmp=01;35:*.pbm=01;35:*.pgm=01;35:*.ppm=01;35:*.tga=01;35:*.xbm=01;35:*.xpm=01;35:*.tif=01;35:*.tiff=01;35:*.png=01;35:*.svg=01;35:*.svgz=01;35:*.mng=01;35:*.pcx=01;35:*.mov=01;35:*.mpg=01;35:*.mpeg=01;35:*.m2v=01;35:*.mkv=01;35:*.webm=01;35:*.webp=01;35:*.ogm=01;35:*.mp4=01;35:*.m4v=01;35:*.mp4v=01;35:*.vob=01;35:*.qt=01;35:*.nuv=01;35:*.wmv=01;35:*.asf=01;35:*.rm=01;35:*.rmvb=01;35:*.flc=01;35:*.avi=01;35:*.fli=01;35:*.flv=01;35:*.gl=01;35:*.dl=01;35:*.xcf=01;35:*.xwd=01;35:*.yuv=01;35:*.cgm=01;35:*.emf=01;35:*.ogv=01;35:*.ogx=01;35:*.aac=00;36:*.au=00;36:*.flac=00;36:*.m4a=00;36:*.mid=00;36:*.midi=00;36:*.mka=00;36:*.mp3=00;36:*.mpc=00;36:*.ogg=00;36:*.ra=00;36:*.wav=00;36:*.oga=00;36:*.opus=00;36:*.spx=00;36:*.xspf=00;36:*~=00;90:*#=00;90:*.bak=00;90:*.crdownload=00;90:*.dpkg-dist=00;90:*.dpkg-new=00;90:*.dpkg-old=00;90:*.dpkg-tmp=00;90:*.old=00;90:*.orig=00;90:*.part=00;90:*.rej=00;90:*.rpmnew=00;90:*.rpmorig=00;90:*.rpmsave=00;90:*.swp=00;90:*.tmp=00;90:*.ucf-dist=00;90:*.ucf-new=00;90:*.ucf-old=00;90:', 'SSH_AUTH_SOCK': '/run/user/1000/keyring/ssh', 'AMENT_PREFIX_PATH': '/home/hun/YongYiHanYong/install/yolo_realsense:/home/hun/YongYiHanYong/install/interface_pkg:/home/hun/YongYiHanYong/install/llm_for_pick_place_voice:/opt/ros/jazzy', 'SHELL': '/bin/bash', 'TERMINATOR_UUID': 'urn:uuid:67c9869f-f13d-4ac4-b12a-f3533a42efdb', 'QT_ACCESSIBILITY': '1', 'GDMSESSION': 'ubuntu', 'LESSCLOSE': '/usr/bin/lesspipe %s %s', 'ROS_AUTOMATIC_DISCOVERY_RANGE': 'SUBNET', 'QT_IM_MODULE': 'ibus', 'PWD': '/home/hun/YongYiHanYong/build/llm_for_pick_place_voice', 'LC_ALL': 'en_US.UTF-8', 'XDG_CONFIG_DIRS': '/etc/xdg/xdg-ubuntu:/etc/xdg', 'NVM_CD_FLAGS': '', 'XDG_DATA_DIRS': '/usr/share/ubuntu:/usr/share/gnome:/usr/local/share/:/usr/share/:/var/lib/snapd/desktop', 'PYTHONPATH': '/home/hun/YongYiHanYong/build/llm_for_pick_place_voice/prefix_override:/usr/lib/python3/dist-packages/colcon_core/task/python/colcon_distutils_commands:/home/hun/YongYiHanYong/install/llm_for_pick_place_voice/lib/python3.12/site-packages:/home/hun/YongYiHanYong/install/interface_pkg/lib/python3.12/site-packages:/home/hun/YongYiHanYong/install/yolo_realsense/lib/python3.12/site-packages:/home/hun/YongYiHanYong/build/llm_for_pick_place_voice:/home/hun/YongYiHanYong/install/llm_for_pick_place_voice/lib/python3.12/site-packages:/opt/ros/jazzy/lib/python3.12/site-packages', 'COLCON': '1', 'MEMORY_PRESSURE_WRITE': 'c29tZSAyMDAwMDAgMjAwMDAwMAA=', 'VTE_VERSION': '7600', 'CMAKE_PREFIX_PATH': '/home/hun/YongYiHanYong/install/interface_pkg:/opt/ros/jazzy/opt/gz_sim_vendor:/opt/ros/jazzy/opt/gz_sensors_vendor:/opt/ros/jazzy/opt/gz_physics_vendor:/opt/ros/jazzy/opt/sdformat_vendor:/opt/ros/jazzy/opt/gz_gui_vendor:/opt/ros/jazzy/opt/gz_transport_vendor:/opt/ros/jazzy/opt/gz_rendering_vendor:/opt/ros/jazzy/opt/gz_plugin_vendor:/opt/ros/jazzy/opt/gz_fuel_tools_vendor:/opt/ros/jazzy/opt/gz_msgs_vendor:/opt/ros/jazzy/opt/gz_common_vendor:/opt/ros/jazzy/opt/gz_math_vendor:/opt/ros/jazzy/opt/gz_utils_vendor:/opt/ros/jazzy/opt/gz_tools_vendor:/opt/ros/jazzy/opt/gz_ogre_next_vendor:/opt/ros/jazzy/opt/gz_dartsim_vendor:/opt/ros/jazzy/opt/gz_cmake_vendor'}, 'shell': False}
[6.112030] (-) TimerEvent: {}
[6.143031] (yolo_depth_interfaces) StdoutLine: {'line': b'[ 36%] \x1b[32mBuilding CXX object CMakeFiles/yolo_depth_interfaces__rosidl_typesupport_fastrtps_c.dir/rosidl_typesupport_fastrtps_c/yolo_depth_interfaces/msg/detail/object_depth__type_support_c.cpp.o\x1b[0m\n'}
[6.147899] (yolo_depth_interfaces) StdoutLine: {'line': b'[ 36%] \x1b[32mBuilding CXX object CMakeFiles/yolo_depth_interfaces__rosidl_typesupport_fastrtps_c.dir/rosidl_typesupport_fastrtps_c/yolo_depth_interfaces/srv/detail/set_target__type_support_c.cpp.o\x1b[0m\n'}
[6.148160] (yolo_depth_interfaces) StdoutLine: {'line': b'[ 37%] \x1b[32mBuilding CXX object CMakeFiles/yolo_depth_interfaces__rosidl_typesupport_fastrtps_c.dir/rosidl_typesupport_fastrtps_c/yolo_depth_interfaces/srv/detail/target_center__type_support_c.cpp.o\x1b[0m\n'}
[6.148302] (yolo_depth_interfaces) StdoutLine: {'line': b'[ 39%] \x1b[32mBuilding CXX object CMakeFiles/yolo_depth_interfaces__rosidl_typesupport_fastrtps_c.dir/rosidl_typesupport_fastrtps_c/yolo_depth_interfaces/srv/detail/move_to_point__type_support_c.cpp.o\x1b[0m\n'}
[6.148501] (yolo_depth_interfaces) StdoutLine: {'line': b'[ 40%] \x1b[32mBuilding CXX object CMakeFiles/yolo_depth_interfaces__rosidl_typesupport_fastrtps_c.dir/rosidl_typesupport_fastrtps_c/yolo_depth_interfaces/msg/detail/object_depth_array__type_support_c.cpp.o\x1b[0m\n'}
[6.170269] (yolo_depth_interfaces) StdoutLine: {'line': b'[ 41%] \x1b[32mBuilding CXX object CMakeFiles/yolo_depth_interfaces__rosidl_typesupport_cpp.dir/rosidl_typesupport_cpp/yolo_depth_interfaces/msg/object_depth__type_support.cpp.o\x1b[0m\n'}
[6.195122] (yolo_depth_interfaces) StdoutLine: {'line': b'[ 43%] \x1b[32mBuilding CXX object CMakeFiles/yolo_depth_interfaces__rosidl_typesupport_cpp.dir/rosidl_typesupport_cpp/yolo_depth_interfaces/msg/object_depth_array__type_support.cpp.o\x1b[0m\n'}
[6.195437] (yolo_depth_interfaces) StdoutLine: {'line': b'[ 44%] \x1b[32mBuilding CXX object CMakeFiles/yolo_depth_interfaces__rosidl_typesupport_cpp.dir/rosidl_typesupport_cpp/yolo_depth_interfaces/srv/set_target__type_support.cpp.o\x1b[0m\n'}
[6.212127] (-) TimerEvent: {}
[6.212680] (yolo_depth_interfaces) StdoutLine: {'line': b'[ 45%] \x1b[32mBuilding CXX object CMakeFiles/yolo_depth_interfaces__rosidl_typesupport_c.dir/rosidl_typesupport_c/yolo_depth_interfaces/msg/object_depth__type_support.cpp.o\x1b[0m\n'}
[6.282095] (yolo_depth_interfaces) StdoutLine: {'line': b'[ 47%] \x1b[32mBuilding CXX object CMakeFiles/yolo_depth_interfaces__rosidl_typesupport_c.dir/rosidl_typesupport_c/yolo_depth_interfaces/msg/object_depth_array__type_support.cpp.o\x1b[0m\n'}
[6.312233] (-) TimerEvent: {}
[6.367810] (yolo_depth_interfaces) StdoutLine: {'line': b'[ 48%] \x1b[32mBuilding CXX object CMakeFiles/yolo_depth_interfaces__rosidl_typesupport_c.dir/rosidl_typesupport_c/yolo_depth_interfaces/srv/set_target__type_support.cpp.o\x1b[0m\n'}
[6.412339] (-) TimerEvent: {}
[6.497653] (yolo_depth_interfaces) StdoutLine: {'line': b'[ 50%] \x1b[32mBuilding CXX object CMakeFiles/yolo_depth_interfaces__rosidl_typesupport_c.dir/rosidl_typesupport_c/yolo_depth_interfaces/srv/move_to_point__type_support.cpp.o\x1b[0m\n'}
[6.512439] (-) TimerEvent: {}
[6.543359] (yolo_depth_interfaces) StdoutLine: {'line': b'[ 51%] \x1b[32mBuilding CXX object CMakeFiles/yolo_depth_interfaces__rosidl_typesupport_introspection_cpp.dir/rosidl_typesupport_introspection_cpp/yolo_depth_interfaces/msg/detail/object_depth__type_support.cpp.o\x1b[0m\n'}
[6.559045] (yolo_depth_interfaces) StdoutLine: {'line': b'[ 52%] \x1b[32mBuilding C object CMakeFiles/yolo_depth_interfaces__rosidl_typesupport_introspection_c.dir/rosidl_typesupport_introspection_c/yolo_depth_interfaces/msg/detail/object_depth__type_support.c.o\x1b[0m\n'}
[6.612560] (-) TimerEvent: {}
[6.661093] (yolo_depth_interfaces) StdoutLine: {'line': b'[ 54%] \x1b[32mBuilding CXX object CMakeFiles/yolo_depth_interfaces__rosidl_typesupport_c.dir/rosidl_typesupport_c/yolo_depth_interfaces/srv/target_center__type_support.cpp.o\x1b[0m\n'}
[6.661582] (yolo_depth_interfaces) StdoutLine: {'line': b'[ 55%] \x1b[32mBuilding C object CMakeFiles/yolo_depth_interfaces__rosidl_typesupport_introspection_c.dir/rosidl_typesupport_introspection_c/yolo_depth_interfaces/msg/detail/object_depth_array__type_support.c.o\x1b[0m\n'}
[6.667064] (llm_for_pick_place_voice) StdoutLine: {'line': b'running egg_info\n'}
[6.675428] (yolo_depth_interfaces) StdoutLine: {'line': b'[ 56%] \x1b[32mBuilding C object CMakeFiles/yolo_depth_interfaces__rosidl_typesupport_introspection_c.dir/rosidl_typesupport_introspection_c/yolo_depth_interfaces/srv/detail/set_target__type_support.c.o\x1b[0m\n'}
[6.714024] (-) TimerEvent: {}
[6.747245] (yolo_depth_interfaces) StdoutLine: {'line': b'[ 58%] \x1b[32m\x1b[1mLinking CXX shared library libyolo_depth_interfaces__rosidl_typesupport_c.so\x1b[0m\n'}
[6.750336] (yolo_depth_interfaces) StdoutLine: {'line': b'[ 59%] \x1b[32mBuilding C object CMakeFiles/yolo_depth_interfaces__rosidl_typesupport_introspection_c.dir/rosidl_typesupport_introspection_c/yolo_depth_interfaces/srv/detail/move_to_point__type_support.c.o\x1b[0m\n'}
[6.760095] (llm_for_pick_place_voice) StdoutLine: {'line': b'writing ../../build/llm_for_pick_place_voice/llm_for_pick_place_voice.egg-info/PKG-INFO\n'}
[6.761263] (llm_for_pick_place_voice) StdoutLine: {'line': b'writing dependency_links to ../../build/llm_for_pick_place_voice/llm_for_pick_place_voice.egg-info/dependency_links.txt\n'}
[6.762241] (llm_for_pick_place_voice) StdoutLine: {'line': b'writing entry points to ../../build/llm_for_pick_place_voice/llm_for_pick_place_voice.egg-info/entry_points.txt\n'}
[6.764066] (llm_for_pick_place_voice) StdoutLine: {'line': b'writing requirements to ../../build/llm_for_pick_place_voice/llm_for_pick_place_voice.egg-info/requires.txt\n'}
[6.764303] (llm_for_pick_place_voice) StdoutLine: {'line': b'writing top-level names to ../../build/llm_for_pick_place_voice/llm_for_pick_place_voice.egg-info/top_level.txt\n'}
[6.767206] (yolo_depth_interfaces) StdoutLine: {'line': b'[ 60%] \x1b[32mBuilding CXX object CMakeFiles/yolo_depth_interfaces__rosidl_typesupport_cpp.dir/rosidl_typesupport_cpp/yolo_depth_interfaces/srv/move_to_point__type_support.cpp.o\x1b[0m\n'}
[6.778629] (yolo_depth_interfaces) StdoutLine: {'line': b'[ 62%] \x1b[32mBuilding CXX object CMakeFiles/yolo_depth_interfaces__rosidl_typesupport_cpp.dir/rosidl_typesupport_cpp/yolo_depth_interfaces/srv/target_center__type_support.cpp.o\x1b[0m\n'}
[6.792815] (yolo_depth_interfaces) StdoutLine: {'line': b'[ 63%] \x1b[32mBuilding CXX object CMakeFiles/yolo_depth_interfaces__rosidl_typesupport_introspection_cpp.dir/rosidl_typesupport_introspection_cpp/yolo_depth_interfaces/msg/detail/object_depth_array__type_support.cpp.o\x1b[0m\n'}
[6.814135] (-) TimerEvent: {}
[6.837117] (yolo_depth_interfaces) StdoutLine: {'line': b'[ 64%] \x1b[32mBuilding CXX object CMakeFiles/yolo_depth_interfaces__rosidl_typesupport_fastrtps_cpp.dir/rosidl_typesupport_fastrtps_cpp/yolo_depth_interfaces/msg/detail/dds_fastrtps/object_depth__type_support.cpp.o\x1b[0m\n'}
[6.840554] (yolo_depth_interfaces) StdoutLine: {'line': b'[ 64%] Built target yolo_depth_interfaces__rosidl_typesupport_c\n'}
[6.847719] (yolo_depth_interfaces) StdoutLine: {'line': b'[ 66%] \x1b[32mBuilding C object CMakeFiles/yolo_depth_interfaces__rosidl_typesupport_introspection_c.dir/rosidl_typesupport_introspection_c/yolo_depth_interfaces/srv/detail/target_center__type_support.c.o\x1b[0m\n'}
[6.862016] (yolo_depth_interfaces) StdoutLine: {'line': b'[ 67%] \x1b[32mBuilding CXX object CMakeFiles/yolo_depth_interfaces__rosidl_typesupport_introspection_cpp.dir/rosidl_typesupport_introspection_cpp/yolo_depth_interfaces/srv/detail/set_target__type_support.cpp.o\x1b[0m\n'}
[6.862279] (llm_for_pick_place_voice) StdoutLine: {'line': b"reading manifest file '../../build/llm_for_pick_place_voice/llm_for_pick_place_voice.egg-info/SOURCES.txt'\n"}
[6.863346] (llm_for_pick_place_voice) StdoutLine: {'line': b"writing manifest file '../../build/llm_for_pick_place_voice/llm_for_pick_place_voice.egg-info/SOURCES.txt'\n"}
[6.864702] (llm_for_pick_place_voice) StdoutLine: {'line': b'running build\n'}
[6.865513] (llm_for_pick_place_voice) StdoutLine: {'line': b'running build_py\n'}
[6.867157] (llm_for_pick_place_voice) StdoutLine: {'line': b'copying llm_for_pick_place_voice/get_keyword_client.py -> /home/hun/YongYiHanYong/build/llm_for_pick_place_voice/build/lib/llm_for_pick_place_voice\n'}
[6.869794] (llm_for_pick_place_voice) StdoutLine: {'line': b'running install\n'}
[6.880626] (llm_for_pick_place_voice) StdoutLine: {'line': b'running install_lib\n'}
[6.912439] (yolo_depth_interfaces) StdoutLine: {'line': b'[ 68%] \x1b[32mBuilding CXX object CMakeFiles/yolo_depth_interfaces__rosidl_typesupport_introspection_cpp.dir/rosidl_typesupport_introspection_cpp/yolo_depth_interfaces/srv/detail/move_to_point__type_support.cpp.o\x1b[0m\n'}
[6.914418] (-) TimerEvent: {}
[6.930332] (yolo_depth_interfaces) StdoutLine: {'line': b'[ 70%] \x1b[32m\x1b[1mLinking C shared library libyolo_depth_interfaces__rosidl_typesupport_introspection_c.so\x1b[0m\n'}
[6.946549] (llm_for_pick_place_voice) StdoutLine: {'line': b'copying /home/hun/YongYiHanYong/build/llm_for_pick_place_voice/build/lib/llm_for_pick_place_voice/get_keyword_client.py -> /home/hun/YongYiHanYong/install/llm_for_pick_place_voice/lib/python3.12/site-packages/llm_for_pick_place_voice\n'}
[6.954077] (yolo_depth_interfaces) StdoutLine: {'line': b'[ 71%] \x1b[32mBuilding CXX object CMakeFiles/yolo_depth_interfaces__rosidl_typesupport_fastrtps_cpp.dir/rosidl_typesupport_fastrtps_cpp/yolo_depth_interfaces/msg/detail/dds_fastrtps/object_depth_array__type_support.cpp.o\x1b[0m\n'}
[6.955510] (llm_for_pick_place_voice) StdoutLine: {'line': b'byte-compiling /home/hun/YongYiHanYong/install/llm_for_pick_place_voice/lib/python3.12/site-packages/llm_for_pick_place_voice/get_keyword_client.py to get_keyword_client.cpython-312.pyc\n'}
[6.966862] (llm_for_pick_place_voice) StdoutLine: {'line': b'running install_data\n'}
[6.970181] (llm_for_pick_place_voice) StdoutLine: {'line': b'running install_egg_info\n'}
[7.014528] (-) TimerEvent: {}
[7.014777] (yolo_depth_interfaces) StdoutLine: {'line': b'[ 71%] Built target yolo_depth_interfaces__rosidl_typesupport_introspection_c\n'}
[7.031005] (yolo_depth_interfaces) StdoutLine: {'line': b'[ 72%] \x1b[32mBuilding CXX object CMakeFiles/yolo_depth_interfaces__rosidl_typesupport_introspection_cpp.dir/rosidl_typesupport_introspection_cpp/yolo_depth_interfaces/srv/detail/target_center__type_support.cpp.o\x1b[0m\n'}
[7.036288] (yolo_depth_interfaces) StdoutLine: {'line': b'[ 74%] \x1b[32mBuilding CXX object CMakeFiles/yolo_depth_interfaces__rosidl_typesupport_fastrtps_cpp.dir/rosidl_typesupport_fastrtps_cpp/yolo_depth_interfaces/srv/detail/dds_fastrtps/set_target__type_support.cpp.o\x1b[0m\n'}
[7.057853] (llm_for_pick_place_voice) StdoutLine: {'line': b"removing '/home/hun/YongYiHanYong/install/llm_for_pick_place_voice/lib/python3.12/site-packages/llm_for_pick_place_voice-0.0.0-py3.12.egg-info' (and everything under it)\n"}
[7.063043] (llm_for_pick_place_voice) StdoutLine: {'line': b'Copying ../../build/llm_for_pick_place_voice/llm_for_pick_place_voice.egg-info to /home/hun/YongYiHanYong/install/llm_for_pick_place_voice/lib/python3.12/site-packages/llm_for_pick_place_voice-0.0.0-py3.12.egg-info\n'}
[7.067095] (llm_for_pick_place_voice) StdoutLine: {'line': b'running install_scripts\n'}
[7.091368] (yolo_depth_interfaces) StdoutLine: {'line': b'[ 75%] \x1b[32mBuilding CXX object CMakeFiles/yolo_depth_interfaces__rosidl_typesupport_fastrtps_cpp.dir/rosidl_typesupport_fastrtps_cpp/yolo_depth_interfaces/srv/detail/dds_fastrtps/move_to_point__type_support.cpp.o\x1b[0m\n'}
[7.114639] (-) TimerEvent: {}
[7.162161] (yolo_depth_interfaces) StdoutLine: {'line': b'[ 77%] \x1b[32mBuilding CXX object CMakeFiles/yolo_depth_interfaces__rosidl_typesupport_fastrtps_cpp.dir/rosidl_typesupport_fastrtps_cpp/yolo_depth_interfaces/srv/detail/dds_fastrtps/target_center__type_support.cpp.o\x1b[0m\n'}
[7.217103] (-) TimerEvent: {}
[7.276248] (yolo_depth_interfaces) StdoutLine: {'line': b'[ 78%] \x1b[32m\x1b[1mLinking CXX shared library libyolo_depth_interfaces__rosidl_typesupport_fastrtps_c.so\x1b[0m\n'}
[7.317218] (-) TimerEvent: {}
[7.388980] (yolo_depth_interfaces) StdoutLine: {'line': b'[ 78%] Built target yolo_depth_interfaces__rosidl_typesupport_fastrtps_c\n'}
[7.410164] (llm_for_pick_place_voice) StdoutLine: {'line': b'Installing arrive_test script to /home/hun/YongYiHanYong/install/llm_for_pick_place_voice/lib/llm_for_pick_place_voice\n'}
[7.411376] (llm_for_pick_place_voice) StdoutLine: {'line': b'Installing get_keyword script to /home/hun/YongYiHanYong/install/llm_for_pick_place_voice/lib/llm_for_pick_place_voice\n'}
[7.411527] (llm_for_pick_place_voice) StdoutLine: {'line': b'Installing get_keyword_client script to /home/hun/YongYiHanYong/install/llm_for_pick_place_voice/lib/llm_for_pick_place_voice\n'}
[7.412411] (llm_for_pick_place_voice) StdoutLine: {'line': b'Installing ros_web_bridge script to /home/hun/YongYiHanYong/install/llm_for_pick_place_voice/lib/llm_for_pick_place_voice\n'}
[7.412519] (llm_for_pick_place_voice) StdoutLine: {'line': b'Installing stt script to /home/hun/YongYiHanYong/install/llm_for_pick_place_voice/lib/llm_for_pick_place_voice\n'}
[7.412702] (llm_for_pick_place_voice) StdoutLine: {'line': b'Installing test_robot script to /home/hun/YongYiHanYong/install/llm_for_pick_place_voice/lib/llm_for_pick_place_voice\n'}
[7.412811] (llm_for_pick_place_voice) StdoutLine: {'line': b'Installing wakeup_word script to /home/hun/YongYiHanYong/install/llm_for_pick_place_voice/lib/llm_for_pick_place_voice\n'}
[7.412883] (llm_for_pick_place_voice) StdoutLine: {'line': b"writing list of installed files to '/home/hun/YongYiHanYong/build/llm_for_pick_place_voice/install.log'\n"}
[7.419268] (-) TimerEvent: {}
[7.500878] (llm_for_pick_place_voice) CommandEnded: {'returncode': 0}
[7.512023] (llm_for_pick_place_voice) JobEnded: {'identifier': 'llm_for_pick_place_voice', 'rc': 0}
[7.519380] (-) TimerEvent: {}
[7.543467] (yolo_depth_interfaces) StdoutLine: {'line': b'[ 79%] \x1b[32m\x1b[1mLinking CXX shared library libyolo_depth_interfaces__rosidl_typesupport_cpp.so\x1b[0m\n'}
[7.619512] (-) TimerEvent: {}
[7.648346] (yolo_depth_interfaces) StdoutLine: {'line': b'[ 79%] Built target yolo_depth_interfaces__rosidl_typesupport_cpp\n'}
[7.719616] (-) TimerEvent: {}
[7.781476] (yolo_depth_interfaces) StdoutLine: {'line': b'[ 81%] \x1b[32m\x1b[1mLinking CXX shared library libyolo_depth_interfaces__rosidl_typesupport_introspection_cpp.so\x1b[0m\n'}
[7.819752] (-) TimerEvent: {}
[7.897369] (yolo_depth_interfaces) StdoutLine: {'line': b'[ 81%] Built target yolo_depth_interfaces__rosidl_typesupport_introspection_cpp\n'}
[7.919877] (-) TimerEvent: {}
[8.020223] (-) TimerEvent: {}
[8.020772] (yolo_depth_interfaces) StdoutLine: {'line': b'[ 82%] \x1b[32m\x1b[1mLinking CXX shared library libyolo_depth_interfaces__rosidl_typesupport_fastrtps_cpp.so\x1b[0m\n'}
[8.096873] (yolo_depth_interfaces) StdoutLine: {'line': b'[ 82%] Built target yolo_depth_interfaces__rosidl_typesupport_fastrtps_cpp\n'}
[8.116143] (yolo_depth_interfaces) StdoutLine: {'line': b'[ 82%] Built target yolo_depth_interfaces\n'}
[8.120332] (-) TimerEvent: {}
[8.138918] (yolo_depth_interfaces) StdoutLine: {'line': b'[ 83%] \x1b[34m\x1b[1mGenerating Python code for ROS interfaces\x1b[0m\n'}
[8.220436] (-) TimerEvent: {}
[8.320737] (-) TimerEvent: {}
[8.421055] (-) TimerEvent: {}
[8.521358] (-) TimerEvent: {}
[8.621700] (-) TimerEvent: {}
[8.721381] (yolo_depth_interfaces) StdoutLine: {'line': b'[ 83%] Built target yolo_depth_interfaces__py\n'}
[8.721769] (-) TimerEvent: {}
[8.747050] (yolo_depth_interfaces) StdoutLine: {'line': b'[ 85%] \x1b[32mBuilding C object CMakeFiles/yolo_depth_interfaces__rosidl_generator_py.dir/rosidl_generator_py/yolo_depth_interfaces/srv/_set_target_s.c.o\x1b[0m\n'}
[8.750800] (yolo_depth_interfaces) StdoutLine: {'line': b'[ 89%] \x1b[32mBuilding C object CMakeFiles/yolo_depth_interfaces__rosidl_generator_py.dir/rosidl_generator_py/yolo_depth_interfaces/msg/_object_depth_s.c.o\x1b[0m\n'}
[8.751108] (yolo_depth_interfaces) StdoutLine: {'line': b'[ 89%] \x1b[32mBuilding C object CMakeFiles/yolo_depth_interfaces__rosidl_generator_py.dir/rosidl_generator_py/yolo_depth_interfaces/srv/_target_center_s.c.o\x1b[0m\n'}
[8.751288] (yolo_depth_interfaces) StdoutLine: {'line': b'[ 89%] \x1b[32mBuilding C object CMakeFiles/yolo_depth_interfaces__rosidl_generator_py.dir/rosidl_generator_py/yolo_depth_interfaces/srv/_move_to_point_s.c.o\x1b[0m\n'}
[8.751362] (yolo_depth_interfaces) StdoutLine: {'line': b'[ 90%] \x1b[32mBuilding C object CMakeFiles/yolo_depth_interfaces__rosidl_generator_py.dir/rosidl_generator_py/yolo_depth_interfaces/msg/_object_depth_array_s.c.o\x1b[0m\n'}
[8.821874] (-) TimerEvent: {}
[8.920600] (yolo_depth_interfaces) StdoutLine: {'line': b'[ 91%] \x1b[32m\x1b[1mLinking C shared library libyolo_depth_interfaces__rosidl_generator_py.so\x1b[0m\n'}
[8.922004] (-) TimerEvent: {}
[8.966951] (yolo_depth_interfaces) StdoutLine: {'line': b'[ 91%] Built target yolo_depth_interfaces__rosidl_generator_py\n'}
[8.989310] (yolo_depth_interfaces) StdoutLine: {'line': b'[ 93%] \x1b[32mBuilding C object CMakeFiles/yolo_depth_interfaces_s__rosidl_typesupport_fastrtps_c.dir/rosidl_generator_py/yolo_depth_interfaces/_yolo_depth_interfaces_s.ep.rosidl_typesupport_fastrtps_c.c.o\x1b[0m\n'}
[8.991401] (yolo_depth_interfaces) StdoutLine: {'line': b'[ 94%] \x1b[32mBuilding C object CMakeFiles/yolo_depth_interfaces_s__rosidl_typesupport_introspection_c.dir/rosidl_generator_py/yolo_depth_interfaces/_yolo_depth_interfaces_s.ep.rosidl_typesupport_introspection_c.c.o\x1b[0m\n'}
[8.994451] (yolo_depth_interfaces) StdoutLine: {'line': b'[ 95%] \x1b[32mBuilding C object CMakeFiles/yolo_depth_interfaces_s__rosidl_typesupport_c.dir/rosidl_generator_py/yolo_depth_interfaces/_yolo_depth_interfaces_s.ep.rosidl_typesupport_c.c.o\x1b[0m\n'}
[9.022117] (-) TimerEvent: {}
[9.088429] (yolo_depth_interfaces) StdoutLine: {'line': b'[ 97%] \x1b[32m\x1b[1mLinking C shared module rosidl_generator_py/yolo_depth_interfaces/yolo_depth_interfaces_s__rosidl_typesupport_introspection_c.so\x1b[0m\n'}
[9.088767] (yolo_depth_interfaces) StdoutLine: {'line': b'[ 98%] \x1b[32m\x1b[1mLinking C shared module rosidl_generator_py/yolo_depth_interfaces/yolo_depth_interfaces_s__rosidl_typesupport_fastrtps_c.so\x1b[0m\n'}
[9.122225] (-) TimerEvent: {}
[9.129237] (yolo_depth_interfaces) StdoutLine: {'line': b'[100%] \x1b[32m\x1b[1mLinking C shared module rosidl_generator_py/yolo_depth_interfaces/yolo_depth_interfaces_s__rosidl_typesupport_c.so\x1b[0m\n'}
[9.133619] (yolo_depth_interfaces) StdoutLine: {'line': b'[100%] Built target yolo_depth_interfaces_s__rosidl_typesupport_fastrtps_c\n'}
[9.133788] (yolo_depth_interfaces) StdoutLine: {'line': b'[100%] Built target yolo_depth_interfaces_s__rosidl_typesupport_introspection_c\n'}
[9.167526] (yolo_depth_interfaces) StdoutLine: {'line': b'[100%] Built target yolo_depth_interfaces_s__rosidl_typesupport_c\n'}
[9.179367] (yolo_depth_interfaces) CommandEnded: {'returncode': 0}
[9.180522] (yolo_depth_interfaces) JobProgress: {'identifier': 'yolo_depth_interfaces', 'progress': 'install'}
[9.180785] (yolo_depth_interfaces) Command: {'cmd': ['/usr/bin/cmake', '--install', '/home/hun/YongYiHanYong/build/yolo_depth_interfaces'], 'cwd': '/home/hun/YongYiHanYong/build/yolo_depth_interfaces', 'env': OrderedDict({'LESSOPEN': '| /usr/bin/lesspipe %s', 'GZ_SIM_RESOURCE_PATH': '/opt/ros/jazzy/share', 'USER': 'hun', 'GZ_CONFIG_PATH': '/opt/ros/jazzy/opt/gz_sim_vendor/share/gz:/opt/ros/jazzy/opt/sdformat_vendor/share/gz:/opt/ros/jazzy/opt/gz_gui_vendor/share/gz:/opt/ros/jazzy/opt/gz_transport_vendor/share/gz:/opt/ros/jazzy/opt/gz_rendering_vendor/share/gz:/opt/ros/jazzy/opt/gz_plugin_vendor/share/gz:/opt/ros/jazzy/opt/gz_fuel_tools_vendor/share/gz:/opt/ros/jazzy/opt/gz_msgs_vendor/share/gz:/opt/ros/jazzy/opt/gz_common_vendor/share/gz', 'XDG_SESSION_TYPE': 'wayland', 'SHLVL': '1', 'LD_LIBRARY_PATH': '/home/hun/YongYiHanYong/install/interface_pkg/lib:/opt/ros/jazzy/opt/gz_sim_vendor/lib:/opt/ros/jazzy/opt/gz_sensors_vendor/lib:/opt/ros/jazzy/opt/gz_physics_vendor/lib:/opt/ros/jazzy/opt/sdformat_vendor/lib:/opt/ros/jazzy/opt/rviz_ogre_vendor/lib:/opt/ros/jazzy/lib/x86_64-linux-gnu:/opt/ros/jazzy/opt/gz_gui_vendor/lib:/opt/ros/jazzy/opt/gz_transport_vendor/lib:/opt/ros/jazzy/opt/gz_rendering_vendor/lib:/opt/ros/jazzy/opt/gz_plugin_vendor/lib:/opt/ros/jazzy/opt/gz_fuel_tools_vendor/lib:/opt/ros/jazzy/opt/gz_msgs_vendor/lib:/opt/ros/jazzy/opt/gz_common_vendor/lib:/opt/ros/jazzy/opt/gz_math_vendor/lib:/opt/ros/jazzy/opt/gz_utils_vendor/lib:/opt/ros/jazzy/opt/gz_tools_vendor/lib:/opt/ros/jazzy/opt/gz_ogre_next_vendor/lib:/opt/ros/jazzy/opt/gz_dartsim_vendor/lib:/opt/ros/jazzy/opt/gz_cmake_vendor/lib:/opt/ros/jazzy/lib', 'HOME': '/home/hun', 'OLDPWD': '/home/hun', 'DESKTOP_SESSION': 'ubuntu', 'NVM_BIN': '/home/hun/.nvm/versions/node/v24.11.1/bin', 'NVM_INC': '/home/hun/.nvm/versions/node/v24.11.1/include/node', 'ROS_PYTHON_VERSION': '3', 'GNOME_SHELL_SESSION_MODE': 'ubuntu', 'GTK_MODULES': 'gail:atk-bridge', 'MANAGERPID': '2265', 'SYSTEMD_EXEC_PID': '2940', 'GSM_SKIP_SSH_AGENT_WORKAROUND': 'true', 'DBUS_SESSION_BUS_ADDRESS': 'unix:path=/run/user/1000/bus', 'COLORTERM': 'truecolor', 'TERMINATOR_DBUS_NAME': 'net.tenshu.Terminator25ef4b219e3b005583550f2b0f9f990c3', 'GIO_LAUNCHED_DESKTOP_FILE_PID': '4489', 'GNOME_KEYRING_CONTROL': '/run/user/1000/keyring', 'NVM_DIR': '/home/hun/.nvm', 'DEBUGINFOD_URLS': 'https://debuginfod.ubuntu.com', 'IM_CONFIG_PHASE': '1', 'WAYLAND_DISPLAY': 'wayland-0', 'COLCON_PREFIX_PATH': '/home/hun/YongYiHanYong/install', 'ROS_DISTRO': 'jazzy', 'LOGNAME': 'hun', 'JOURNAL_STREAM': '9:21874', '_': '/usr/bin/colcon', 'ROS_VERSION': '2', 'MEMORY_PRESSURE_WATCH': '/sys/fs/cgroup/user.slice/user-1000.slice/user@1000.service/session.slice/org.gnome.SettingsDaemon.MediaKeys.service/memory.pressure', 'XDG_SESSION_CLASS': 'user', 'USERNAME': 'hun', 'TERM': 'xterm-256color', 'GNOME_DESKTOP_SESSION_ID': 'this-is-deprecated', 'PATH': '/home/hun/.nvm/versions/node/v24.11.1/bin:/opt/ros/jazzy/opt/gz_msgs_vendor/bin:/opt/ros/jazzy/opt/gz_tools_vendor/bin:/opt/ros/jazzy/opt/gz_ogre_next_vendor/bin:/opt/ros/jazzy/bin:/home/hun/.local/bin:/usr/local/sbin:/usr/local/bin:/usr/sbin:/usr/bin:/sbin:/bin:/usr/games:/usr/local/games:/snap/bin:/snap/bin', 'SESSION_MANAGER': 'local/airos:@/tmp/.ICE-unix/2692,unix/airos:/tmp/.ICE-unix/2692', 'INVOCATION_ID': '4cd9f93c642348feae55c242511447f4', 'XDG_MENU_PREFIX': 'gnome-', 'GNOME_SETUP_DISPLAY': ':1', 'XDG_RUNTIME_DIR': '/run/user/1000', 'DISPLAY': ':0', 'TERMINATOR_DBUS_PATH': '/net/tenshu/Terminator2', 'LANG': 'en_US.UTF-8', 'XDG_CURRENT_DESKTOP': 'ubuntu:GNOME', 'XMODIFIERS': '@im=ibus', 'XDG_SESSION_DESKTOP': 'ubuntu', 'XAUTHORITY': '/run/user/1000/.mutter-Xwaylandauth.5SXRG3', 'LS_COLORS': 'rs=0:di=01;34:ln=01;36:mh=00:pi=40;33:so=01;35:do=01;35:bd=40;33;01:cd=40;33;01:or=40;31;01:mi=00:su=37;41:sg=30;43:ca=00:tw=30;42:ow=34;42:st=37;44:ex=01;32:*.tar=01;31:*.tgz=01;31:*.arc=01;31:*.arj=01;31:*.taz=01;31:*.lha=01;31:*.lz4=01;31:*.lzh=01;31:*.lzma=01;31:*.tlz=01;31:*.txz=01;31:*.tzo=01;31:*.t7z=01;31:*.zip=01;31:*.z=01;31:*.dz=01;31:*.gz=01;31:*.lrz=01;31:*.lz=01;31:*.lzo=01;31:*.xz=01;31:*.zst=01;31:*.tzst=01;31:*.bz2=01;31:*.bz=01;31:*.tbz=01;31:*.tbz2=01;31:*.tz=01;31:*.deb=01;31:*.rpm=01;31:*.jar=01;31:*.war=01;31:*.ear=01;31:*.sar=01;31:*.rar=01;31:*.alz=01;31:*.ace=01;31:*.zoo=01;31:*.cpio=01;31:*.7z=01;31:*.rz=01;31:*.cab=01;31:*.wim=01;31:*.swm=01;31:*.dwm=01;31:*.esd=01;31:*.avif=01;35:*.jpg=01;35:*.jpeg=01;35:*.mjpg=01;35:*.mjpeg=01;35:*.gif=01;35:*.bmp=01;35:*.pbm=01;35:*.pgm=01;35:*.ppm=01;35:*.tga=01;35:*.xbm=01;35:*.xpm=01;35:*.tif=01;35:*.tiff=01;35:*.png=01;35:*.svg=01;35:*.svgz=01;35:*.mng=01;35:*.pcx=01;35:*.mov=01;35:*.mpg=01;35:*.mpeg=01;35:*.m2v=01;35:*.mkv=01;35:*.webm=01;35:*.webp=01;35:*.ogm=01;35:*.mp4=01;35:*.m4v=01;35:*.mp4v=01;35:*.vob=01;35:*.qt=01;35:*.nuv=01;35:*.wmv=01;35:*.asf=01;35:*.rm=01;35:*.rmvb=01;35:*.flc=01;35:*.avi=01;35:*.fli=01;35:*.flv=01;35:*.gl=01;35:*.dl=01;35:*.xcf=01;35:*.xwd=01;35:*.yuv=01;35:*.cgm=01;35:*.emf=01;35:*.ogv=01;35:*.ogx=01;35:*.aac=00;36:*.au=00;36:*.flac=00;36:*.m4a=00;36:*.mid=00;36:*.midi=00;36:*.mka=00;36:*.mp3=00;36:*.mpc=00;36:*.ogg=00;36:*.ra=00;36:*.wav=00;36:*.oga=00;36:*.opus=00;36:*.spx=00;36:*.xspf=00;36:*~=00;90:*#=00;90:*.bak=00;90:*.crdownload=00;90:*.dpkg-dist=00;90:*.dpkg-new=00;90:*.dpkg-old=00;90:*.dpkg-tmp=00;90:*.old=00;90:*.orig=00;90:*.part=00;90:*.rej=00;90:*.rpmnew=00;90:*.rpmorig=00;90:*.rpmsave=00;90:*.swp=00;90:*.tmp=00;90:*.ucf-dist=00;90:*.ucf-new=00;90:*.ucf-old=00;90:', 'SSH_AUTH_SOCK': '/run/user/1000/keyring/ssh', 'AMENT_PREFIX_PATH': '/home/hun/YongYiHanYong/install/yolo_realsense:/home/hun/YongYiHanYong/install/interface_pkg:/home/hun/YongYiHanYong/install/llm_for_pick_place_voice:/opt/ros/jazzy', 'SHELL': '/bin/bash', 'TERMINATOR_UUID': 'urn:uuid:67c9869f-f13d-4ac4-b12a-f3533a42efdb', 'QT_ACCESSIBILITY': '1', 'GDMSESSION': 'ubuntu', 'LESSCLOSE': '/usr/bin/lesspipe %s %s', 'ROS_AUTOMATIC_DISCOVERY_RANGE': 'SUBNET', 'QT_IM_MODULE': 'ibus', 'PWD': '/home/hun/YongYiHanYong/build/yolo_depth_interfaces', 'LC_ALL': 'en_US.UTF-8', 'XDG_CONFIG_DIRS': '/etc/xdg/xdg-ubuntu:/etc/xdg', 'NVM_CD_FLAGS': '', 'XDG_DATA_DIRS': '/usr/share/ubuntu:/usr/share/gnome:/usr/local/share/:/usr/share/:/var/lib/snapd/desktop', 'PYTHONPATH': '/home/hun/YongYiHanYong/install/yolo_realsense/lib/python3.12/site-packages:/home/hun/YongYiHanYong/install/interface_pkg/lib/python3.12/site-packages:/home/hun/YongYiHanYong/build/llm_for_pick_place_voice:/home/hun/YongYiHanYong/install/llm_for_pick_place_voice/lib/python3.12/site-packages:/opt/ros/jazzy/lib/python3.12/site-packages', 'COLCON': '1', 'MEMORY_PRESSURE_WRITE': 'c29tZSAyMDAwMDAgMjAwMDAwMAA=', 'VTE_VERSION': '7600', 'CMAKE_PREFIX_PATH': '/home/hun/YongYiHanYong/install/interface_pkg:/opt/ros/jazzy/opt/gz_sim_vendor:/opt/ros/jazzy/opt/gz_sensors_vendor:/opt/ros/jazzy/opt/gz_physics_vendor:/opt/ros/jazzy/opt/sdformat_vendor:/opt/ros/jazzy/opt/gz_gui_vendor:/opt/ros/jazzy/opt/gz_transport_vendor:/opt/ros/jazzy/opt/gz_rendering_vendor:/opt/ros/jazzy/opt/gz_plugin_vendor:/opt/ros/jazzy/opt/gz_fuel_tools_vendor:/opt/ros/jazzy/opt/gz_msgs_vendor:/opt/ros/jazzy/opt/gz_common_vendor:/opt/ros/jazzy/opt/gz_math_vendor:/opt/ros/jazzy/opt/gz_utils_vendor:/opt/ros/jazzy/opt/gz_tools_vendor:/opt/ros/jazzy/opt/gz_ogre_next_vendor:/opt/ros/jazzy/opt/gz_dartsim_vendor:/opt/ros/jazzy/opt/gz_cmake_vendor'}), 'shell': False}
[9.188888] (yolo_depth_interfaces) StdoutLine: {'line': b'-- Install configuration: ""\n'}
[9.189101] (yolo_depth_interfaces) StdoutLine: {'line': b'-- Installing: /home/hun/YongYiHanYong/install/yolo_depth_interfaces/share/ament_index/resource_index/rosidl_interfaces/yolo_depth_interfaces\n'}
[9.189240] (yolo_depth_interfaces) StdoutLine: {'line': b'-- Installing: /home/hun/YongYiHanYong/install/yolo_depth_interfaces/share/yolo_depth_interfaces/msg/ObjectDepth.json\n'}
[9.189290] (yolo_depth_interfaces) StdoutLine: {'line': b'-- Installing: /home/hun/YongYiHanYong/install/yolo_depth_interfaces/share/yolo_depth_interfaces/msg/ObjectDepthArray.json\n'}
[9.189333] (yolo_depth_interfaces) StdoutLine: {'line': b'-- Installing: /home/hun/YongYiHanYong/install/yolo_depth_interfaces/share/yolo_depth_interfaces/srv/SetTarget.json\n'}
[9.189374] (yolo_depth_interfaces) StdoutLine: {'line': b'-- Installing: /home/hun/YongYiHanYong/install/yolo_depth_interfaces/share/yolo_depth_interfaces/srv/MoveToPoint.json\n'}
[9.189414] (yolo_depth_interfaces) StdoutLine: {'line': b'-- Installing: /home/hun/YongYiHanYong/install/yolo_depth_interfaces/share/yolo_depth_interfaces/srv/TargetCenter.json\n'}
[9.189454] (yolo_depth_interfaces) StdoutLine: {'line': b'-- Installing: /home/hun/YongYiHanYong/install/yolo_depth_interfaces/include/yolo_depth_interfaces/yolo_depth_interfaces\n'}
[9.189642] (yolo_depth_interfaces) StdoutLine: {'line': b'-- Installing: /home/hun/YongYiHanYong/install/yolo_depth_interfaces/include/yolo_depth_interfaces/yolo_depth_interfaces/msg\n'}
[9.189723] (yolo_depth_interfaces) StdoutLine: {'line': b'-- Installing: /home/hun/YongYiHanYong/install/yolo_depth_interfaces/include/yolo_depth_interfaces/yolo_depth_interfaces/msg/rosidl_generator_c__visibility_control.h\n'}
[9.189766] (yolo_depth_interfaces) StdoutLine: {'line': b'-- Installing: /home/hun/YongYiHanYong/install/yolo_depth_interfaces/include/yolo_depth_interfaces/yolo_depth_interfaces/msg/object_depth_array.h\n'}
[9.189806] (yolo_depth_interfaces) StdoutLine: {'line': b'-- Installing: /home/hun/YongYiHanYong/install/yolo_depth_interfaces/include/yolo_depth_interfaces/yolo_depth_interfaces/msg/detail\n'}
[9.189847] (yolo_depth_interfaces) StdoutLine: {'line': b'-- Installing: /home/hun/YongYiHanYong/install/yolo_depth_interfaces/include/yolo_depth_interfaces/yolo_depth_interfaces/msg/detail/object_depth_array__type_support.c\n'}
[9.189887] (yolo_depth_interfaces) StdoutLine: {'line': b'-- Installing: /home/hun/YongYiHanYong/install/yolo_depth_interfaces/include/yolo_depth_interfaces/yolo_depth_interfaces/msg/detail/object_depth_array__struct.h\n'}
[9.189925] (yolo_depth_interfaces) StdoutLine: {'line': b'-- Installing: /home/hun/YongYiHanYong/install/yolo_depth_interfaces/include/yolo_depth_interfaces/yolo_depth_interfaces/msg/detail/object_depth__description.c\n'}
[9.189973] (yolo_depth_interfaces) StdoutLine: {'line': b'-- Installing: /home/hun/YongYiHanYong/install/yolo_depth_interfaces/include/yolo_depth_interfaces/yolo_depth_interfaces/msg/detail/object_depth__struct.h\n'}
[9.190012] (yolo_depth_interfaces) StdoutLine: {'line': b'-- Installing: /home/hun/YongYiHanYong/install/yolo_depth_interfaces/include/yolo_depth_interfaces/yolo_depth_interfaces/msg/detail/object_depth_array__functions.h\n'}
[9.190050] (yolo_depth_interfaces) StdoutLine: {'line': b'-- Installing: /home/hun/YongYiHanYong/install/yolo_depth_interfaces/include/yolo_depth_interfaces/yolo_depth_interfaces/msg/detail/object_depth__functions.h\n'}
[9.190089] (yolo_depth_interfaces) StdoutLine: {'line': b'-- Installing: /home/hun/YongYiHanYong/install/yolo_depth_interfaces/include/yolo_depth_interfaces/yolo_depth_interfaces/msg/detail/object_depth__type_support.h\n'}
[9.190126] (yolo_depth_interfaces) StdoutLine: {'line': b'-- Installing: /home/hun/YongYiHanYong/install/yolo_depth_interfaces/include/yolo_depth_interfaces/yolo_depth_interfaces/msg/detail/object_depth_array__type_support.h\n'}
[9.190163] (yolo_depth_interfaces) StdoutLine: {'line': b'-- Installing: /home/hun/YongYiHanYong/install/yolo_depth_interfaces/include/yolo_depth_interfaces/yolo_depth_interfaces/msg/detail/object_depth_array__description.c\n'}
[9.190226] (yolo_depth_interfaces) StdoutLine: {'line': b'-- Installing: /home/hun/YongYiHanYong/install/yolo_depth_interfaces/include/yolo_depth_interfaces/yolo_depth_interfaces/msg/detail/object_depth__functions.c\n'}
[9.190325] (yolo_depth_interfaces) StdoutLine: {'line': b'-- Installing: /home/hun/YongYiHanYong/install/yolo_depth_interfaces/include/yolo_depth_interfaces/yolo_depth_interfaces/msg/detail/object_depth_array__functions.c\n'}
[9.190366] (yolo_depth_interfaces) StdoutLine: {'line': b'-- Installing: /home/hun/YongYiHanYong/install/yolo_depth_interfaces/include/yolo_depth_interfaces/yolo_depth_interfaces/msg/detail/object_depth__type_support.c\n'}
[9.190402] (yolo_depth_interfaces) StdoutLine: {'line': b'-- Installing: /home/hun/YongYiHanYong/install/yolo_depth_interfaces/include/yolo_depth_interfaces/yolo_depth_interfaces/msg/object_depth.h\n'}
[9.190439] (yolo_depth_interfaces) StdoutLine: {'line': b'-- Installing: /home/hun/YongYiHanYong/install/yolo_depth_interfaces/include/yolo_depth_interfaces/yolo_depth_interfaces/srv\n'}
[9.190477] (yolo_depth_interfaces) StdoutLine: {'line': b'-- Installing: /home/hun/YongYiHanYong/install/yolo_depth_interfaces/include/yolo_depth_interfaces/yolo_depth_interfaces/srv/move_to_point.h\n'}
[9.190513] (yolo_depth_interfaces) StdoutLine: {'line': b'-- Installing: /home/hun/YongYiHanYong/install/yolo_depth_interfaces/include/yolo_depth_interfaces/yolo_depth_interfaces/srv/target_center.h\n'}
[9.190550] (yolo_depth_interfaces) StdoutLine: {'line': b'-- Installing: /home/hun/YongYiHanYong/install/yolo_depth_interfaces/include/yolo_depth_interfaces/yolo_depth_interfaces/srv/set_target.h\n'}
[9.190586] (yolo_depth_interfaces) StdoutLine: {'line': b'-- Installing: /home/hun/YongYiHanYong/install/yolo_depth_interfaces/include/yolo_depth_interfaces/yolo_depth_interfaces/srv/detail\n'}
[9.190625] (yolo_depth_interfaces) StdoutLine: {'line': b'-- Installing: /home/hun/YongYiHanYong/install/yolo_depth_interfaces/include/yolo_depth_interfaces/yolo_depth_interfaces/srv/detail/move_to_point__functions.c\n'}
[9.190664] (yolo_depth_interfaces) StdoutLine: {'line': b'-- Installing: /home/hun/YongYiHanYong/install/yolo_depth_interfaces/include/yolo_depth_interfaces/yolo_depth_interfaces/srv/detail/move_to_point__type_support.h\n'}
[9.190701] (yolo_depth_interfaces) StdoutLine: {'line': b'-- Installing: /home/hun/YongYiHanYong/install/yolo_depth_interfaces/include/yolo_depth_interfaces/yolo_depth_interfaces/srv/detail/set_target__description.c\n'}
[9.190737] (yolo_depth_interfaces) StdoutLine: {'line': b'-- Installing: /home/hun/YongYiHanYong/install/yolo_depth_interfaces/include/yolo_depth_interfaces/yolo_depth_interfaces/srv/detail/set_target__struct.h\n'}
[9.190774] (yolo_depth_interfaces) StdoutLine: {'line': b'-- Installing: /home/hun/YongYiHanYong/install/yolo_depth_interfaces/include/yolo_depth_interfaces/yolo_depth_interfaces/srv/detail/set_target__functions.c\n'}
[9.190812] (yolo_depth_interfaces) StdoutLine: {'line': b'-- Installing: /home/hun/YongYiHanYong/install/yolo_depth_interfaces/include/yolo_depth_interfaces/yolo_depth_interfaces/srv/detail/set_target__type_support.h\n'}
[9.190887] (yolo_depth_interfaces) StdoutLine: {'line': b'-- Installing: /home/hun/YongYiHanYong/install/yolo_depth_interfaces/include/yolo_depth_interfaces/yolo_depth_interfaces/srv/detail/set_target__type_support.c\n'}
[9.190927] (yolo_depth_interfaces) StdoutLine: {'line': b'-- Installing: /home/hun/YongYiHanYong/install/yolo_depth_interfaces/include/yolo_depth_interfaces/yolo_depth_interfaces/srv/detail/move_to_point__type_support.c\n'}
[9.190969] (yolo_depth_interfaces) StdoutLine: {'line': b'-- Installing: /home/hun/YongYiHanYong/install/yolo_depth_interfaces/include/yolo_depth_interfaces/yolo_depth_interfaces/srv/detail/target_center__type_support.h\n'}
[9.191055] (yolo_depth_interfaces) StdoutLine: {'line': b'-- Installing: /home/hun/YongYiHanYong/install/yolo_depth_interfaces/include/yolo_depth_interfaces/yolo_depth_interfaces/srv/detail/target_center__struct.h\n'}
[9.191094] (yolo_depth_interfaces) StdoutLine: {'line': b'-- Installing: /home/hun/YongYiHanYong/install/yolo_depth_interfaces/include/yolo_depth_interfaces/yolo_depth_interfaces/srv/detail/target_center__functions.c\n'}
[9.191129] (yolo_depth_interfaces) StdoutLine: {'line': b'-- Installing: /home/hun/YongYiHanYong/install/yolo_depth_interfaces/include/yolo_depth_interfaces/yolo_depth_interfaces/srv/detail/target_center__functions.h\n'}
[9.191166] (yolo_depth_interfaces) StdoutLine: {'line': b'-- Installing: /home/hun/YongYiHanYong/install/yolo_depth_interfaces/include/yolo_depth_interfaces/yolo_depth_interfaces/srv/detail/target_center__type_support.c\n'}
[9.191203] (yolo_depth_interfaces) StdoutLine: {'line': b'-- Installing: /home/hun/YongYiHanYong/install/yolo_depth_interfaces/include/yolo_depth_interfaces/yolo_depth_interfaces/srv/detail/move_to_point__description.c\n'}
[9.191239] (yolo_depth_interfaces) StdoutLine: {'line': b'-- Installing: /home/hun/YongYiHanYong/install/yolo_depth_interfaces/include/yolo_depth_interfaces/yolo_depth_interfaces/srv/detail/set_target__functions.h\n'}
[9.191275] (yolo_depth_interfaces) StdoutLine: {'line': b'-- Installing: /home/hun/YongYiHanYong/install/yolo_depth_interfaces/include/yolo_depth_interfaces/yolo_depth_interfaces/srv/detail/move_to_point__struct.h\n'}
[9.191312] (yolo_depth_interfaces) StdoutLine: {'line': b'-- Installing: /home/hun/YongYiHanYong/install/yolo_depth_interfaces/include/yolo_depth_interfaces/yolo_depth_interfaces/srv/detail/target_center__description.c\n'}
[9.191348] (yolo_depth_interfaces) StdoutLine: {'line': b'-- Installing: /home/hun/YongYiHanYong/install/yolo_depth_interfaces/include/yolo_depth_interfaces/yolo_depth_interfaces/srv/detail/move_to_point__functions.h\n'}
[9.191386] (yolo_depth_interfaces) StdoutLine: {'line': b'-- Installing: /home/hun/YongYiHanYong/install/yolo_depth_interfaces/share/yolo_depth_interfaces/environment/library_path.sh\n'}
[9.191423] (yolo_depth_interfaces) StdoutLine: {'line': b'-- Installing: /home/hun/YongYiHanYong/install/yolo_depth_interfaces/share/yolo_depth_interfaces/environment/library_path.dsv\n'}
[9.191485] (yolo_depth_interfaces) StdoutLine: {'line': b'-- Installing: /home/hun/YongYiHanYong/install/yolo_depth_interfaces/lib/libyolo_depth_interfaces__rosidl_generator_c.so\n'}
[9.191574] (yolo_depth_interfaces) StdoutLine: {'line': b'-- Set non-toolchain portion of runtime path of "/home/hun/YongYiHanYong/install/yolo_depth_interfaces/lib/libyolo_depth_interfaces__rosidl_generator_c.so" to ""\n'}
[9.191614] (yolo_depth_interfaces) StdoutLine: {'line': b'-- Up-to-date: /home/hun/YongYiHanYong/install/yolo_depth_interfaces/include/yolo_depth_interfaces/yolo_depth_interfaces\n'}
[9.191653] (yolo_depth_interfaces) StdoutLine: {'line': b'-- Up-to-date: /home/hun/YongYiHanYong/install/yolo_depth_interfaces/include/yolo_depth_interfaces/yolo_depth_interfaces/msg\n'}
[9.191689] (yolo_depth_interfaces) StdoutLine: {'line': b'-- Installing: /home/hun/YongYiHanYong/install/yolo_depth_interfaces/include/yolo_depth_interfaces/yolo_depth_interfaces/msg/rosidl_typesupport_fastrtps_c__visibility_control.h\n'}
[9.191726] (yolo_depth_interfaces) StdoutLine: {'line': b'-- Up-to-date: /home/hun/YongYiHanYong/install/yolo_depth_interfaces/include/yolo_depth_interfaces/yolo_depth_interfaces/msg/detail\n'}
[9.191762] (yolo_depth_interfaces) StdoutLine: {'line': b'-- Installing: /home/hun/YongYiHanYong/install/yolo_depth_interfaces/include/yolo_depth_interfaces/yolo_depth_interfaces/msg/detail/object_depth_array__rosidl_typesupport_fastrtps_c.h\n'}
[9.191798] (yolo_depth_interfaces) StdoutLine: {'line': b'-- Installing: /home/hun/YongYiHanYong/install/yolo_depth_interfaces/include/yolo_depth_interfaces/yolo_depth_interfaces/msg/detail/object_depth__rosidl_typesupport_fastrtps_c.h\n'}
[9.191832] (yolo_depth_interfaces) StdoutLine: {'line': b'-- Up-to-date: /home/hun/YongYiHanYong/install/yolo_depth_interfaces/include/yolo_depth_interfaces/yolo_depth_interfaces/srv\n'}
[9.191868] (yolo_depth_interfaces) StdoutLine: {'line': b'-- Up-to-date: /home/hun/YongYiHanYong/install/yolo_depth_interfaces/include/yolo_depth_interfaces/yolo_depth_interfaces/srv/detail\n'}
[9.191906] (yolo_depth_interfaces) StdoutLine: {'line': b'-- Installing: /home/hun/YongYiHanYong/install/yolo_depth_interfaces/include/yolo_depth_interfaces/yolo_depth_interfaces/srv/detail/target_center__rosidl_typesupport_fastrtps_c.h\n'}
[9.191942] (yolo_depth_interfaces) StdoutLine: {'line': b'-- Installing: /home/hun/YongYiHanYong/install/yolo_depth_interfaces/include/yolo_depth_interfaces/yolo_depth_interfaces/srv/detail/set_target__rosidl_typesupport_fastrtps_c.h\n'}
[9.191996] (yolo_depth_interfaces) StdoutLine: {'line': b'-- Installing: /home/hun/YongYiHanYong/install/yolo_depth_interfaces/include/yolo_depth_interfaces/yolo_depth_interfaces/srv/detail/move_to_point__rosidl_typesupport_fastrtps_c.h\n'}
[9.192035] (yolo_depth_interfaces) StdoutLine: {'line': b'-- Installing: /home/hun/YongYiHanYong/install/yolo_depth_interfaces/lib/libyolo_depth_interfaces__rosidl_typesupport_fastrtps_c.so\n'}
[9.192110] (yolo_depth_interfaces) StdoutLine: {'line': b'-- Set non-toolchain portion of runtime path of "/home/hun/YongYiHanYong/install/yolo_depth_interfaces/lib/libyolo_depth_interfaces__rosidl_typesupport_fastrtps_c.so" to ""\n'}
[9.192152] (yolo_depth_interfaces) StdoutLine: {'line': b'-- Up-to-date: /home/hun/YongYiHanYong/install/yolo_depth_interfaces/include/yolo_depth_interfaces/yolo_depth_interfaces\n'}
[9.192190] (yolo_depth_interfaces) StdoutLine: {'line': b'-- Up-to-date: /home/hun/YongYiHanYong/install/yolo_depth_interfaces/include/yolo_depth_interfaces/yolo_depth_interfaces/msg\n'}
[9.192228] (yolo_depth_interfaces) StdoutLine: {'line': b'-- Installing: /home/hun/YongYiHanYong/install/yolo_depth_interfaces/include/yolo_depth_interfaces/yolo_depth_interfaces/msg/rosidl_typesupport_introspection_c__visibility_control.h\n'}
[9.192267] (yolo_depth_interfaces) StdoutLine: {'line': b'-- Up-to-date: /home/hun/YongYiHanYong/install/yolo_depth_interfaces/include/yolo_depth_interfaces/yolo_depth_interfaces/msg/detail\n'}
[9.192305] (yolo_depth_interfaces) StdoutLine: {'line': b'-- Installing: /home/hun/YongYiHanYong/install/yolo_depth_interfaces/include/yolo_depth_interfaces/yolo_depth_interfaces/msg/detail/object_depth_array__type_support.c\n'}
[9.192344] (yolo_depth_interfaces) StdoutLine: {'line': b'-- Installing: /home/hun/YongYiHanYong/install/yolo_depth_interfaces/include/yolo_depth_interfaces/yolo_depth_interfaces/msg/detail/object_depth__rosidl_typesupport_introspection_c.h\n'}
[9.192409] (yolo_depth_interfaces) StdoutLine: {'line': b'-- Installing: /home/hun/YongYiHanYong/install/yolo_depth_interfaces/include/yolo_depth_interfaces/yolo_depth_interfaces/msg/detail/object_depth_array__rosidl_typesupport_introspection_c.h\n'}
[9.192450] (yolo_depth_interfaces) StdoutLine: {'line': b'-- Installing: /home/hun/YongYiHanYong/install/yolo_depth_interfaces/include/yolo_depth_interfaces/yolo_depth_interfaces/msg/detail/object_depth__type_support.c\n'}
[9.192527] (yolo_depth_interfaces) StdoutLine: {'line': b'-- Up-to-date: /home/hun/YongYiHanYong/install/yolo_depth_interfaces/include/yolo_depth_interfaces/yolo_depth_interfaces/srv\n'}
[9.192568] (yolo_depth_interfaces) StdoutLine: {'line': b'-- Up-to-date: /home/hun/YongYiHanYong/install/yolo_depth_interfaces/include/yolo_depth_interfaces/yolo_depth_interfaces/srv/detail\n'}
[9.192604] (yolo_depth_interfaces) StdoutLine: {'line': b'-- Installing: /home/hun/YongYiHanYong/install/yolo_depth_interfaces/include/yolo_depth_interfaces/yolo_depth_interfaces/srv/detail/set_target__type_support.c\n'}
[9.192641] (yolo_depth_interfaces) StdoutLine: {'line': b'-- Installing: /home/hun/YongYiHanYong/install/yolo_depth_interfaces/include/yolo_depth_interfaces/yolo_depth_interfaces/srv/detail/move_to_point__rosidl_typesupport_introspection_c.h\n'}
[9.192676] (yolo_depth_interfaces) StdoutLine: {'line': b'-- Installing: /home/hun/YongYiHanYong/install/yolo_depth_interfaces/include/yolo_depth_interfaces/yolo_depth_interfaces/srv/detail/set_target__rosidl_typesupport_introspection_c.h\n'}
[9.192711] (yolo_depth_interfaces) StdoutLine: {'line': b'-- Installing: /home/hun/YongYiHanYong/install/yolo_depth_interfaces/include/yolo_depth_interfaces/yolo_depth_interfaces/srv/detail/move_to_point__type_support.c\n'}
[9.192746] (yolo_depth_interfaces) StdoutLine: {'line': b'-- Installing: /home/hun/YongYiHanYong/install/yolo_depth_interfaces/include/yolo_depth_interfaces/yolo_depth_interfaces/srv/detail/target_center__rosidl_typesupport_introspection_c.h\n'}
[9.192781] (yolo_depth_interfaces) StdoutLine: {'line': b'-- Installing: /home/hun/YongYiHanYong/install/yolo_depth_interfaces/include/yolo_depth_interfaces/yolo_depth_interfaces/srv/detail/target_center__type_support.c\n'}
[9.192839] (yolo_depth_interfaces) StdoutLine: {'line': b'-- Installing: /home/hun/YongYiHanYong/install/yolo_depth_interfaces/lib/libyolo_depth_interfaces__rosidl_typesupport_introspection_c.so\n'}
[9.192907] (yolo_depth_interfaces) StdoutLine: {'line': b'-- Set non-toolchain portion of runtime path of "/home/hun/YongYiHanYong/install/yolo_depth_interfaces/lib/libyolo_depth_interfaces__rosidl_typesupport_introspection_c.so" to ""\n'}
[9.192947] (yolo_depth_interfaces) StdoutLine: {'line': b'-- Installing: /home/hun/YongYiHanYong/install/yolo_depth_interfaces/lib/libyolo_depth_interfaces__rosidl_typesupport_c.so\n'}
[9.192988] (yolo_depth_interfaces) StdoutLine: {'line': b'-- Set non-toolchain portion of runtime path of "/home/hun/YongYiHanYong/install/yolo_depth_interfaces/lib/libyolo_depth_interfaces__rosidl_typesupport_c.so" to ""\n'}
[9.193026] (yolo_depth_interfaces) StdoutLine: {'line': b'-- Up-to-date: /home/hun/YongYiHanYong/install/yolo_depth_interfaces/include/yolo_depth_interfaces/yolo_depth_interfaces\n'}
[9.193090] (yolo_depth_interfaces) StdoutLine: {'line': b'-- Up-to-date: /home/hun/YongYiHanYong/install/yolo_depth_interfaces/include/yolo_depth_interfaces/yolo_depth_interfaces/msg\n'}
[9.193129] (yolo_depth_interfaces) StdoutLine: {'line': b'-- Installing: /home/hun/YongYiHanYong/install/yolo_depth_interfaces/include/yolo_depth_interfaces/yolo_depth_interfaces/msg/object_depth_array.hpp\n'}
[9.193171] (yolo_depth_interfaces) StdoutLine: {'line': b'-- Installing: /home/hun/YongYiHanYong/install/yolo_depth_interfaces/include/yolo_depth_interfaces/yolo_depth_interfaces/msg/object_depth.hpp\n'}
[9.193245] (yolo_depth_interfaces) StdoutLine: {'line': b'-- Installing: /home/hun/YongYiHanYong/install/yolo_depth_interfaces/include/yolo_depth_interfaces/yolo_depth_interfaces/msg/rosidl_generator_cpp__visibility_control.hpp\n'}
[9.193285] (yolo_depth_interfaces) StdoutLine: {'line': b'-- Up-to-date: /home/hun/YongYiHanYong/install/yolo_depth_interfaces/include/yolo_depth_interfaces/yolo_depth_interfaces/msg/detail\n'}
[9.193322] (yolo_depth_interfaces) StdoutLine: {'line': b'-- Installing: /home/hun/YongYiHanYong/install/yolo_depth_interfaces/include/yolo_depth_interfaces/yolo_depth_interfaces/msg/detail/object_depth__builder.hpp\n'}
[9.193359] (yolo_depth_interfaces) StdoutLine: {'line': b'-- Installing: /home/hun/YongYiHanYong/install/yolo_depth_interfaces/include/yolo_depth_interfaces/yolo_depth_interfaces/msg/detail/object_depth__struct.hpp\n'}
[9.193398] (yolo_depth_interfaces) StdoutLine: {'line': b'-- Installing: /home/hun/YongYiHanYong/install/yolo_depth_interfaces/include/yolo_depth_interfaces/yolo_depth_interfaces/msg/detail/object_depth_array__struct.hpp\n'}
[9.193466] (yolo_depth_interfaces) StdoutLine: {'line': b'-- Installing: /home/hun/YongYiHanYong/install/yolo_depth_interfaces/include/yolo_depth_interfaces/yolo_depth_interfaces/msg/detail/object_depth_array__type_support.hpp\n'}
[9.193506] (yolo_depth_interfaces) StdoutLine: {'line': b'-- Installing: /home/hun/YongYiHanYong/install/yolo_depth_interfaces/include/yolo_depth_interfaces/yolo_depth_interfaces/msg/detail/object_depth__traits.hpp\n'}
[9.193544] (yolo_depth_interfaces) StdoutLine: {'line': b'-- Installing: /home/hun/YongYiHanYong/install/yolo_depth_interfaces/include/yolo_depth_interfaces/yolo_depth_interfaces/msg/detail/object_depth__type_support.hpp\n'}
[9.193582] (yolo_depth_interfaces) StdoutLine: {'line': b'-- Installing: /home/hun/YongYiHanYong/install/yolo_depth_interfaces/include/yolo_depth_interfaces/yolo_depth_interfaces/msg/detail/object_depth_array__builder.hpp\n'}
[9.193656] (yolo_depth_interfaces) StdoutLine: {'line': b'-- Installing: /home/hun/YongYiHanYong/install/yolo_depth_interfaces/include/yolo_depth_interfaces/yolo_depth_interfaces/msg/detail/object_depth_array__traits.hpp\n'}
[9.193694] (yolo_depth_interfaces) StdoutLine: {'line': b'-- Up-to-date: /home/hun/YongYiHanYong/install/yolo_depth_interfaces/include/yolo_depth_interfaces/yolo_depth_interfaces/srv\n'}
[9.193732] (yolo_depth_interfaces) StdoutLine: {'line': b'-- Installing: /home/hun/YongYiHanYong/install/yolo_depth_interfaces/include/yolo_depth_interfaces/yolo_depth_interfaces/srv/move_to_point.hpp\n'}
[9.193769] (yolo_depth_interfaces) StdoutLine: {'line': b'-- Installing: /home/hun/YongYiHanYong/install/yolo_depth_interfaces/include/yolo_depth_interfaces/yolo_depth_interfaces/srv/target_center.hpp\n'}
[9.193807] (yolo_depth_interfaces) StdoutLine: {'line': b'-- Up-to-date: /home/hun/YongYiHanYong/install/yolo_depth_interfaces/include/yolo_depth_interfaces/yolo_depth_interfaces/srv/detail\n'}
[9.193844] (yolo_depth_interfaces) StdoutLine: {'line': b'-- Installing: /home/hun/YongYiHanYong/install/yolo_depth_interfaces/include/yolo_depth_interfaces/yolo_depth_interfaces/srv/detail/target_center__traits.hpp\n'}
[9.193912] (yolo_depth_interfaces) StdoutLine: {'line': b'-- Installing: /home/hun/YongYiHanYong/install/yolo_depth_interfaces/include/yolo_depth_interfaces/yolo_depth_interfaces/srv/detail/move_to_point__builder.hpp\n'}
[9.193950] (yolo_depth_interfaces) StdoutLine: {'line': b'-- Installing: /home/hun/YongYiHanYong/install/yolo_depth_interfaces/include/yolo_depth_interfaces/yolo_depth_interfaces/srv/detail/move_to_point__traits.hpp\n'}
[9.193993] (yolo_depth_interfaces) StdoutLine: {'line': b'-- Installing: /home/hun/YongYiHanYong/install/yolo_depth_interfaces/include/yolo_depth_interfaces/yolo_depth_interfaces/srv/detail/set_target__builder.hpp\n'}
[9.194033] (yolo_depth_interfaces) StdoutLine: {'line': b'-- Installing: /home/hun/YongYiHanYong/install/yolo_depth_interfaces/include/yolo_depth_interfaces/yolo_depth_interfaces/srv/detail/target_center__builder.hpp\n'}
[9.194108] (yolo_depth_interfaces) StdoutLine: {'line': b'-- Installing: /home/hun/YongYiHanYong/install/yolo_depth_interfaces/include/yolo_depth_interfaces/yolo_depth_interfaces/srv/detail/move_to_point__struct.hpp\n'}
[9.194148] (yolo_depth_interfaces) StdoutLine: {'line': b'-- Installing: /home/hun/YongYiHanYong/install/yolo_depth_interfaces/include/yolo_depth_interfaces/yolo_depth_interfaces/srv/detail/move_to_point__type_support.hpp\n'}
[9.194186] (yolo_depth_interfaces) StdoutLine: {'line': b'-- Installing: /home/hun/YongYiHanYong/install/yolo_depth_interfaces/include/yolo_depth_interfaces/yolo_depth_interfaces/srv/detail/target_center__type_support.hpp\n'}
[9.194224] (yolo_depth_interfaces) StdoutLine: {'line': b'-- Installing: /home/hun/YongYiHanYong/install/yolo_depth_interfaces/include/yolo_depth_interfaces/yolo_depth_interfaces/srv/detail/set_target__traits.hpp\n'}
[9.194260] (yolo_depth_interfaces) StdoutLine: {'line': b'-- Installing: /home/hun/YongYiHanYong/install/yolo_depth_interfaces/include/yolo_depth_interfaces/yolo_depth_interfaces/srv/detail/set_target__type_support.hpp\n'}
[9.194295] (yolo_depth_interfaces) StdoutLine: {'line': b'-- Installing: /home/hun/YongYiHanYong/install/yolo_depth_interfaces/include/yolo_depth_interfaces/yolo_depth_interfaces/srv/detail/target_center__struct.hpp\n'}
[9.194366] (yolo_depth_interfaces) StdoutLine: {'line': b'-- Installing: /home/hun/YongYiHanYong/install/yolo_depth_interfaces/include/yolo_depth_interfaces/yolo_depth_interfaces/srv/detail/set_target__struct.hpp\n'}
[9.194444] (yolo_depth_interfaces) StdoutLine: {'line': b'-- Installing: /home/hun/YongYiHanYong/install/yolo_depth_interfaces/include/yolo_depth_interfaces/yolo_depth_interfaces/srv/set_target.hpp\n'}
[9.194482] (yolo_depth_interfaces) StdoutLine: {'line': b'-- Up-to-date: /home/hun/YongYiHanYong/install/yolo_depth_interfaces/include/yolo_depth_interfaces/yolo_depth_interfaces\n'}
[9.194518] (yolo_depth_interfaces) StdoutLine: {'line': b'-- Up-to-date: /home/hun/YongYiHanYong/install/yolo_depth_interfaces/include/yolo_depth_interfaces/yolo_depth_interfaces/msg\n'}
[9.194555] (yolo_depth_interfaces) StdoutLine: {'line': b'-- Installing: /home/hun/YongYiHanYong/install/yolo_depth_interfaces/include/yolo_depth_interfaces/yolo_depth_interfaces/msg/rosidl_typesupport_fastrtps_cpp__visibility_control.h\n'}
[9.194593] (yolo_depth_interfaces) StdoutLine: {'line': b'-- Up-to-date: /home/hun/YongYiHanYong/install/yolo_depth_interfaces/include/yolo_depth_interfaces/yolo_depth_interfaces/msg/detail\n'}
[9.194627] (yolo_depth_interfaces) StdoutLine: {'line': b'-- Installing: /home/hun/YongYiHanYong/install/yolo_depth_interfaces/include/yolo_depth_interfaces/yolo_depth_interfaces/msg/detail/object_depth_array__rosidl_typesupport_fastrtps_cpp.hpp\n'}
[9.194664] (yolo_depth_interfaces) StdoutLine: {'line': b'-- Installing: /home/hun/YongYiHanYong/install/yolo_depth_interfaces/include/yolo_depth_interfaces/yolo_depth_interfaces/msg/detail/object_depth__rosidl_typesupport_fastrtps_cpp.hpp\n'}
[9.194698] (yolo_depth_interfaces) StdoutLine: {'line': b'-- Installing: /home/hun/YongYiHanYong/install/yolo_depth_interfaces/include/yolo_depth_interfaces/yolo_depth_interfaces/msg/detail/dds_fastrtps\n'}
[9.194734] (yolo_depth_interfaces) StdoutLine: {'line': b'-- Up-to-date: /home/hun/YongYiHanYong/install/yolo_depth_interfaces/include/yolo_depth_interfaces/yolo_depth_interfaces/srv\n'}
[9.194769] (yolo_depth_interfaces) StdoutLine: {'line': b'-- Up-to-date: /home/hun/YongYiHanYong/install/yolo_depth_interfaces/include/yolo_depth_interfaces/yolo_depth_interfaces/srv/detail\n'}
[9.194805] (yolo_depth_interfaces) StdoutLine: {'line': b'-- Installing: /home/hun/YongYiHanYong/install/yolo_depth_interfaces/include/yolo_depth_interfaces/yolo_depth_interfaces/srv/detail/dds_fastrtps\n'}
[9.194844] (yolo_depth_interfaces) StdoutLine: {'line': b'-- Installing: /home/hun/YongYiHanYong/install/yolo_depth_interfaces/include/yolo_depth_interfaces/yolo_depth_interfaces/srv/detail/target_center__rosidl_typesupport_fastrtps_cpp.hpp\n'}
[9.194880] (yolo_depth_interfaces) StdoutLine: {'line': b'-- Installing: /home/hun/YongYiHanYong/install/yolo_depth_interfaces/include/yolo_depth_interfaces/yolo_depth_interfaces/srv/detail/move_to_point__rosidl_typesupport_fastrtps_cpp.hpp\n'}
[9.194938] (yolo_depth_interfaces) StdoutLine: {'line': b'-- Installing: /home/hun/YongYiHanYong/install/yolo_depth_interfaces/include/yolo_depth_interfaces/yolo_depth_interfaces/srv/detail/set_target__rosidl_typesupport_fastrtps_cpp.hpp\n'}
[9.195022] (yolo_depth_interfaces) StdoutLine: {'line': b'-- Installing: /home/hun/YongYiHanYong/install/yolo_depth_interfaces/lib/libyolo_depth_interfaces__rosidl_typesupport_fastrtps_cpp.so\n'}
[9.195062] (yolo_depth_interfaces) StdoutLine: {'line': b'-- Set non-toolchain portion of runtime path of "/home/hun/YongYiHanYong/install/yolo_depth_interfaces/lib/libyolo_depth_interfaces__rosidl_typesupport_fastrtps_cpp.so" to ""\n'}
[9.195099] (yolo_depth_interfaces) StdoutLine: {'line': b'-- Up-to-date: /home/hun/YongYiHanYong/install/yolo_depth_interfaces/include/yolo_depth_interfaces/yolo_depth_interfaces\n'}
[9.195136] (yolo_depth_interfaces) StdoutLine: {'line': b'-- Up-to-date: /home/hun/YongYiHanYong/install/yolo_depth_interfaces/include/yolo_depth_interfaces/yolo_depth_interfaces/msg\n'}
[9.195174] (yolo_depth_interfaces) StdoutLine: {'line': b'-- Up-to-date: /home/hun/YongYiHanYong/install/yolo_depth_interfaces/include/yolo_depth_interfaces/yolo_depth_interfaces/msg/detail\n'}
[9.195211] (yolo_depth_interfaces) StdoutLine: {'line': b'-- Installing: /home/hun/YongYiHanYong/install/yolo_depth_interfaces/include/yolo_depth_interfaces/yolo_depth_interfaces/msg/detail/object_depth__type_support.cpp\n'}
[9.195247] (yolo_depth_interfaces) StdoutLine: {'line': b'-- Installing: /home/hun/YongYiHanYong/install/yolo_depth_interfaces/include/yolo_depth_interfaces/yolo_depth_interfaces/msg/detail/object_depth_array__type_support.cpp\n'}
[9.195284] (yolo_depth_interfaces) StdoutLine: {'line': b'-- Installing: /home/hun/YongYiHanYong/install/yolo_depth_interfaces/include/yolo_depth_interfaces/yolo_depth_interfaces/msg/detail/object_depth_array__rosidl_typesupport_introspection_cpp.hpp\n'}
[9.195345] (yolo_depth_interfaces) StdoutLine: {'line': b'-- Installing: /home/hun/YongYiHanYong/install/yolo_depth_interfaces/include/yolo_depth_interfaces/yolo_depth_interfaces/msg/detail/object_depth__rosidl_typesupport_introspection_cpp.hpp\n'}
[9.195422] (yolo_depth_interfaces) StdoutLine: {'line': b'-- Up-to-date: /home/hun/YongYiHanYong/install/yolo_depth_interfaces/include/yolo_depth_interfaces/yolo_depth_interfaces/srv\n'}
[9.195461] (yolo_depth_interfaces) StdoutLine: {'line': b'-- Up-to-date: /home/hun/YongYiHanYong/install/yolo_depth_interfaces/include/yolo_depth_interfaces/yolo_depth_interfaces/srv/detail\n'}
[9.195499] (yolo_depth_interfaces) StdoutLine: {'line': b'-- Installing: /home/hun/YongYiHanYong/install/yolo_depth_interfaces/include/yolo_depth_interfaces/yolo_depth_interfaces/srv/detail/move_to_point__rosidl_typesupport_introspection_cpp.hpp\n'}
[9.195538] (yolo_depth_interfaces) StdoutLine: {'line': b'-- Installing: /home/hun/YongYiHanYong/install/yolo_depth_interfaces/include/yolo_depth_interfaces/yolo_depth_interfaces/srv/detail/set_target__type_support.cpp\n'}
[9.195575] (yolo_depth_interfaces) StdoutLine: {'line': b'-- Installing: /home/hun/YongYiHanYong/install/yolo_depth_interfaces/include/yolo_depth_interfaces/yolo_depth_interfaces/srv/detail/target_center__type_support.cpp\n'}
[9.195628] (yolo_depth_interfaces) StdoutLine: {'line': b'-- Installing: /home/hun/YongYiHanYong/install/yolo_depth_interfaces/include/yolo_depth_interfaces/yolo_depth_interfaces/srv/detail/target_center__rosidl_typesupport_introspection_cpp.hpp\n'}
[9.195665] (yolo_depth_interfaces) StdoutLine: {'line': b'-- Installing: /home/hun/YongYiHanYong/install/yolo_depth_interfaces/include/yolo_depth_interfaces/yolo_depth_interfaces/srv/detail/move_to_point__type_support.cpp\n'}
[9.195704] (yolo_depth_interfaces) StdoutLine: {'line': b'-- Installing: /home/hun/YongYiHanYong/install/yolo_depth_interfaces/include/yolo_depth_interfaces/yolo_depth_interfaces/srv/detail/set_target__rosidl_typesupport_introspection_cpp.hpp\n'}
[9.195738] (yolo_depth_interfaces) StdoutLine: {'line': b'-- Installing: /home/hun/YongYiHanYong/install/yolo_depth_interfaces/lib/libyolo_depth_interfaces__rosidl_typesupport_introspection_cpp.so\n'}
[9.195795] (yolo_depth_interfaces) StdoutLine: {'line': b'-- Set non-toolchain portion of runtime path of "/home/hun/YongYiHanYong/install/yolo_depth_interfaces/lib/libyolo_depth_interfaces__rosidl_typesupport_introspection_cpp.so" to ""\n'}
[9.195854] (yolo_depth_interfaces) StdoutLine: {'line': b'-- Installing: /home/hun/YongYiHanYong/install/yolo_depth_interfaces/lib/libyolo_depth_interfaces__rosidl_typesupport_cpp.so\n'}
[9.195912] (yolo_depth_interfaces) StdoutLine: {'line': b'-- Set non-toolchain portion of runtime path of "/home/hun/YongYiHanYong/install/yolo_depth_interfaces/lib/libyolo_depth_interfaces__rosidl_typesupport_cpp.so" to ""\n'}
[9.195981] (yolo_depth_interfaces) StdoutLine: {'line': b'-- Installing: /home/hun/YongYiHanYong/install/yolo_depth_interfaces/share/yolo_depth_interfaces/environment/pythonpath.sh\n'}
[9.196041] (yolo_depth_interfaces) StdoutLine: {'line': b'-- Installing: /home/hun/YongYiHanYong/install/yolo_depth_interfaces/share/yolo_depth_interfaces/environment/pythonpath.dsv\n'}
[9.196101] (yolo_depth_interfaces) StdoutLine: {'line': b'-- Installing: /home/hun/YongYiHanYong/install/yolo_depth_interfaces/lib/python3.12/site-packages/yolo_depth_interfaces-0.0.0-py3.12.egg-info\n'}
[9.196160] (yolo_depth_interfaces) StdoutLine: {'line': b'-- Installing: /home/hun/YongYiHanYong/install/yolo_depth_interfaces/lib/python3.12/site-packages/yolo_depth_interfaces-0.0.0-py3.12.egg-info/top_level.txt\n'}
[9.196223] (yolo_depth_interfaces) StdoutLine: {'line': b'-- Installing: /home/hun/YongYiHanYong/install/yolo_depth_interfaces/lib/python3.12/site-packages/yolo_depth_interfaces-0.0.0-py3.12.egg-info/SOURCES.txt\n'}
[9.196262] (yolo_depth_interfaces) StdoutLine: {'line': b'-- Installing: /home/hun/YongYiHanYong/install/yolo_depth_interfaces/lib/python3.12/site-packages/yolo_depth_interfaces-0.0.0-py3.12.egg-info/PKG-INFO\n'}
[9.196318] (yolo_depth_interfaces) StdoutLine: {'line': b'-- Installing: /home/hun/YongYiHanYong/install/yolo_depth_interfaces/lib/python3.12/site-packages/yolo_depth_interfaces-0.0.0-py3.12.egg-info/dependency_links.txt\n'}
[9.196383] (yolo_depth_interfaces) StdoutLine: {'line': b'-- Installing: /home/hun/YongYiHanYong/install/yolo_depth_interfaces/lib/python3.12/site-packages/yolo_depth_interfaces\n'}
[9.196423] (yolo_depth_interfaces) StdoutLine: {'line': b'-- Installing: /home/hun/YongYiHanYong/install/yolo_depth_interfaces/lib/python3.12/site-packages/yolo_depth_interfaces/__init__.py\n'}
[9.196459] (yolo_depth_interfaces) StdoutLine: {'line': b'-- Installing: /home/hun/YongYiHanYong/install/yolo_depth_interfaces/lib/python3.12/site-packages/yolo_depth_interfaces/_yolo_depth_interfaces_s.ep.rosidl_typesupport_introspection_c.c\n'}
[9.196515] (yolo_depth_interfaces) StdoutLine: {'line': b'-- Installing: /home/hun/YongYiHanYong/install/yolo_depth_interfaces/lib/python3.12/site-packages/yolo_depth_interfaces/msg\n'}
[9.196580] (yolo_depth_interfaces) StdoutLine: {'line': b'-- Installing: /home/hun/YongYiHanYong/install/yolo_depth_interfaces/lib/python3.12/site-packages/yolo_depth_interfaces/msg/_object_depth.py\n'}
[9.196619] (yolo_depth_interfaces) StdoutLine: {'line': b'-- Installing: /home/hun/YongYiHanYong/install/yolo_depth_interfaces/lib/python3.12/site-packages/yolo_depth_interfaces/msg/_object_depth_s.c\n'}
[9.196654] (yolo_depth_interfaces) StdoutLine: {'line': b'-- Installing: /home/hun/YongYiHanYong/install/yolo_depth_interfaces/lib/python3.12/site-packages/yolo_depth_interfaces/msg/__init__.py\n'}
[9.196717] (yolo_depth_interfaces) StdoutLine: {'line': b'-- Installing: /home/hun/YongYiHanYong/install/yolo_depth_interfaces/lib/python3.12/site-packages/yolo_depth_interfaces/msg/_object_depth_array.py\n'}
[9.196756] (yolo_depth_interfaces) StdoutLine: {'line': b'-- Installing: /home/hun/YongYiHanYong/install/yolo_depth_interfaces/lib/python3.12/site-packages/yolo_depth_interfaces/msg/_object_depth_array_s.c\n'}
[9.196817] (yolo_depth_interfaces) StdoutLine: {'line': b'-- Installing: /home/hun/YongYiHanYong/install/yolo_depth_interfaces/lib/python3.12/site-packages/yolo_depth_interfaces/_yolo_depth_interfaces_s.ep.rosidl_typesupport_c.c\n'}
[9.196858] (yolo_depth_interfaces) StdoutLine: {'line': b'-- Installing: /home/hun/YongYiHanYong/install/yolo_depth_interfaces/lib/python3.12/site-packages/yolo_depth_interfaces/yolo_depth_interfaces_s__rosidl_typesupport_c.so\n'}
[9.196921] (yolo_depth_interfaces) StdoutLine: {'line': b'-- Installing: /home/hun/YongYiHanYong/install/yolo_depth_interfaces/lib/python3.12/site-packages/yolo_depth_interfaces/yolo_depth_interfaces_s__rosidl_typesupport_fastrtps_c.so\n'}
[9.196966] (yolo_depth_interfaces) StdoutLine: {'line': b'-- Installing: /home/hun/YongYiHanYong/install/yolo_depth_interfaces/lib/python3.12/site-packages/yolo_depth_interfaces/_yolo_depth_interfaces_s.ep.rosidl_typesupport_fastrtps_c.c\n'}
[9.197035] (yolo_depth_interfaces) StdoutLine: {'line': b'-- Installing: /home/hun/YongYiHanYong/install/yolo_depth_interfaces/lib/python3.12/site-packages/yolo_depth_interfaces/srv\n'}
[9.197075] (yolo_depth_interfaces) StdoutLine: {'line': b'-- Installing: /home/hun/YongYiHanYong/install/yolo_depth_interfaces/lib/python3.12/site-packages/yolo_depth_interfaces/srv/_move_to_point_s.c\n'}
[9.197138] (yolo_depth_interfaces) StdoutLine: {'line': b'-- Installing: /home/hun/YongYiHanYong/install/yolo_depth_interfaces/lib/python3.12/site-packages/yolo_depth_interfaces/srv/__init__.py\n'}
[9.197176] (yolo_depth_interfaces) StdoutLine: {'line': b'-- Installing: /home/hun/YongYiHanYong/install/yolo_depth_interfaces/lib/python3.12/site-packages/yolo_depth_interfaces/srv/_set_target.py\n'}
[9.197239] (yolo_depth_interfaces) StdoutLine: {'line': b'-- Installing: /home/hun/YongYiHanYong/install/yolo_depth_interfaces/lib/python3.12/site-packages/yolo_depth_interfaces/srv/_target_center.py\n'}
[9.197278] (yolo_depth_interfaces) StdoutLine: {'line': b'-- Installing: /home/hun/YongYiHanYong/install/yolo_depth_interfaces/lib/python3.12/site-packages/yolo_depth_interfaces/srv/_set_target_s.c\n'}
[9.197314] (yolo_depth_interfaces) StdoutLine: {'line': b'-- Installing: /home/hun/YongYiHanYong/install/yolo_depth_interfaces/lib/python3.12/site-packages/yolo_depth_interfaces/srv/_target_center_s.c\n'}
[9.197373] (yolo_depth_interfaces) StdoutLine: {'line': b'-- Installing: /home/hun/YongYiHanYong/install/yolo_depth_interfaces/lib/python3.12/site-packages/yolo_depth_interfaces/srv/_move_to_point.py\n'}
[9.197411] (yolo_depth_interfaces) StdoutLine: {'line': b'-- Installing: /home/hun/YongYiHanYong/install/yolo_depth_interfaces/lib/python3.12/site-packages/yolo_depth_interfaces/yolo_depth_interfaces_s__rosidl_typesupport_introspection_c.so\n'}
[9.222317] (-) TimerEvent: {}
[9.254095] (yolo_depth_interfaces) StdoutLine: {'line': b"Listing '/home/hun/YongYiHanYong/install/yolo_depth_interfaces/lib/python3.12/site-packages/yolo_depth_interfaces'...\n"}
[9.254231] (yolo_depth_interfaces) StdoutLine: {'line': b"Compiling '/home/hun/YongYiHanYong/install/yolo_depth_interfaces/lib/python3.12/site-packages/yolo_depth_interfaces/__init__.py'...\n"}
[9.254273] (yolo_depth_interfaces) StdoutLine: {'line': b"Listing '/home/hun/YongYiHanYong/install/yolo_depth_interfaces/lib/python3.12/site-packages/yolo_depth_interfaces/msg'...\n"}
[9.254312] (yolo_depth_interfaces) StdoutLine: {'line': b"Compiling '/home/hun/YongYiHanYong/install/yolo_depth_interfaces/lib/python3.12/site-packages/yolo_depth_interfaces/msg/__init__.py'...\n"}
[9.254348] (yolo_depth_interfaces) StdoutLine: {'line': b"Compiling '/home/hun/YongYiHanYong/install/yolo_depth_interfaces/lib/python3.12/site-packages/yolo_depth_interfaces/msg/_object_depth.py'...\n"}
[9.254392] (yolo_depth_interfaces) StdoutLine: {'line': b"Compiling '/home/hun/YongYiHanYong/install/yolo_depth_interfaces/lib/python3.12/site-packages/yolo_depth_interfaces/msg/_object_depth_array.py'...\n"}
[9.254426] (yolo_depth_interfaces) StdoutLine: {'line': b"Listing '/home/hun/YongYiHanYong/install/yolo_depth_interfaces/lib/python3.12/site-packages/yolo_depth_interfaces/srv'...\n"}
[9.254461] (yolo_depth_interfaces) StdoutLine: {'line': b"Compiling '/home/hun/YongYiHanYong/install/yolo_depth_interfaces/lib/python3.12/site-packages/yolo_depth_interfaces/srv/__init__.py'...\n"}
[9.254495] (yolo_depth_interfaces) StdoutLine: {'line': b"Compiling '/home/hun/YongYiHanYong/install/yolo_depth_interfaces/lib/python3.12/site-packages/yolo_depth_interfaces/srv/_move_to_point.py'...\n"}
[9.254529] (yolo_depth_interfaces) StdoutLine: {'line': b"Compiling '/home/hun/YongYiHanYong/install/yolo_depth_interfaces/lib/python3.12/site-packages/yolo_depth_interfaces/srv/_set_target.py'...\n"}
[9.254562] (yolo_depth_interfaces) StdoutLine: {'line': b"Compiling '/home/hun/YongYiHanYong/install/yolo_depth_interfaces/lib/python3.12/site-packages/yolo_depth_interfaces/srv/_target_center.py'...\n"}
[9.261995] (yolo_depth_interfaces) StdoutLine: {'line': b'-- Installing: /home/hun/YongYiHanYong/install/yolo_depth_interfaces/lib/python3.12/site-packages/yolo_depth_interfaces/yolo_depth_interfaces_s__rosidl_typesupport_fastrtps_c.so\n'}
[9.262259] (yolo_depth_interfaces) StdoutLine: {'line': b'-- Set non-toolchain portion of runtime path of "/home/hun/YongYiHanYong/install/yolo_depth_interfaces/lib/python3.12/site-packages/yolo_depth_interfaces/yolo_depth_interfaces_s__rosidl_typesupport_fastrtps_c.so" to ""\n'}
[9.262544] (yolo_depth_interfaces) StdoutLine: {'line': b'-- Installing: /home/hun/YongYiHanYong/install/yolo_depth_interfaces/lib/python3.12/site-packages/yolo_depth_interfaces/yolo_depth_interfaces_s__rosidl_typesupport_introspection_c.so\n'}
[9.262915] (yolo_depth_interfaces) StdoutLine: {'line': b'-- Set non-toolchain portion of runtime path of "/home/hun/YongYiHanYong/install/yolo_depth_interfaces/lib/python3.12/site-packages/yolo_depth_interfaces/yolo_depth_interfaces_s__rosidl_typesupport_introspection_c.so" to ""\n'}
[9.263356] (yolo_depth_interfaces) StdoutLine: {'line': b'-- Installing: /home/hun/YongYiHanYong/install/yolo_depth_interfaces/lib/python3.12/site-packages/yolo_depth_interfaces/yolo_depth_interfaces_s__rosidl_typesupport_c.so\n'}
[9.263588] (yolo_depth_interfaces) StdoutLine: {'line': b'-- Set non-toolchain portion of runtime path of "/home/hun/YongYiHanYong/install/yolo_depth_interfaces/lib/python3.12/site-packages/yolo_depth_interfaces/yolo_depth_interfaces_s__rosidl_typesupport_c.so" to ""\n'}
[9.263700] (yolo_depth_interfaces) StdoutLine: {'line': b'-- Installing: /home/hun/YongYiHanYong/install/yolo_depth_interfaces/lib/libyolo_depth_interfaces__rosidl_generator_py.so\n'}
[9.264139] (yolo_depth_interfaces) StdoutLine: {'line': b'-- Set non-toolchain portion of runtime path of "/home/hun/YongYiHanYong/install/yolo_depth_interfaces/lib/libyolo_depth_interfaces__rosidl_generator_py.so" to ""\n'}
[9.264235] (yolo_depth_interfaces) StdoutLine: {'line': b'-- Installing: /home/hun/YongYiHanYong/install/yolo_depth_interfaces/share/yolo_depth_interfaces/msg/ObjectDepth.idl\n'}
[9.264381] (yolo_depth_interfaces) StdoutLine: {'line': b'-- Installing: /home/hun/YongYiHanYong/install/yolo_depth_interfaces/share/yolo_depth_interfaces/msg/ObjectDepthArray.idl\n'}
[9.264540] (yolo_depth_interfaces) StdoutLine: {'line': b'-- Installing: /home/hun/YongYiHanYong/install/yolo_depth_interfaces/share/yolo_depth_interfaces/srv/SetTarget.idl\n'}
[9.264682] (yolo_depth_interfaces) StdoutLine: {'line': b'-- Installing: /home/hun/YongYiHanYong/install/yolo_depth_interfaces/share/yolo_depth_interfaces/srv/MoveToPoint.idl\n'}
[9.264827] (yolo_depth_interfaces) StdoutLine: {'line': b'-- Installing: /home/hun/YongYiHanYong/install/yolo_depth_interfaces/share/yolo_depth_interfaces/srv/TargetCenter.idl\n'}
[9.264995] (yolo_depth_interfaces) StdoutLine: {'line': b'-- Installing: /home/hun/YongYiHanYong/install/yolo_depth_interfaces/share/yolo_depth_interfaces/msg/ObjectDepth.msg\n'}
[9.265148] (yolo_depth_interfaces) StdoutLine: {'line': b'-- Installing: /home/hun/YongYiHanYong/install/yolo_depth_interfaces/share/yolo_depth_interfaces/msg/ObjectDepthArray.msg\n'}
[9.265299] (yolo_depth_interfaces) StdoutLine: {'line': b'-- Installing: /home/hun/YongYiHanYong/install/yolo_depth_interfaces/share/yolo_depth_interfaces/srv/SetTarget.srv\n'}
[9.265448] (yolo_depth_interfaces) StdoutLine: {'line': b'-- Installing: /home/hun/YongYiHanYong/install/yolo_depth_interfaces/share/yolo_depth_interfaces/srv/MoveToPoint.srv\n'}
[9.265590] (yolo_depth_interfaces) StdoutLine: {'line': b'-- Installing: /home/hun/YongYiHanYong/install/yolo_depth_interfaces/share/yolo_depth_interfaces/srv/TargetCenter.srv\n'}
[9.265798] (yolo_depth_interfaces) StdoutLine: {'line': b'-- Installing: /home/hun/YongYiHanYong/install/yolo_depth_interfaces/share/ament_index/resource_index/package_run_dependencies/yolo_depth_interfaces\n'}
[9.266020] (yolo_depth_interfaces) StdoutLine: {'line': b'-- Installing: /home/hun/YongYiHanYong/install/yolo_depth_interfaces/share/ament_index/resource_index/parent_prefix_path/yolo_depth_interfaces\n'}
[9.266191] (yolo_depth_interfaces) StdoutLine: {'line': b'-- Installing: /home/hun/YongYiHanYong/install/yolo_depth_interfaces/share/yolo_depth_interfaces/environment/ament_prefix_path.sh\n'}
[9.266356] (yolo_depth_interfaces) StdoutLine: {'line': b'-- Installing: /home/hun/YongYiHanYong/install/yolo_depth_interfaces/share/yolo_depth_interfaces/environment/ament_prefix_path.dsv\n'}
[9.266499] (yolo_depth_interfaces) StdoutLine: {'line': b'-- Installing: /home/hun/YongYiHanYong/install/yolo_depth_interfaces/share/yolo_depth_interfaces/environment/path.sh\n'}
[9.266640] (yolo_depth_interfaces) StdoutLine: {'line': b'-- Installing: /home/hun/YongYiHanYong/install/yolo_depth_interfaces/share/yolo_depth_interfaces/environment/path.dsv\n'}
[9.266785] (yolo_depth_interfaces) StdoutLine: {'line': b'-- Installing: /home/hun/YongYiHanYong/install/yolo_depth_interfaces/share/yolo_depth_interfaces/local_setup.bash\n'}
[9.266933] (yolo_depth_interfaces) StdoutLine: {'line': b'-- Installing: /home/hun/YongYiHanYong/install/yolo_depth_interfaces/share/yolo_depth_interfaces/local_setup.sh\n'}
[9.267115] (yolo_depth_interfaces) StdoutLine: {'line': b'-- Installing: /home/hun/YongYiHanYong/install/yolo_depth_interfaces/share/yolo_depth_interfaces/local_setup.zsh\n'}
[9.267234] (yolo_depth_interfaces) StdoutLine: {'line': b'-- Installing: /home/hun/YongYiHanYong/install/yolo_depth_interfaces/share/yolo_depth_interfaces/local_setup.dsv\n'}
[9.267384] (yolo_depth_interfaces) StdoutLine: {'line': b'-- Installing: /home/hun/YongYiHanYong/install/yolo_depth_interfaces/share/yolo_depth_interfaces/package.dsv\n'}
[9.267574] (yolo_depth_interfaces) StdoutLine: {'line': b'-- Installing: /home/hun/YongYiHanYong/install/yolo_depth_interfaces/share/ament_index/resource_index/packages/yolo_depth_interfaces\n'}
[9.267783] (yolo_depth_interfaces) StdoutLine: {'line': b'-- Installing: /home/hun/YongYiHanYong/install/yolo_depth_interfaces/share/yolo_depth_interfaces/cmake/export_yolo_depth_interfaces__rosidl_generator_cExport.cmake\n'}
[9.267955] (yolo_depth_interfaces) StdoutLine: {'line': b'-- Installing: /home/hun/YongYiHanYong/install/yolo_depth_interfaces/share/yolo_depth_interfaces/cmake/export_yolo_depth_interfaces__rosidl_generator_cExport-noconfig.cmake\n'}
[9.268136] (yolo_depth_interfaces) StdoutLine: {'line': b'-- Installing: /home/hun/YongYiHanYong/install/yolo_depth_interfaces/share/yolo_depth_interfaces/cmake/export_yolo_depth_interfaces__rosidl_typesupport_fastrtps_cExport.cmake\n'}
[9.268290] (yolo_depth_interfaces) StdoutLine: {'line': b'-- Installing: /home/hun/YongYiHanYong/install/yolo_depth_interfaces/share/yolo_depth_interfaces/cmake/export_yolo_depth_interfaces__rosidl_typesupport_fastrtps_cExport-noconfig.cmake\n'}
[9.268457] (yolo_depth_interfaces) StdoutLine: {'line': b'-- Installing: /home/hun/YongYiHanYong/install/yolo_depth_interfaces/share/yolo_depth_interfaces/cmake/yolo_depth_interfaces__rosidl_typesupport_introspection_cExport.cmake\n'}
[9.268612] (yolo_depth_interfaces) StdoutLine: {'line': b'-- Installing: /home/hun/YongYiHanYong/install/yolo_depth_interfaces/share/yolo_depth_interfaces/cmake/yolo_depth_interfaces__rosidl_typesupport_introspection_cExport-noconfig.cmake\n'}
[9.268783] (yolo_depth_interfaces) StdoutLine: {'line': b'-- Installing: /home/hun/YongYiHanYong/install/yolo_depth_interfaces/share/yolo_depth_interfaces/cmake/yolo_depth_interfaces__rosidl_typesupport_cExport.cmake\n'}
[9.268942] (yolo_depth_interfaces) StdoutLine: {'line': b'-- Installing: /home/hun/YongYiHanYong/install/yolo_depth_interfaces/share/yolo_depth_interfaces/cmake/yolo_depth_interfaces__rosidl_typesupport_cExport-noconfig.cmake\n'}
[9.269116] (yolo_depth_interfaces) StdoutLine: {'line': b'-- Installing: /home/hun/YongYiHanYong/install/yolo_depth_interfaces/share/yolo_depth_interfaces/cmake/export_yolo_depth_interfaces__rosidl_generator_cppExport.cmake\n'}
[9.269348] (yolo_depth_interfaces) StdoutLine: {'line': b'-- Installing: /home/hun/YongYiHanYong/install/yolo_depth_interfaces/share/yolo_depth_interfaces/cmake/export_yolo_depth_interfaces__rosidl_typesupport_fastrtps_cppExport.cmake\n'}
[9.269484] (yolo_depth_interfaces) StdoutLine: {'line': b'-- Installing: /home/hun/YongYiHanYong/install/yolo_depth_interfaces/share/yolo_depth_interfaces/cmake/export_yolo_depth_interfaces__rosidl_typesupport_fastrtps_cppExport-noconfig.cmake\n'}
[9.269658] (yolo_depth_interfaces) StdoutLine: {'line': b'-- Installing: /home/hun/YongYiHanYong/install/yolo_depth_interfaces/share/yolo_depth_interfaces/cmake/yolo_depth_interfaces__rosidl_typesupport_introspection_cppExport.cmake\n'}
[9.269752] (yolo_depth_interfaces) StdoutLine: {'line': b'-- Installing: /home/hun/YongYiHanYong/install/yolo_depth_interfaces/share/yolo_depth_interfaces/cmake/yolo_depth_interfaces__rosidl_typesupport_introspection_cppExport-noconfig.cmake\n'}
[9.269909] (yolo_depth_interfaces) StdoutLine: {'line': b'-- Installing: /home/hun/YongYiHanYong/install/yolo_depth_interfaces/share/yolo_depth_interfaces/cmake/yolo_depth_interfaces__rosidl_typesupport_cppExport.cmake\n'}
[9.270080] (yolo_depth_interfaces) StdoutLine: {'line': b'-- Installing: /home/hun/YongYiHanYong/install/yolo_depth_interfaces/share/yolo_depth_interfaces/cmake/yolo_depth_interfaces__rosidl_typesupport_cppExport-noconfig.cmake\n'}
[9.270247] (yolo_depth_interfaces) StdoutLine: {'line': b'-- Installing: /home/hun/YongYiHanYong/install/yolo_depth_interfaces/share/yolo_depth_interfaces/cmake/export_yolo_depth_interfaces__rosidl_generator_pyExport.cmake\n'}
[9.270393] (yolo_depth_interfaces) StdoutLine: {'line': b'-- Installing: /home/hun/YongYiHanYong/install/yolo_depth_interfaces/share/yolo_depth_interfaces/cmake/export_yolo_depth_interfaces__rosidl_generator_pyExport-noconfig.cmake\n'}
[9.270533] (yolo_depth_interfaces) StdoutLine: {'line': b'-- Installing: /home/hun/YongYiHanYong/install/yolo_depth_interfaces/share/yolo_depth_interfaces/cmake/rosidl_cmake-extras.cmake\n'}
[9.270673] (yolo_depth_interfaces) StdoutLine: {'line': b'-- Installing: /home/hun/YongYiHanYong/install/yolo_depth_interfaces/share/yolo_depth_interfaces/cmake/ament_cmake_export_dependencies-extras.cmake\n'}
[9.270827] (yolo_depth_interfaces) StdoutLine: {'line': b'-- Installing: /home/hun/YongYiHanYong/install/yolo_depth_interfaces/share/yolo_depth_interfaces/cmake/ament_cmake_export_include_directories-extras.cmake\n'}
[9.270975] (yolo_depth_interfaces) StdoutLine: {'line': b'-- Installing: /home/hun/YongYiHanYong/install/yolo_depth_interfaces/share/yolo_depth_interfaces/cmake/ament_cmake_export_libraries-extras.cmake\n'}
[9.271121] (yolo_depth_interfaces) StdoutLine: {'line': b'-- Installing: /home/hun/YongYiHanYong/install/yolo_depth_interfaces/share/yolo_depth_interfaces/cmake/ament_cmake_export_targets-extras.cmake\n'}
[9.271265] (yolo_depth_interfaces) StdoutLine: {'line': b'-- Installing: /home/hun/YongYiHanYong/install/yolo_depth_interfaces/share/yolo_depth_interfaces/cmake/rosidl_cmake_export_typesupport_targets-extras.cmake\n'}
[9.271406] (yolo_depth_interfaces) StdoutLine: {'line': b'-- Installing: /home/hun/YongYiHanYong/install/yolo_depth_interfaces/share/yolo_depth_interfaces/cmake/rosidl_cmake_export_typesupport_libraries-extras.cmake\n'}
[9.271548] (yolo_depth_interfaces) StdoutLine: {'line': b'-- Installing: /home/hun/YongYiHanYong/install/yolo_depth_interfaces/share/yolo_depth_interfaces/cmake/yolo_depth_interfacesConfig.cmake\n'}
[9.271663] (yolo_depth_interfaces) StdoutLine: {'line': b'-- Installing: /home/hun/YongYiHanYong/install/yolo_depth_interfaces/share/yolo_depth_interfaces/cmake/yolo_depth_interfacesConfig-version.cmake\n'}
[9.271819] (yolo_depth_interfaces) StdoutLine: {'line': b'-- Installing: /home/hun/YongYiHanYong/install/yolo_depth_interfaces/share/yolo_depth_interfaces/package.xml\n'}
[9.274452] (yolo_depth_interfaces) CommandEnded: {'returncode': 0}
[9.289940] (yolo_depth_interfaces) JobEnded: {'identifier': 'yolo_depth_interfaces', 'rc': 0}
[9.290864] (target_move) JobStarted: {'identifier': 'target_move'}
[9.299451] (target_move) JobProgress: {'identifier': 'target_move', 'progress': 'cmake'}
[9.300254] (target_move) Command: {'cmd': ['/usr/bin/cmake', '/home/hun/YongYiHanYong/src/target_move', '-DCMAKE_INSTALL_PREFIX=/home/hun/YongYiHanYong/install/target_move'], 'cwd': '/home/hun/YongYiHanYong/build/target_move', 'env': OrderedDict({'LESSOPEN': '| /usr/bin/lesspipe %s', 'GZ_SIM_RESOURCE_PATH': '/opt/ros/jazzy/share', 'USER': 'hun', 'GZ_CONFIG_PATH': '/opt/ros/jazzy/opt/gz_sim_vendor/share/gz:/opt/ros/jazzy/opt/sdformat_vendor/share/gz:/opt/ros/jazzy/opt/gz_gui_vendor/share/gz:/opt/ros/jazzy/opt/gz_transport_vendor/share/gz:/opt/ros/jazzy/opt/gz_rendering_vendor/share/gz:/opt/ros/jazzy/opt/gz_plugin_vendor/share/gz:/opt/ros/jazzy/opt/gz_fuel_tools_vendor/share/gz:/opt/ros/jazzy/opt/gz_msgs_vendor/share/gz:/opt/ros/jazzy/opt/gz_common_vendor/share/gz', 'XDG_SESSION_TYPE': 'wayland', 'ROS_PACKAGE_PATH': '/home/hun/YongYiHanYong/install/yolo_depth_interfaces/share', 'SHLVL': '1', 'LD_LIBRARY_PATH': '/home/hun/YongYiHanYong/install/yolo_depth_interfaces/lib:/home/hun/YongYiHanYong/install/interface_pkg/lib:/opt/ros/jazzy/opt/gz_sim_vendor/lib:/opt/ros/jazzy/opt/gz_sensors_vendor/lib:/opt/ros/jazzy/opt/gz_physics_vendor/lib:/opt/ros/jazzy/opt/sdformat_vendor/lib:/opt/ros/jazzy/opt/rviz_ogre_vendor/lib:/opt/ros/jazzy/lib/x86_64-linux-gnu:/opt/ros/jazzy/opt/gz_gui_vendor/lib:/opt/ros/jazzy/opt/gz_transport_vendor/lib:/opt/ros/jazzy/opt/gz_rendering_vendor/lib:/opt/ros/jazzy/opt/gz_plugin_vendor/lib:/opt/ros/jazzy/opt/gz_fuel_tools_vendor/lib:/opt/ros/jazzy/opt/gz_msgs_vendor/lib:/opt/ros/jazzy/opt/gz_common_vendor/lib:/opt/ros/jazzy/opt/gz_math_vendor/lib:/opt/ros/jazzy/opt/gz_utils_vendor/lib:/opt/ros/jazzy/opt/gz_tools_vendor/lib:/opt/ros/jazzy/opt/gz_ogre_next_vendor/lib:/opt/ros/jazzy/opt/gz_dartsim_vendor/lib:/opt/ros/jazzy/opt/gz_cmake_vendor/lib:/opt/ros/jazzy/lib', 'HOME': '/home/hun', 'OLDPWD': '/home/hun', 'DESKTOP_SESSION': 'ubuntu', 'NVM_BIN': '/home/hun/.nvm/versions/node/v24.11.1/bin', 'NVM_INC': '/home/hun/.nvm/versions/node/v24.11.1/include/node', 'ROS_PYTHON_VERSION': '3', 'GNOME_SHELL_SESSION_MODE': 'ubuntu', 'GTK_MODULES': 'gail:atk-bridge', 'MANAGERPID': '2265', 'SYSTEMD_EXEC_PID': '2940', 'GSM_SKIP_SSH_AGENT_WORKAROUND': 'true', 'DBUS_SESSION_BUS_ADDRESS': 'unix:path=/run/user/1000/bus', 'COLORTERM': 'truecolor', 'TERMINATOR_DBUS_NAME': 'net.tenshu.Terminator25ef4b219e3b005583550f2b0f9f990c3', 'GIO_LAUNCHED_DESKTOP_FILE_PID': '4489', 'GNOME_KEYRING_CONTROL': '/run/user/1000/keyring', 'NVM_DIR': '/home/hun/.nvm', 'DEBUGINFOD_URLS': 'https://debuginfod.ubuntu.com', 'IM_CONFIG_PHASE': '1', 'WAYLAND_DISPLAY': 'wayland-0', 'COLCON_PREFIX_PATH': '/home/hun/YongYiHanYong/install', 'ROS_DISTRO': 'jazzy', 'LOGNAME': 'hun', 'JOURNAL_STREAM': '9:21874', '_': '/usr/bin/colcon', 'ROS_VERSION': '2', 'MEMORY_PRESSURE_WATCH': '/sys/fs/cgroup/user.slice/user-1000.slice/user@1000.service/session.slice/org.gnome.SettingsDaemon.MediaKeys.service/memory.pressure', 'XDG_SESSION_CLASS': 'user', 'PKG_CONFIG_PATH': '/home/hun/YongYiHanYong/install/yolo_depth_interfaces/lib/x86_64-linux-gnu/pkgconfig:/home/hun/YongYiHanYong/install/yolo_depth_interfaces/lib/pkgconfig', 'USERNAME': 'hun', 'TERM': 'xterm-256color', 'GNOME_DESKTOP_SESSION_ID': 'this-is-deprecated', 'PATH': '/home/hun/.nvm/versions/node/v24.11.1/bin:/opt/ros/jazzy/opt/gz_msgs_vendor/bin:/opt/ros/jazzy/opt/gz_tools_vendor/bin:/opt/ros/jazzy/opt/gz_ogre_next_vendor/bin:/opt/ros/jazzy/bin:/home/hun/.local/bin:/usr/local/sbin:/usr/local/bin:/usr/sbin:/usr/bin:/sbin:/bin:/usr/games:/usr/local/games:/snap/bin:/snap/bin', 'SESSION_MANAGER': 'local/airos:@/tmp/.ICE-unix/2692,unix/airos:/tmp/.ICE-unix/2692', 'INVOCATION_ID': '4cd9f93c642348feae55c242511447f4', 'XDG_MENU_PREFIX': 'gnome-', 'GNOME_SETUP_DISPLAY': ':1', 'XDG_RUNTIME_DIR': '/run/user/1000', 'DISPLAY': ':0', 'TERMINATOR_DBUS_PATH': '/net/tenshu/Terminator2', 'LANG': 'en_US.UTF-8', 'XDG_CURRENT_DESKTOP': 'ubuntu:GNOME', 'XMODIFIERS': '@im=ibus', 'XDG_SESSION_DESKTOP': 'ubuntu', 'XAUTHORITY': '/run/user/1000/.mutter-Xwaylandauth.5SXRG3', 'LS_COLORS': 'rs=0:di=01;34:ln=01;36:mh=00:pi=40;33:so=01;35:do=01;35:bd=40;33;01:cd=40;33;01:or=40;31;01:mi=00:su=37;41:sg=30;43:ca=00:tw=30;42:ow=34;42:st=37;44:ex=01;32:*.tar=01;31:*.tgz=01;31:*.arc=01;31:*.arj=01;31:*.taz=01;31:*.lha=01;31:*.lz4=01;31:*.lzh=01;31:*.lzma=01;31:*.tlz=01;31:*.txz=01;31:*.tzo=01;31:*.t7z=01;31:*.zip=01;31:*.z=01;31:*.dz=01;31:*.gz=01;31:*.lrz=01;31:*.lz=01;31:*.lzo=01;31:*.xz=01;31:*.zst=01;31:*.tzst=01;31:*.bz2=01;31:*.bz=01;31:*.tbz=01;31:*.tbz2=01;31:*.tz=01;31:*.deb=01;31:*.rpm=01;31:*.jar=01;31:*.war=01;31:*.ear=01;31:*.sar=01;31:*.rar=01;31:*.alz=01;31:*.ace=01;31:*.zoo=01;31:*.cpio=01;31:*.7z=01;31:*.rz=01;31:*.cab=01;31:*.wim=01;31:*.swm=01;31:*.dwm=01;31:*.esd=01;31:*.avif=01;35:*.jpg=01;35:*.jpeg=01;35:*.mjpg=01;35:*.mjpeg=01;35:*.gif=01;35:*.bmp=01;35:*.pbm=01;35:*.pgm=01;35:*.ppm=01;35:*.tga=01;35:*.xbm=01;35:*.xpm=01;35:*.tif=01;35:*.tiff=01;35:*.png=01;35:*.svg=01;35:*.svgz=01;35:*.mng=01;35:*.pcx=01;35:*.mov=01;35:*.mpg=01;35:*.mpeg=01;35:*.m2v=01;35:*.mkv=01;35:*.webm=01;35:*.webp=01;35:*.ogm=01;35:*.mp4=01;35:*.m4v=01;35:*.mp4v=01;35:*.vob=01;35:*.qt=01;35:*.nuv=01;35:*.wmv=01;35:*.asf=01;35:*.rm=01;35:*.rmvb=01;35:*.flc=01;35:*.avi=01;35:*.fli=01;35:*.flv=01;35:*.gl=01;35:*.dl=01;35:*.xcf=01;35:*.xwd=01;35:*.yuv=01;35:*.cgm=01;35:*.emf=01;35:*.ogv=01;35:*.ogx=01;35:*.aac=00;36:*.au=00;36:*.flac=00;36:*.m4a=00;36:*.mid=00;36:*.midi=00;36:*.mka=00;36:*.mp3=00;36:*.mpc=00;36:*.ogg=00;36:*.ra=00;36:*.wav=00;36:*.oga=00;36:*.opus=00;36:*.spx=00;36:*.xspf=00;36:*~=00;90:*#=00;90:*.bak=00;90:*.crdownload=00;90:*.dpkg-dist=00;90:*.dpkg-new=00;90:*.dpkg-old=00;90:*.dpkg-tmp=00;90:*.old=00;90:*.orig=00;90:*.part=00;90:*.rej=00;90:*.rpmnew=00;90:*.rpmorig=00;90:*.rpmsave=00;90:*.swp=00;90:*.tmp=00;90:*.ucf-dist=00;90:*.ucf-new=00;90:*.ucf-old=00;90:', 'SSH_AUTH_SOCK': '/run/user/1000/keyring/ssh', 'AMENT_PREFIX_PATH': '/home/hun/YongYiHanYong/install/yolo_realsense:/home/hun/YongYiHanYong/install/interface_pkg:/home/hun/YongYiHanYong/install/llm_for_pick_place_voice:/opt/ros/jazzy', 'SHELL': '/bin/bash', 'TERMINATOR_UUID': 'urn:uuid:67c9869f-f13d-4ac4-b12a-f3533a42efdb', 'QT_ACCESSIBILITY': '1', 'GDMSESSION': 'ubuntu', 'LESSCLOSE': '/usr/bin/lesspipe %s %s', 'ROS_AUTOMATIC_DISCOVERY_RANGE': 'SUBNET', 'QT_IM_MODULE': 'ibus', 'PWD': '/home/hun/YongYiHanYong/build/target_move', 'LC_ALL': 'en_US.UTF-8', 'XDG_CONFIG_DIRS': '/etc/xdg/xdg-ubuntu:/etc/xdg', 'NVM_CD_FLAGS': '', 'XDG_DATA_DIRS': '/usr/share/ubuntu:/usr/share/gnome:/usr/local/share/:/usr/share/:/var/lib/snapd/desktop', 'PYTHONPATH': '/home/hun/YongYiHanYong/install/yolo_depth_interfaces/lib/python3.12/site-packages:/home/hun/YongYiHanYong/install/yolo_realsense/lib/python3.12/site-packages:/home/hun/YongYiHanYong/install/interface_pkg/lib/python3.12/site-packages:/home/hun/YongYiHanYong/build/llm_for_pick_place_voice:/home/hun/YongYiHanYong/install/llm_for_pick_place_voice/lib/python3.12/site-packages:/opt/ros/jazzy/lib/python3.12/site-packages', 'COLCON': '1', 'MEMORY_PRESSURE_WRITE': 'c29tZSAyMDAwMDAgMjAwMDAwMAA=', 'VTE_VERSION': '7600', 'CMAKE_PREFIX_PATH': '/home/hun/YongYiHanYong/install/yolo_realsense:/home/hun/YongYiHanYong/install/llm_for_pick_place_voice:/opt/ros/jazzy:/home/hun/YongYiHanYong/install/yolo_depth_interfaces:/home/hun/YongYiHanYong/install/interface_pkg:/opt/ros/jazzy/opt/gz_sim_vendor:/opt/ros/jazzy/opt/gz_sensors_vendor:/opt/ros/jazzy/opt/gz_physics_vendor:/opt/ros/jazzy/opt/sdformat_vendor:/opt/ros/jazzy/opt/gz_gui_vendor:/opt/ros/jazzy/opt/gz_transport_vendor:/opt/ros/jazzy/opt/gz_rendering_vendor:/opt/ros/jazzy/opt/gz_plugin_vendor:/opt/ros/jazzy/opt/gz_fuel_tools_vendor:/opt/ros/jazzy/opt/gz_msgs_vendor:/opt/ros/jazzy/opt/gz_common_vendor:/opt/ros/jazzy/opt/gz_math_vendor:/opt/ros/jazzy/opt/gz_utils_vendor:/opt/ros/jazzy/opt/gz_tools_vendor:/opt/ros/jazzy/opt/gz_ogre_next_vendor:/opt/ros/jazzy/opt/gz_dartsim_vendor:/opt/ros/jazzy/opt/gz_cmake_vendor'}), 'shell': False}
[9.322442] (-) TimerEvent: {}
[9.358915] (target_move) StdoutLine: {'line': b'-- The C compiler identification is GNU 13.3.0\n'}
[9.414768] (target_move) StdoutLine: {'line': b'-- The CXX compiler identification is GNU 13.3.0\n'}
[9.422568] (-) TimerEvent: {}
[9.435070] (target_move) StdoutLine: {'line': b'-- Detecting C compiler ABI info\n'}
[9.522681] (-) TimerEvent: {}
[9.534311] (target_move) StdoutLine: {'line': b'-- Detecting C compiler ABI info - done\n'}
[9.545692] (target_move) StdoutLine: {'line': b'-- Check for working C compiler: /usr/bin/cc - skipped\n'}
[9.545990] (target_move) StdoutLine: {'line': b'-- Detecting C compile features\n'}
[9.546618] (target_move) StdoutLine: {'line': b'-- Detecting C compile features - done\n'}
[9.558795] (target_move) StdoutLine: {'line': b'-- Detecting CXX compiler ABI info\n'}
[9.622797] (-) TimerEvent: {}
[9.659133] (target_move) StdoutLine: {'line': b'-- Detecting CXX compiler ABI info - done\n'}
[9.668326] (target_move) StdoutLine: {'line': b'-- Check for working CXX compiler: /usr/bin/c++ - skipped\n'}
[9.668662] (target_move) StdoutLine: {'line': b'-- Detecting CXX compile features\n'}
[9.668868] (target_move) StdoutLine: {'line': b'-- Detecting CXX compile features - done\n'}
[9.671032] (target_move) StdoutLine: {'line': b'-- Found ament_cmake: 2.5.4 (/opt/ros/jazzy/share/ament_cmake/cmake)\n'}
[9.722904] (-) TimerEvent: {}
[9.804410] (target_move) StdoutLine: {'line': b'-- Found Python3: /usr/bin/python3 (found version "3.12.3") found components: Interpreter \n'}
[9.823078] (-) TimerEvent: {}
[9.891355] (target_move) StdoutLine: {'line': b'-- Found moveit_ros_planning_interface: 2.12.3 (/opt/ros/jazzy/share/moveit_ros_planning_interface/cmake)\n'}
[9.923187] (-) TimerEvent: {}
[10.023468] (-) TimerEvent: {}
[10.045910] (target_move) StdoutLine: {'line': b'-- Found Boost: /usr/lib/x86_64-linux-gnu/cmake/Boost-1.83.0/BoostConfig.cmake (found version "1.83.0") found components: date_time filesystem program_options system thread \n'}
[10.083696] (target_move) StdoutLine: {'line': b'-- Found rosidl_generator_c: 4.6.6 (/opt/ros/jazzy/share/rosidl_generator_c/cmake)\n'}
[10.093670] (target_move) StdoutLine: {'line': b'-- Found rosidl_generator_cpp: 4.6.6 (/opt/ros/jazzy/share/rosidl_generator_cpp/cmake)\n'}
[10.105446] (target_move) StdoutLine: {'line': b'-- Using all available rosidl_typesupport_c: rosidl_typesupport_fastrtps_c;rosidl_typesupport_introspection_c\n'}
[10.119085] (target_move) StdoutLine: {'line': b'-- Using all available rosidl_typesupport_cpp: rosidl_typesupport_fastrtps_cpp;rosidl_typesupport_introspection_cpp\n'}
[10.123588] (-) TimerEvent: {}
[10.223922] (-) TimerEvent: {}
[10.324233] (-) TimerEvent: {}
[10.390325] (target_move) StdoutLine: {'line': b'-- Found Boost: /usr/lib/x86_64-linux-gnu/cmake/Boost-1.83.0/BoostConfig.cmake (found version "1.83.0") found components: chrono date_time filesystem iostreams program_options regex serialization system thread \n'}
[10.424355] (-) TimerEvent: {}
[10.452072] (target_move) StdoutLine: {'line': b'-- Found parameter_traits: 0.5.0 (/opt/ros/jazzy/share/parameter_traits/cmake)\n'}
[10.498259] (target_move) StdoutLine: {'line': b'-- Found rmw_implementation_cmake: 7.3.2 (/opt/ros/jazzy/share/rmw_implementation_cmake/cmake)\n'}
[10.501217] (target_move) StdoutLine: {'line': b'-- Found rmw_fastrtps_cpp: 8.4.3 (/opt/ros/jazzy/share/rmw_fastrtps_cpp/cmake)\n'}
[10.524459] (-) TimerEvent: {}
[10.607908] (target_move) StdoutLine: {'line': b'-- Found OpenSSL: /usr/lib/x86_64-linux-gnu/libcrypto.so (found version "3.0.13")  \n'}
[10.624656] (-) TimerEvent: {}
[10.627783] (target_move) StdoutLine: {'line': b'-- Found FastRTPS: /opt/ros/jazzy/include (Required is at least version "2.13") \n'}
[10.650726] (target_move) StdoutLine: {'line': b"-- Using RMW implementation 'rmw_fastrtps_cpp' as default\n"}
[10.722921] (target_move) StdoutLine: {'line': b'-- Found rclcpp_lifecycle: 28.1.13 (/opt/ros/jazzy/share/rclcpp_lifecycle/cmake)\n'}
[10.724790] (-) TimerEvent: {}
[10.765025] (target_move) StdoutLine: {'line': b'-- Found Boost: /usr/lib/x86_64-linux-gnu/cmake/Boost-1.83.0/BoostConfig.cmake (found version "1.83.0") found components: filesystem \n'}
[10.825012] (-) TimerEvent: {}
[10.826794] (target_move) StdoutLine: {'line': b'-- Found Eigen3: TRUE (found version "3.4.0") \n'}
[10.827031] (target_move) StdoutLine: {'line': b'-- Ensuring Eigen3 include directory is part of orocos-kdl CMake target\n'}
[10.925108] (-) TimerEvent: {}
[10.967185] (target_move) StdoutLine: {'line': b'-- Found Boost: /usr/lib/x86_64-linux-gnu/cmake/Boost-1.83.0/BoostConfig.cmake (found version "1.83.0") found components: system filesystem date_time program_options thread chrono \n'}
[11.013381] (target_move) StdoutLine: {'line': b'-- Found Boost: /usr/lib/x86_64-linux-gnu/cmake/Boost-1.83.0/BoostConfig.cmake (found version "1.83.0") found components: thread system filesystem regex date_time program_options \n'}
[11.025198] (-) TimerEvent: {}
[11.036084] (target_move) StdoutLine: {'line': b'-- Found Boost: /usr/lib/x86_64-linux-gnu/cmake/Boost-1.83.0/BoostConfig.cmake (found version "1.83.0") found components: system filesystem date_time program_options thread \n'}
[11.069506] (target_move) StdoutLine: {'line': b'-- Found yolo_depth_interfaces: 0.0.0 (/home/hun/YongYiHanYong/install/yolo_depth_interfaces/share/yolo_depth_interfaces/cmake)\n'}
[11.088862] (target_move) StdoutLine: {'line': b'-- Found ament_lint_auto: 0.17.3 (/opt/ros/jazzy/share/ament_lint_auto/cmake)\n'}
[11.125320] (-) TimerEvent: {}
[11.188430] (target_move) StdoutLine: {'line': b"-- Added test 'cppcheck' to perform static code analysis on C / C++ code\n"}
[11.188664] (target_move) StdoutLine: {'line': b'-- Configured cppcheck include dirs: $<BUILD_INTERFACE:/home/hun/YongYiHanYong/src/target_move/include>\n'}
[11.188791] (target_move) StdoutLine: {'line': b'-- Configured cppcheck exclude dirs and/or files: \n'}
[11.189104] (target_move) StdoutLine: {'line': b"-- Added test 'flake8' to check Python code syntax and style conventions\n"}
[11.189275] (target_move) StdoutLine: {'line': b"-- Configured 'flake8' exclude dirs and/or files: \n"}
[11.189548] (target_move) StdoutLine: {'line': b"-- Added test 'lint_cmake' to check CMake code style\n"}
[11.189813] (target_move) StdoutLine: {'line': b"-- Added test 'pep257' to check Python code against some of the docstring style conventions in PEP 257\n"}
[11.190540] (target_move) StdoutLine: {'line': b"-- Added test 'uncrustify' to check C / C++ code style\n"}
[11.190659] (target_move) StdoutLine: {'line': b'-- Configured uncrustify additional arguments: \n'}
[11.190882] (target_move) StdoutLine: {'line': b"-- Added test 'xmllint' to check XML markup files\n"}
[11.191942] (target_move) StdoutLine: {'line': b'-- Configuring done (1.9s)\n'}
[11.224501] (target_move) StdoutLine: {'line': b'-- Generating done (0.0s)\n'}
[11.225392] (-) TimerEvent: {}
[11.229175] (target_move) StdoutLine: {'line': b'-- Build files have been written to: /home/hun/YongYiHanYong/build/target_move\n'}
[11.240822] (target_move) CommandEnded: {'returncode': 0}
[11.241381] (target_move) JobProgress: {'identifier': 'target_move', 'progress': 'build'}
[11.241945] (target_move) Command: {'cmd': ['/usr/bin/cmake', '--build', '/home/hun/YongYiHanYong/build/target_move', '--', '-j12', '-l12'], 'cwd': '/home/hun/YongYiHanYong/build/target_move', 'env': OrderedDict({'LESSOPEN': '| /usr/bin/lesspipe %s', 'GZ_SIM_RESOURCE_PATH': '/opt/ros/jazzy/share', 'USER': 'hun', 'GZ_CONFIG_PATH': '/opt/ros/jazzy/opt/gz_sim_vendor/share/gz:/opt/ros/jazzy/opt/sdformat_vendor/share/gz:/opt/ros/jazzy/opt/gz_gui_vendor/share/gz:/opt/ros/jazzy/opt/gz_transport_vendor/share/gz:/opt/ros/jazzy/opt/gz_rendering_vendor/share/gz:/opt/ros/jazzy/opt/gz_plugin_vendor/share/gz:/opt/ros/jazzy/opt/gz_fuel_tools_vendor/share/gz:/opt/ros/jazzy/opt/gz_msgs_vendor/share/gz:/opt/ros/jazzy/opt/gz_common_vendor/share/gz', 'XDG_SESSION_TYPE': 'wayland', 'ROS_PACKAGE_PATH': '/home/hun/YongYiHanYong/install/yolo_depth_interfaces/share', 'SHLVL': '1', 'LD_LIBRARY_PATH': '/home/hun/YongYiHanYong/install/yolo_depth_interfaces/lib:/home/hun/YongYiHanYong/install/interface_pkg/lib:/opt/ros/jazzy/opt/gz_sim_vendor/lib:/opt/ros/jazzy/opt/gz_sensors_vendor/lib:/opt/ros/jazzy/opt/gz_physics_vendor/lib:/opt/ros/jazzy/opt/sdformat_vendor/lib:/opt/ros/jazzy/opt/rviz_ogre_vendor/lib:/opt/ros/jazzy/lib/x86_64-linux-gnu:/opt/ros/jazzy/opt/gz_gui_vendor/lib:/opt/ros/jazzy/opt/gz_transport_vendor/lib:/opt/ros/jazzy/opt/gz_rendering_vendor/lib:/opt/ros/jazzy/opt/gz_plugin_vendor/lib:/opt/ros/jazzy/opt/gz_fuel_tools_vendor/lib:/opt/ros/jazzy/opt/gz_msgs_vendor/lib:/opt/ros/jazzy/opt/gz_common_vendor/lib:/opt/ros/jazzy/opt/gz_math_vendor/lib:/opt/ros/jazzy/opt/gz_utils_vendor/lib:/opt/ros/jazzy/opt/gz_tools_vendor/lib:/opt/ros/jazzy/opt/gz_ogre_next_vendor/lib:/opt/ros/jazzy/opt/gz_dartsim_vendor/lib:/opt/ros/jazzy/opt/gz_cmake_vendor/lib:/opt/ros/jazzy/lib', 'HOME': '/home/hun', 'OLDPWD': '/home/hun', 'DESKTOP_SESSION': 'ubuntu', 'NVM_BIN': '/home/hun/.nvm/versions/node/v24.11.1/bin', 'NVM_INC': '/home/hun/.nvm/versions/node/v24.11.1/include/node', 'ROS_PYTHON_VERSION': '3', 'GNOME_SHELL_SESSION_MODE': 'ubuntu', 'GTK_MODULES': 'gail:atk-bridge', 'MANAGERPID': '2265', 'SYSTEMD_EXEC_PID': '2940', 'GSM_SKIP_SSH_AGENT_WORKAROUND': 'true', 'DBUS_SESSION_BUS_ADDRESS': 'unix:path=/run/user/1000/bus', 'COLORTERM': 'truecolor', 'TERMINATOR_DBUS_NAME': 'net.tenshu.Terminator25ef4b219e3b005583550f2b0f9f990c3', 'GIO_LAUNCHED_DESKTOP_FILE_PID': '4489', 'GNOME_KEYRING_CONTROL': '/run/user/1000/keyring', 'NVM_DIR': '/home/hun/.nvm', 'DEBUGINFOD_URLS': 'https://debuginfod.ubuntu.com', 'IM_CONFIG_PHASE': '1', 'WAYLAND_DISPLAY': 'wayland-0', 'COLCON_PREFIX_PATH': '/home/hun/YongYiHanYong/install', 'ROS_DISTRO': 'jazzy', 'LOGNAME': 'hun', 'JOURNAL_STREAM': '9:21874', '_': '/usr/bin/colcon', 'ROS_VERSION': '2', 'MEMORY_PRESSURE_WATCH': '/sys/fs/cgroup/user.slice/user-1000.slice/user@1000.service/session.slice/org.gnome.SettingsDaemon.MediaKeys.service/memory.pressure', 'XDG_SESSION_CLASS': 'user', 'PKG_CONFIG_PATH': '/home/hun/YongYiHanYong/install/yolo_depth_interfaces/lib/x86_64-linux-gnu/pkgconfig:/home/hun/YongYiHanYong/install/yolo_depth_interfaces/lib/pkgconfig', 'USERNAME': 'hun', 'TERM': 'xterm-256color', 'GNOME_DESKTOP_SESSION_ID': 'this-is-deprecated', 'PATH': '/home/hun/.nvm/versions/node/v24.11.1/bin:/opt/ros/jazzy/opt/gz_msgs_vendor/bin:/opt/ros/jazzy/opt/gz_tools_vendor/bin:/opt/ros/jazzy/opt/gz_ogre_next_vendor/bin:/opt/ros/jazzy/bin:/home/hun/.local/bin:/usr/local/sbin:/usr/local/bin:/usr/sbin:/usr/bin:/sbin:/bin:/usr/games:/usr/local/games:/snap/bin:/snap/bin', 'SESSION_MANAGER': 'local/airos:@/tmp/.ICE-unix/2692,unix/airos:/tmp/.ICE-unix/2692', 'INVOCATION_ID': '4cd9f93c642348feae55c242511447f4', 'XDG_MENU_PREFIX': 'gnome-', 'GNOME_SETUP_DISPLAY': ':1', 'XDG_RUNTIME_DIR': '/run/user/1000', 'DISPLAY': ':0', 'TERMINATOR_DBUS_PATH': '/net/tenshu/Terminator2', 'LANG': 'en_US.UTF-8', 'XDG_CURRENT_DESKTOP': 'ubuntu:GNOME', 'XMODIFIERS': '@im=ibus', 'XDG_SESSION_DESKTOP': 'ubuntu', 'XAUTHORITY': '/run/user/1000/.mutter-Xwaylandauth.5SXRG3', 'LS_COLORS': 'rs=0:di=01;34:ln=01;36:mh=00:pi=40;33:so=01;35:do=01;35:bd=40;33;01:cd=40;33;01:or=40;31;01:mi=00:su=37;41:sg=30;43:ca=00:tw=30;42:ow=34;42:st=37;44:ex=01;32:*.tar=01;31:*.tgz=01;31:*.arc=01;31:*.arj=01;31:*.taz=01;31:*.lha=01;31:*.lz4=01;31:*.lzh=01;31:*.lzma=01;31:*.tlz=01;31:*.txz=01;31:*.tzo=01;31:*.t7z=01;31:*.zip=01;31:*.z=01;31:*.dz=01;31:*.gz=01;31:*.lrz=01;31:*.lz=01;31:*.lzo=01;31:*.xz=01;31:*.zst=01;31:*.tzst=01;31:*.bz2=01;31:*.bz=01;31:*.tbz=01;31:*.tbz2=01;31:*.tz=01;31:*.deb=01;31:*.rpm=01;31:*.jar=01;31:*.war=01;31:*.ear=01;31:*.sar=01;31:*.rar=01;31:*.alz=01;31:*.ace=01;31:*.zoo=01;31:*.cpio=01;31:*.7z=01;31:*.rz=01;31:*.cab=01;31:*.wim=01;31:*.swm=01;31:*.dwm=01;31:*.esd=01;31:*.avif=01;35:*.jpg=01;35:*.jpeg=01;35:*.mjpg=01;35:*.mjpeg=01;35:*.gif=01;35:*.bmp=01;35:*.pbm=01;35:*.pgm=01;35:*.ppm=01;35:*.tga=01;35:*.xbm=01;35:*.xpm=01;35:*.tif=01;35:*.tiff=01;35:*.png=01;35:*.svg=01;35:*.svgz=01;35:*.mng=01;35:*.pcx=01;35:*.mov=01;35:*.mpg=01;35:*.mpeg=01;35:*.m2v=01;35:*.mkv=01;35:*.webm=01;35:*.webp=01;35:*.ogm=01;35:*.mp4=01;35:*.m4v=01;35:*.mp4v=01;35:*.vob=01;35:*.qt=01;35:*.nuv=01;35:*.wmv=01;35:*.asf=01;35:*.rm=01;35:*.rmvb=01;35:*.flc=01;35:*.avi=01;35:*.fli=01;35:*.flv=01;35:*.gl=01;35:*.dl=01;35:*.xcf=01;35:*.xwd=01;35:*.yuv=01;35:*.cgm=01;35:*.emf=01;35:*.ogv=01;35:*.ogx=01;35:*.aac=00;36:*.au=00;36:*.flac=00;36:*.m4a=00;36:*.mid=00;36:*.midi=00;36:*.mka=00;36:*.mp3=00;36:*.mpc=00;36:*.ogg=00;36:*.ra=00;36:*.wav=00;36:*.oga=00;36:*.opus=00;36:*.spx=00;36:*.xspf=00;36:*~=00;90:*#=00;90:*.bak=00;90:*.crdownload=00;90:*.dpkg-dist=00;90:*.dpkg-new=00;90:*.dpkg-old=00;90:*.dpkg-tmp=00;90:*.old=00;90:*.orig=00;90:*.part=00;90:*.rej=00;90:*.rpmnew=00;90:*.rpmorig=00;90:*.rpmsave=00;90:*.swp=00;90:*.tmp=00;90:*.ucf-dist=00;90:*.ucf-new=00;90:*.ucf-old=00;90:', 'SSH_AUTH_SOCK': '/run/user/1000/keyring/ssh', 'AMENT_PREFIX_PATH': '/home/hun/YongYiHanYong/install/yolo_realsense:/home/hun/YongYiHanYong/install/interface_pkg:/home/hun/YongYiHanYong/install/llm_for_pick_place_voice:/opt/ros/jazzy', 'SHELL': '/bin/bash', 'TERMINATOR_UUID': 'urn:uuid:67c9869f-f13d-4ac4-b12a-f3533a42efdb', 'QT_ACCESSIBILITY': '1', 'GDMSESSION': 'ubuntu', 'LESSCLOSE': '/usr/bin/lesspipe %s %s', 'ROS_AUTOMATIC_DISCOVERY_RANGE': 'SUBNET', 'QT_IM_MODULE': 'ibus', 'PWD': '/home/hun/YongYiHanYong/build/target_move', 'LC_ALL': 'en_US.UTF-8', 'XDG_CONFIG_DIRS': '/etc/xdg/xdg-ubuntu:/etc/xdg', 'NVM_CD_FLAGS': '', 'XDG_DATA_DIRS': '/usr/share/ubuntu:/usr/share/gnome:/usr/local/share/:/usr/share/:/var/lib/snapd/desktop', 'PYTHONPATH': '/home/hun/YongYiHanYong/install/yolo_depth_interfaces/lib/python3.12/site-packages:/home/hun/YongYiHanYong/install/yolo_realsense/lib/python3.12/site-packages:/home/hun/YongYiHanYong/install/interface_pkg/lib/python3.12/site-packages:/home/hun/YongYiHanYong/build/llm_for_pick_place_voice:/home/hun/YongYiHanYong/install/llm_for_pick_place_voice/lib/python3.12/site-packages:/opt/ros/jazzy/lib/python3.12/site-packages', 'COLCON': '1', 'MEMORY_PRESSURE_WRITE': 'c29tZSAyMDAwMDAgMjAwMDAwMAA=', 'VTE_VERSION': '7600', 'CMAKE_PREFIX_PATH': '/home/hun/YongYiHanYong/install/yolo_realsense:/home/hun/YongYiHanYong/install/llm_for_pick_place_voice:/opt/ros/jazzy:/home/hun/YongYiHanYong/install/yolo_depth_interfaces:/home/hun/YongYiHanYong/install/interface_pkg:/opt/ros/jazzy/opt/gz_sim_vendor:/opt/ros/jazzy/opt/gz_sensors_vendor:/opt/ros/jazzy/opt/gz_physics_vendor:/opt/ros/jazzy/opt/sdformat_vendor:/opt/ros/jazzy/opt/gz_gui_vendor:/opt/ros/jazzy/opt/gz_transport_vendor:/opt/ros/jazzy/opt/gz_rendering_vendor:/opt/ros/jazzy/opt/gz_plugin_vendor:/opt/ros/jazzy/opt/gz_fuel_tools_vendor:/opt/ros/jazzy/opt/gz_msgs_vendor:/opt/ros/jazzy/opt/gz_common_vendor:/opt/ros/jazzy/opt/gz_math_vendor:/opt/ros/jazzy/opt/gz_utils_vendor:/opt/ros/jazzy/opt/gz_tools_vendor:/opt/ros/jazzy/opt/gz_ogre_next_vendor:/opt/ros/jazzy/opt/gz_dartsim_vendor:/opt/ros/jazzy/opt/gz_cmake_vendor'}), 'shell': False}
[11.305525] (target_move) StdoutLine: {'line': b'[ 50%] \x1b[32mBuilding CXX object CMakeFiles/target_move_node.dir/src/target_move.cpp.o\x1b[0m\n'}
[11.325540] (-) TimerEvent: {}
[11.425872] (-) TimerEvent: {}
[11.526179] (-) TimerEvent: {}
[11.626569] (-) TimerEvent: {}
[11.726919] (-) TimerEvent: {}
[11.733198] (target_move) StderrLine: {'line': b'\x1b[01m\x1b[K/home/hun/YongYiHanYong/src/target_move/src/target_move.cpp:16:10:\x1b[m\x1b[K \x1b[01;31m\x1b[Kfatal error: \x1b[m\x1b[Knlohmann/json.hpp: No such file or directory\n'}
[11.733457] (target_move) StderrLine: {'line': b'   16 | #include \x1b[01;31m\x1b[K<nlohmann/json.hpp>\x1b[m\x1b[K\n'}
[11.733584] (target_move) StderrLine: {'line': b'      |          \x1b[01;31m\x1b[K^~~~~~~~~~~~~~~~~~~\x1b[m\x1b[K\n'}
[11.733694] (target_move) StderrLine: {'line': b'compilation terminated.\n'}
[11.739102] (target_move) StderrLine: {'line': b'gmake[2]: *** [CMakeFiles/target_move_node.dir/build.make:76: CMakeFiles/target_move_node.dir/src/target_move.cpp.o] Error 1\n'}
[11.739426] (target_move) StderrLine: {'line': b'gmake[1]: *** [CMakeFiles/Makefile2:137: CMakeFiles/target_move_node.dir/all] Error 2\n'}
[11.739625] (target_move) StderrLine: {'line': b'gmake: *** [Makefile:146: all] Error 2\n'}
[11.741572] (target_move) CommandEnded: {'returncode': 2}
[11.744697] (target_move) JobEnded: {'identifier': 'target_move', 'rc': 2}
[11.755619] (-) EventReactorShutdown: {}
