[0.000000] (-) TimerEvent: {}
[0.000954] (interface_pkg) JobQueued: {'identifier': 'interface_pkg', 'dependencies': OrderedDict()}
[0.001038] (yolo_realsense) JobQueued: {'identifier': 'yolo_realsense', 'dependencies': OrderedDict()}
[0.001091] (llm_for_pick_place_voice) JobQueued: {'identifier': 'llm_for_pick_place_voice', 'dependencies': OrderedDict({'interface_pkg': '/home/hun/YongYiHanYong/install/interface_pkg'})}
[0.001146] (interface_pkg) JobStarted: {'identifier': 'interface_pkg'}
[0.015152] (yolo_realsense) JobStarted: {'identifier': 'yolo_realsense'}
[0.030426] (interface_pkg) JobProgress: {'identifier': 'interface_pkg', 'progress': 'cmake'}
[0.031414] (interface_pkg) Command: {'cmd': ['/usr/bin/cmake', '/home/hun/YongYiHanYong/src/interface_pkg', '-DCMAKE_INSTALL_PREFIX=/home/hun/YongYiHanYong/install/interface_pkg'], 'cwd': '/home/hun/YongYiHanYong/build/interface_pkg', 'env': OrderedDict({'LESSOPEN': '| /usr/bin/lesspipe %s', 'GZ_SIM_RESOURCE_PATH': '/opt/ros/jazzy/share', 'USER': 'hun', 'GZ_CONFIG_PATH': '/opt/ros/jazzy/opt/gz_sim_vendor/share/gz:/opt/ros/jazzy/opt/sdformat_vendor/share/gz:/opt/ros/jazzy/opt/gz_gui_vendor/share/gz:/opt/ros/jazzy/opt/gz_transport_vendor/share/gz:/opt/ros/jazzy/opt/gz_rendering_vendor/share/gz:/opt/ros/jazzy/opt/gz_plugin_vendor/share/gz:/opt/ros/jazzy/opt/gz_fuel_tools_vendor/share/gz:/opt/ros/jazzy/opt/gz_msgs_vendor/share/gz:/opt/ros/jazzy/opt/gz_common_vendor/share/gz', 'XDG_SESSION_TYPE': 'wayland', 'SHLVL': '1', 'LD_LIBRARY_PATH': '/opt/ros/jazzy/opt/gz_sim_vendor/lib:/opt/ros/jazzy/opt/gz_sensors_vendor/lib:/opt/ros/jazzy/opt/gz_physics_vendor/lib:/opt/ros/jazzy/opt/sdformat_vendor/lib:/opt/ros/jazzy/opt/rviz_ogre_vendor/lib:/opt/ros/jazzy/lib/x86_64-linux-gnu:/opt/ros/jazzy/opt/gz_gui_vendor/lib:/opt/ros/jazzy/opt/gz_transport_vendor/lib:/opt/ros/jazzy/opt/gz_rendering_vendor/lib:/opt/ros/jazzy/opt/gz_plugin_vendor/lib:/opt/ros/jazzy/opt/gz_fuel_tools_vendor/lib:/opt/ros/jazzy/opt/gz_msgs_vendor/lib:/opt/ros/jazzy/opt/gz_common_vendor/lib:/opt/ros/jazzy/opt/gz_math_vendor/lib:/opt/ros/jazzy/opt/gz_utils_vendor/lib:/opt/ros/jazzy/opt/gz_tools_vendor/lib:/opt/ros/jazzy/opt/gz_ogre_next_vendor/lib:/opt/ros/jazzy/opt/gz_dartsim_vendor/lib:/opt/ros/jazzy/opt/gz_cmake_vendor/lib:/opt/ros/jazzy/lib', 'HOME': '/home/hun', 'OLDPWD': '/home/hun', 'DESKTOP_SESSION': 'ubuntu', 'NVM_BIN': '/home/hun/.nvm/versions/node/v24.11.1/bin', 'NVM_INC': '/home/hun/.nvm/versions/node/v24.11.1/include/node', 'ROS_PYTHON_VERSION': '3', 'GNOME_SHELL_SESSION_MODE': 'ubuntu', 'GTK_MODULES': 'gail:atk-bridge', 'MANAGERPID': '2265', 'SYSTEMD_EXEC_PID': '2940', 'GSM_SKIP_SSH_AGENT_WORKAROUND': 'true', 'DBUS_SESSION_BUS_ADDRESS': 'unix:path=/run/user/1000/bus', 'COLORTERM': 'truecolor', 'TERMINATOR_DBUS_NAME': 'net.tenshu.Terminator25ef4b219e3b005583550f2b0f9f990c3', 'GIO_LAUNCHED_DESKTOP_FILE_PID': '4489', 'GNOME_KEYRING_CONTROL': '/run/user/1000/keyring', 'NVM_DIR': '/home/hun/.nvm', 'DEBUGINFOD_URLS': 'https://debuginfod.ubuntu.com', 'IM_CONFIG_PHASE': '1', 'WAYLAND_DISPLAY': 'wayland-0', 'COLCON_PREFIX_PATH': '/home/hun/YongYiHanYong/install', 'ROS_DISTRO': 'jazzy', 'LOGNAME': 'hun', 'JOURNAL_STREAM': '9:21874', '_': '/usr/bin/colcon', 'ROS_VERSION': '2', 'MEMORY_PRESSURE_WATCH': '/sys/fs/cgroup/user.slice/user-1000.slice/user@1000.service/session.slice/org.gnome.SettingsDaemon.MediaKeys.service/memory.pressure', 'XDG_SESSION_CLASS': 'user', 'USERNAME': 'hun', 'TERM': 'xterm-256color', 'GNOME_DESKTOP_SESSION_ID': 'this-is-deprecated', 'PATH': '/home/hun/.nvm/versions/node/v24.11.1/bin:/opt/ros/jazzy/opt/gz_msgs_vendor/bin:/opt/ros/jazzy/opt/gz_tools_vendor/bin:/opt/ros/jazzy/opt/gz_ogre_next_vendor/bin:/opt/ros/jazzy/bin:/home/hun/.local/bin:/usr/local/sbin:/usr/local/bin:/usr/sbin:/usr/bin:/sbin:/bin:/usr/games:/usr/local/games:/snap/bin:/snap/bin', 'SESSION_MANAGER': 'local/airos:@/tmp/.ICE-unix/2692,unix/airos:/tmp/.ICE-unix/2692', 'INVOCATION_ID': '4cd9f93c642348feae55c242511447f4', 'XDG_MENU_PREFIX': 'gnome-', 'GNOME_SETUP_DISPLAY': ':1', 'XDG_RUNTIME_DIR': '/run/user/1000', 'DISPLAY': ':0', 'TERMINATOR_DBUS_PATH': '/net/tenshu/Terminator2', 'LANG': 'en_US.UTF-8', 'XDG_CURRENT_DESKTOP': 'ubuntu:GNOME', 'XMODIFIERS': '@im=ibus', 'XDG_SESSION_DESKTOP': 'ubuntu', 'XAUTHORITY': '/run/user/1000/.mutter-Xwaylandauth.5SXRG3', 'LS_COLORS': 'rs=0:di=01;34:ln=01;36:mh=00:pi=40;33:so=01;35:do=01;35:bd=40;33;01:cd=40;33;01:or=40;31;01:mi=00:su=37;41:sg=30;43:ca=00:tw=30;42:ow=34;42:st=37;44:ex=01;32:*.tar=01;31:*.tgz=01;31:*.arc=01;31:*.arj=01;31:*.taz=01;31:*.lha=01;31:*.lz4=01;31:*.lzh=01;31:*.lzma=01;31:*.tlz=01;31:*.txz=01;31:*.tzo=01;31:*.t7z=01;31:*.zip=01;31:*.z=01;31:*.dz=01;31:*.gz=01;31:*.lrz=01;31:*.lz=01;31:*.lzo=01;31:*.xz=01;31:*.zst=01;31:*.tzst=01;31:*.bz2=01;31:*.bz=01;31:*.tbz=01;31:*.tbz2=01;31:*.tz=01;31:*.deb=01;31:*.rpm=01;31:*.jar=01;31:*.war=01;31:*.ear=01;31:*.sar=01;31:*.rar=01;31:*.alz=01;31:*.ace=01;31:*.zoo=01;31:*.cpio=01;31:*.7z=01;31:*.rz=01;31:*.cab=01;31:*.wim=01;31:*.swm=01;31:*.dwm=01;31:*.esd=01;31:*.avif=01;35:*.jpg=01;35:*.jpeg=01;35:*.mjpg=01;35:*.mjpeg=01;35:*.gif=01;35:*.bmp=01;35:*.pbm=01;35:*.pgm=01;35:*.ppm=01;35:*.tga=01;35:*.xbm=01;35:*.xpm=01;35:*.tif=01;35:*.tiff=01;35:*.png=01;35:*.svg=01;35:*.svgz=01;35:*.mng=01;35:*.pcx=01;35:*.mov=01;35:*.mpg=01;35:*.mpeg=01;35:*.m2v=01;35:*.mkv=01;35:*.webm=01;35:*.webp=01;35:*.ogm=01;35:*.mp4=01;35:*.m4v=01;35:*.mp4v=01;35:*.vob=01;35:*.qt=01;35:*.nuv=01;35:*.wmv=01;35:*.asf=01;35:*.rm=01;35:*.rmvb=01;35:*.flc=01;35:*.avi=01;35:*.fli=01;35:*.flv=01;35:*.gl=01;35:*.dl=01;35:*.xcf=01;35:*.xwd=01;35:*.yuv=01;35:*.cgm=01;35:*.emf=01;35:*.ogv=01;35:*.ogx=01;35:*.aac=00;36:*.au=00;36:*.flac=00;36:*.m4a=00;36:*.mid=00;36:*.midi=00;36:*.mka=00;36:*.mp3=00;36:*.mpc=00;36:*.ogg=00;36:*.ra=00;36:*.wav=00;36:*.oga=00;36:*.opus=00;36:*.spx=00;36:*.xspf=00;36:*~=00;90:*#=00;90:*.bak=00;90:*.crdownload=00;90:*.dpkg-dist=00;90:*.dpkg-new=00;90:*.dpkg-old=00;90:*.dpkg-tmp=00;90:*.old=00;90:*.orig=00;90:*.part=00;90:*.rej=00;90:*.rpmnew=00;90:*.rpmorig=00;90:*.rpmsave=00;90:*.swp=00;90:*.tmp=00;90:*.ucf-dist=00;90:*.ucf-new=00;90:*.ucf-old=00;90:', 'SSH_AUTH_SOCK': '/run/user/1000/keyring/ssh', 'AMENT_PREFIX_PATH': '/home/hun/YongYiHanYong/install/llm_for_pick_place_voice:/opt/ros/jazzy', 'SHELL': '/bin/bash', 'TERMINATOR_UUID': 'urn:uuid:67c9869f-f13d-4ac4-b12a-f3533a42efdb', 'QT_ACCESSIBILITY': '1', 'GDMSESSION': 'ubuntu', 'LESSCLOSE': '/usr/bin/lesspipe %s %s', 'ROS_AUTOMATIC_DISCOVERY_RANGE': 'SUBNET', 'QT_IM_MODULE': 'ibus', 'PWD': '/home/hun/YongYiHanYong/build/interface_pkg', 'LC_ALL': 'en_US.UTF-8', 'XDG_CONFIG_DIRS': '/etc/xdg/xdg-ubuntu:/etc/xdg', 'NVM_CD_FLAGS': '', 'XDG_DATA_DIRS': '/usr/share/ubuntu:/usr/share/gnome:/usr/local/share/:/usr/share/:/var/lib/snapd/desktop', 'PYTHONPATH': '/home/hun/YongYiHanYong/build/llm_for_pick_place_voice:/home/hun/YongYiHanYong/install/llm_for_pick_place_voice/lib/python3.12/site-packages:/opt/ros/jazzy/lib/python3.12/site-packages', 'COLCON': '1', 'MEMORY_PRESSURE_WRITE': 'c29tZSAyMDAwMDAgMjAwMDAwMAA=', 'VTE_VERSION': '7600', 'CMAKE_PREFIX_PATH': '/opt/ros/jazzy/opt/gz_sim_vendor:/opt/ros/jazzy/opt/gz_sensors_vendor:/opt/ros/jazzy/opt/gz_physics_vendor:/opt/ros/jazzy/opt/sdformat_vendor:/opt/ros/jazzy/opt/gz_gui_vendor:/opt/ros/jazzy/opt/gz_transport_vendor:/opt/ros/jazzy/opt/gz_rendering_vendor:/opt/ros/jazzy/opt/gz_plugin_vendor:/opt/ros/jazzy/opt/gz_fuel_tools_vendor:/opt/ros/jazzy/opt/gz_msgs_vendor:/opt/ros/jazzy/opt/gz_common_vendor:/opt/ros/jazzy/opt/gz_math_vendor:/opt/ros/jazzy/opt/gz_utils_vendor:/opt/ros/jazzy/opt/gz_tools_vendor:/opt/ros/jazzy/opt/gz_ogre_next_vendor:/opt/ros/jazzy/opt/gz_dartsim_vendor:/opt/ros/jazzy/opt/gz_cmake_vendor:/home/hun/YongYiHanYong/install/llm_for_pick_place_voice:/opt/ros/jazzy'}), 'shell': False}
[0.098799] (-) TimerEvent: {}
[0.153466] (interface_pkg) StdoutLine: {'line': b'-- The C compiler identification is GNU 13.3.0\n'}
[0.198986] (-) TimerEvent: {}
[0.276691] (interface_pkg) StdoutLine: {'line': b'-- The CXX compiler identification is GNU 13.3.0\n'}
[0.299150] (-) TimerEvent: {}
[0.311764] (interface_pkg) StdoutLine: {'line': b'-- Detecting C compiler ABI info\n'}
[0.399318] (-) TimerEvent: {}
[0.464782] (interface_pkg) StdoutLine: {'line': b'-- Detecting C compiler ABI info - done\n'}
[0.489365] (interface_pkg) StdoutLine: {'line': b'-- Check for working C compiler: /usr/bin/cc - skipped\n'}
[0.490599] (interface_pkg) StdoutLine: {'line': b'-- Detecting C compile features\n'}
[0.492202] (interface_pkg) StdoutLine: {'line': b'-- Detecting C compile features - done\n'}
[0.499456] (-) TimerEvent: {}
[0.513466] (interface_pkg) StdoutLine: {'line': b'-- Detecting CXX compiler ABI info\n'}
[0.599601] (-) TimerEvent: {}
[0.699915] (-) TimerEvent: {}
[0.737872] (interface_pkg) StdoutLine: {'line': b'-- Detecting CXX compiler ABI info - done\n'}
[0.762514] (interface_pkg) StdoutLine: {'line': b'-- Check for working CXX compiler: /usr/bin/c++ - skipped\n'}
[0.763043] (interface_pkg) StdoutLine: {'line': b'-- Detecting CXX compile features\n'}
[0.764211] (interface_pkg) StdoutLine: {'line': b'-- Detecting CXX compile features - done\n'}
[0.773580] (interface_pkg) StdoutLine: {'line': b'-- Found ament_cmake: 2.5.4 (/opt/ros/jazzy/share/ament_cmake/cmake)\n'}
[0.800084] (-) TimerEvent: {}
[0.900527] (-) TimerEvent: {}
[1.000982] (-) TimerEvent: {}
[1.101383] (-) TimerEvent: {}
[1.110280] (interface_pkg) StdoutLine: {'line': b'-- Found Python3: /usr/bin/python3 (found version "3.12.3") found components: Interpreter \n'}
[1.201587] (-) TimerEvent: {}
[1.250935] (yolo_realsense) Command: {'cmd': ['/usr/bin/python3', '-W', 'ignore:setup.py install is deprecated', '-W', 'ignore:easy_install command is deprecated', 'setup.py', 'egg_info', '--egg-base', '../../build/yolo_realsense', 'build', '--build-base', '/home/hun/YongYiHanYong/build/yolo_realsense/build', 'install', '--record', '/home/hun/YongYiHanYong/build/yolo_realsense/install.log', '--single-version-externally-managed', 'install_data'], 'cwd': '/home/hun/YongYiHanYong/src/yolo_realsense', 'env': {'LESSOPEN': '| /usr/bin/lesspipe %s', 'GZ_SIM_RESOURCE_PATH': '/opt/ros/jazzy/share', 'USER': 'hun', 'GZ_CONFIG_PATH': '/opt/ros/jazzy/opt/gz_sim_vendor/share/gz:/opt/ros/jazzy/opt/sdformat_vendor/share/gz:/opt/ros/jazzy/opt/gz_gui_vendor/share/gz:/opt/ros/jazzy/opt/gz_transport_vendor/share/gz:/opt/ros/jazzy/opt/gz_rendering_vendor/share/gz:/opt/ros/jazzy/opt/gz_plugin_vendor/share/gz:/opt/ros/jazzy/opt/gz_fuel_tools_vendor/share/gz:/opt/ros/jazzy/opt/gz_msgs_vendor/share/gz:/opt/ros/jazzy/opt/gz_common_vendor/share/gz', 'XDG_SESSION_TYPE': 'wayland', 'SHLVL': '1', 'LD_LIBRARY_PATH': '/opt/ros/jazzy/opt/gz_sim_vendor/lib:/opt/ros/jazzy/opt/gz_sensors_vendor/lib:/opt/ros/jazzy/opt/gz_physics_vendor/lib:/opt/ros/jazzy/opt/sdformat_vendor/lib:/opt/ros/jazzy/opt/rviz_ogre_vendor/lib:/opt/ros/jazzy/lib/x86_64-linux-gnu:/opt/ros/jazzy/opt/gz_gui_vendor/lib:/opt/ros/jazzy/opt/gz_transport_vendor/lib:/opt/ros/jazzy/opt/gz_rendering_vendor/lib:/opt/ros/jazzy/opt/gz_plugin_vendor/lib:/opt/ros/jazzy/opt/gz_fuel_tools_vendor/lib:/opt/ros/jazzy/opt/gz_msgs_vendor/lib:/opt/ros/jazzy/opt/gz_common_vendor/lib:/opt/ros/jazzy/opt/gz_math_vendor/lib:/opt/ros/jazzy/opt/gz_utils_vendor/lib:/opt/ros/jazzy/opt/gz_tools_vendor/lib:/opt/ros/jazzy/opt/gz_ogre_next_vendor/lib:/opt/ros/jazzy/opt/gz_dartsim_vendor/lib:/opt/ros/jazzy/opt/gz_cmake_vendor/lib:/opt/ros/jazzy/lib', 'HOME': '/home/hun', 'OLDPWD': '/home/hun', 'DESKTOP_SESSION': 'ubuntu', 'NVM_BIN': '/home/hun/.nvm/versions/node/v24.11.1/bin', 'NVM_INC': '/home/hun/.nvm/versions/node/v24.11.1/include/node', 'ROS_PYTHON_VERSION': '3', 'GNOME_SHELL_SESSION_MODE': 'ubuntu', 'GTK_MODULES': 'gail:atk-bridge', 'MANAGERPID': '2265', 'SYSTEMD_EXEC_PID': '2940', 'GSM_SKIP_SSH_AGENT_WORKAROUND': 'true', 'DBUS_SESSION_BUS_ADDRESS': 'unix:path=/run/user/1000/bus', 'COLORTERM': 'truecolor', 'TERMINATOR_DBUS_NAME': 'net.tenshu.Terminator25ef4b219e3b005583550f2b0f9f990c3', 'GIO_LAUNCHED_DESKTOP_FILE_PID': '4489', 'GNOME_KEYRING_CONTROL': '/run/user/1000/keyring', 'NVM_DIR': '/home/hun/.nvm', 'DEBUGINFOD_URLS': 'https://debuginfod.ubuntu.com', 'IM_CONFIG_PHASE': '1', 'WAYLAND_DISPLAY': 'wayland-0', 'COLCON_PREFIX_PATH': '/home/hun/YongYiHanYong/install', 'ROS_DISTRO': 'jazzy', 'LOGNAME': 'hun', 'JOURNAL_STREAM': '9:21874', '_': '/usr/bin/colcon', 'ROS_VERSION': '2', 'MEMORY_PRESSURE_WATCH': '/sys/fs/cgroup/user.slice/user-1000.slice/user@1000.service/session.slice/org.gnome.SettingsDaemon.MediaKeys.service/memory.pressure', 'XDG_SESSION_CLASS': 'user', 'USERNAME': 'hun', 'TERM': 'xterm-256color', 'GNOME_DESKTOP_SESSION_ID': 'this-is-deprecated', 'PATH': '/home/hun/.nvm/versions/node/v24.11.1/bin:/opt/ros/jazzy/opt/gz_msgs_vendor/bin:/opt/ros/jazzy/opt/gz_tools_vendor/bin:/opt/ros/jazzy/opt/gz_ogre_next_vendor/bin:/opt/ros/jazzy/bin:/home/hun/.local/bin:/usr/local/sbin:/usr/local/bin:/usr/sbin:/usr/bin:/sbin:/bin:/usr/games:/usr/local/games:/snap/bin:/snap/bin', 'SESSION_MANAGER': 'local/airos:@/tmp/.ICE-unix/2692,unix/airos:/tmp/.ICE-unix/2692', 'INVOCATION_ID': '4cd9f93c642348feae55c242511447f4', 'XDG_MENU_PREFIX': 'gnome-', 'GNOME_SETUP_DISPLAY': ':1', 'XDG_RUNTIME_DIR': '/run/user/1000', 'DISPLAY': ':0', 'TERMINATOR_DBUS_PATH': '/net/tenshu/Terminator2', 'LANG': 'en_US.UTF-8', 'XDG_CURRENT_DESKTOP': 'ubuntu:GNOME', 'XMODIFIERS': '@im=ibus', 'XDG_SESSION_DESKTOP': 'ubuntu', 'XAUTHORITY': '/run/user/1000/.mutter-Xwaylandauth.5SXRG3', 'LS_COLORS': 'rs=0:di=01;34:ln=01;36:mh=00:pi=40;33:so=01;35:do=01;35:bd=40;33;01:cd=40;33;01:or=40;31;01:mi=00:su=37;41:sg=30;43:ca=00:tw=30;42:ow=34;42:st=37;44:ex=01;32:*.tar=01;31:*.tgz=01;31:*.arc=01;31:*.arj=01;31:*.taz=01;31:*.lha=01;31:*.lz4=01;31:*.lzh=01;31:*.lzma=01;31:*.tlz=01;31:*.txz=01;31:*.tzo=01;31:*.t7z=01;31:*.zip=01;31:*.z=01;31:*.dz=01;31:*.gz=01;31:*.lrz=01;31:*.lz=01;31:*.lzo=01;31:*.xz=01;31:*.zst=01;31:*.tzst=01;31:*.bz2=01;31:*.bz=01;31:*.tbz=01;31:*.tbz2=01;31:*.tz=01;31:*.deb=01;31:*.rpm=01;31:*.jar=01;31:*.war=01;31:*.ear=01;31:*.sar=01;31:*.rar=01;31:*.alz=01;31:*.ace=01;31:*.zoo=01;31:*.cpio=01;31:*.7z=01;31:*.rz=01;31:*.cab=01;31:*.wim=01;31:*.swm=01;31:*.dwm=01;31:*.esd=01;31:*.avif=01;35:*.jpg=01;35:*.jpeg=01;35:*.mjpg=01;35:*.mjpeg=01;35:*.gif=01;35:*.bmp=01;35:*.pbm=01;35:*.pgm=01;35:*.ppm=01;35:*.tga=01;35:*.xbm=01;35:*.xpm=01;35:*.tif=01;35:*.tiff=01;35:*.png=01;35:*.svg=01;35:*.svgz=01;35:*.mng=01;35:*.pcx=01;35:*.mov=01;35:*.mpg=01;35:*.mpeg=01;35:*.m2v=01;35:*.mkv=01;35:*.webm=01;35:*.webp=01;35:*.ogm=01;35:*.mp4=01;35:*.m4v=01;35:*.mp4v=01;35:*.vob=01;35:*.qt=01;35:*.nuv=01;35:*.wmv=01;35:*.asf=01;35:*.rm=01;35:*.rmvb=01;35:*.flc=01;35:*.avi=01;35:*.fli=01;35:*.flv=01;35:*.gl=01;35:*.dl=01;35:*.xcf=01;35:*.xwd=01;35:*.yuv=01;35:*.cgm=01;35:*.emf=01;35:*.ogv=01;35:*.ogx=01;35:*.aac=00;36:*.au=00;36:*.flac=00;36:*.m4a=00;36:*.mid=00;36:*.midi=00;36:*.mka=00;36:*.mp3=00;36:*.mpc=00;36:*.ogg=00;36:*.ra=00;36:*.wav=00;36:*.oga=00;36:*.opus=00;36:*.spx=00;36:*.xspf=00;36:*~=00;90:*#=00;90:*.bak=00;90:*.crdownload=00;90:*.dpkg-dist=00;90:*.dpkg-new=00;90:*.dpkg-old=00;90:*.dpkg-tmp=00;90:*.old=00;90:*.orig=00;90:*.part=00;90:*.rej=00;90:*.rpmnew=00;90:*.rpmorig=00;90:*.rpmsave=00;90:*.swp=00;90:*.tmp=00;90:*.ucf-dist=00;90:*.ucf-new=00;90:*.ucf-old=00;90:', 'SSH_AUTH_SOCK': '/run/user/1000/keyring/ssh', 'AMENT_PREFIX_PATH': '/home/hun/YongYiHanYong/install/llm_for_pick_place_voice:/opt/ros/jazzy', 'SHELL': '/bin/bash', 'TERMINATOR_UUID': 'urn:uuid:67c9869f-f13d-4ac4-b12a-f3533a42efdb', 'QT_ACCESSIBILITY': '1', 'GDMSESSION': 'ubuntu', 'LESSCLOSE': '/usr/bin/lesspipe %s %s', 'ROS_AUTOMATIC_DISCOVERY_RANGE': 'SUBNET', 'QT_IM_MODULE': 'ibus', 'PWD': '/home/hun/YongYiHanYong/build/yolo_realsense', 'LC_ALL': 'en_US.UTF-8', 'XDG_CONFIG_DIRS': '/etc/xdg/xdg-ubuntu:/etc/xdg', 'NVM_CD_FLAGS': '', 'XDG_DATA_DIRS': '/usr/share/ubuntu:/usr/share/gnome:/usr/local/share/:/usr/share/:/var/lib/snapd/desktop', 'PYTHONPATH': '/home/hun/YongYiHanYong/build/yolo_realsense/prefix_override:/usr/lib/python3/dist-packages/colcon_core/task/python/colcon_distutils_commands:/home/hun/YongYiHanYong/install/yolo_realsense/lib/python3.12/site-packages:/home/hun/YongYiHanYong/build/llm_for_pick_place_voice:/home/hun/YongYiHanYong/install/llm_for_pick_place_voice/lib/python3.12/site-packages:/opt/ros/jazzy/lib/python3.12/site-packages', 'COLCON': '1', 'MEMORY_PRESSURE_WRITE': 'c29tZSAyMDAwMDAgMjAwMDAwMAA=', 'VTE_VERSION': '7600', 'CMAKE_PREFIX_PATH': '/opt/ros/jazzy/opt/gz_sim_vendor:/opt/ros/jazzy/opt/gz_sensors_vendor:/opt/ros/jazzy/opt/gz_physics_vendor:/opt/ros/jazzy/opt/sdformat_vendor:/opt/ros/jazzy/opt/gz_gui_vendor:/opt/ros/jazzy/opt/gz_transport_vendor:/opt/ros/jazzy/opt/gz_rendering_vendor:/opt/ros/jazzy/opt/gz_plugin_vendor:/opt/ros/jazzy/opt/gz_fuel_tools_vendor:/opt/ros/jazzy/opt/gz_msgs_vendor:/opt/ros/jazzy/opt/gz_common_vendor:/opt/ros/jazzy/opt/gz_math_vendor:/opt/ros/jazzy/opt/gz_utils_vendor:/opt/ros/jazzy/opt/gz_tools_vendor:/opt/ros/jazzy/opt/gz_ogre_next_vendor:/opt/ros/jazzy/opt/gz_dartsim_vendor:/opt/ros/jazzy/opt/gz_cmake_vendor'}, 'shell': False}
[1.301713] (-) TimerEvent: {}
[1.402123] (-) TimerEvent: {}
[1.406505] (interface_pkg) StdoutLine: {'line': b'-- Found rosidl_default_generators: 1.6.0 (/opt/ros/jazzy/share/rosidl_default_generators/cmake)\n'}
[1.417015] (interface_pkg) StdoutLine: {'line': b'-- Using all available rosidl_typesupport_c: rosidl_typesupport_fastrtps_c;rosidl_typesupport_introspection_c\n'}
[1.502284] (-) TimerEvent: {}
[1.532091] (interface_pkg) StdoutLine: {'line': b'-- Using all available rosidl_typesupport_cpp: rosidl_typesupport_fastrtps_cpp;rosidl_typesupport_introspection_cpp\n'}
[1.602429] (-) TimerEvent: {}
[1.668893] (interface_pkg) StdoutLine: {'line': b'-- Found rosidl_adapter: 4.6.6 (/opt/ros/jazzy/share/rosidl_adapter/cmake)\n'}
[1.680548] (interface_pkg) StdoutLine: {'line': b'-- Found std_msgs: 5.3.6 (/opt/ros/jazzy/share/std_msgs/cmake)\n'}
[1.702585] (-) TimerEvent: {}
[1.743776] (yolo_realsense) StdoutLine: {'line': b'running egg_info\n'}
[1.744322] (yolo_realsense) StdoutLine: {'line': b'creating ../../build/yolo_realsense/yolo_realsense.egg-info\n'}
[1.801507] (yolo_realsense) StdoutLine: {'line': b'writing ../../build/yolo_realsense/yolo_realsense.egg-info/PKG-INFO\n'}
[1.802075] (yolo_realsense) StdoutLine: {'line': b'writing dependency_links to ../../build/yolo_realsense/yolo_realsense.egg-info/dependency_links.txt\n'}
[1.802505] (yolo_realsense) StdoutLine: {'line': b'writing entry points to ../../build/yolo_realsense/yolo_realsense.egg-info/entry_points.txt\n'}
[1.802760] (-) TimerEvent: {}
[1.803706] (yolo_realsense) StdoutLine: {'line': b'writing requirements to ../../build/yolo_realsense/yolo_realsense.egg-info/requires.txt\n'}
[1.804046] (yolo_realsense) StdoutLine: {'line': b'writing top-level names to ../../build/yolo_realsense/yolo_realsense.egg-info/top_level.txt\n'}
[1.804255] (yolo_realsense) StdoutLine: {'line': b"writing manifest file '../../build/yolo_realsense/yolo_realsense.egg-info/SOURCES.txt'\n"}
[1.902885] (-) TimerEvent: {}
[1.941499] (yolo_realsense) StdoutLine: {'line': b"reading manifest file '../../build/yolo_realsense/yolo_realsense.egg-info/SOURCES.txt'\n"}
[1.943068] (yolo_realsense) StdoutLine: {'line': b"writing manifest file '../../build/yolo_realsense/yolo_realsense.egg-info/SOURCES.txt'\n"}
[1.943520] (yolo_realsense) StdoutLine: {'line': b'running build\n'}
[1.943794] (yolo_realsense) StdoutLine: {'line': b'running build_py\n'}
[1.944163] (yolo_realsense) StdoutLine: {'line': b'creating /home/hun/YongYiHanYong/build/yolo_realsense/build\n'}
[1.944530] (yolo_realsense) StdoutLine: {'line': b'creating /home/hun/YongYiHanYong/build/yolo_realsense/build/lib\n'}
[1.944834] (yolo_realsense) StdoutLine: {'line': b'creating /home/hun/YongYiHanYong/build/yolo_realsense/build/lib/yolo_realsense\n'}
[1.945107] (yolo_realsense) StdoutLine: {'line': b'copying yolo_realsense/yolo_depth_viewer.py -> /home/hun/YongYiHanYong/build/yolo_realsense/build/lib/yolo_realsense\n'}
[1.945360] (yolo_realsense) StdoutLine: {'line': b'copying yolo_realsense/world_trigger.py -> /home/hun/YongYiHanYong/build/yolo_realsense/build/lib/yolo_realsense\n'}
[1.945600] (yolo_realsense) StdoutLine: {'line': b'copying yolo_realsense/yolo_result_publisher.py -> /home/hun/YongYiHanYong/build/yolo_realsense/build/lib/yolo_realsense\n'}
[1.945898] (yolo_realsense) StdoutLine: {'line': b'copying yolo_realsense/__init__.py -> /home/hun/YongYiHanYong/build/yolo_realsense/build/lib/yolo_realsense\n'}
[1.946183] (yolo_realsense) StdoutLine: {'line': b'copying yolo_realsense/picxel2world copy.py -> /home/hun/YongYiHanYong/build/yolo_realsense/build/lib/yolo_realsense\n'}
[1.946410] (yolo_realsense) StdoutLine: {'line': b'copying yolo_realsense/priority_object.py -> /home/hun/YongYiHanYong/build/yolo_realsense/build/lib/yolo_realsense\n'}
[1.946672] (yolo_realsense) StdoutLine: {'line': b'copying yolo_realsense/picxel2world.py -> /home/hun/YongYiHanYong/build/yolo_realsense/build/lib/yolo_realsense\n'}
[1.947095] (yolo_realsense) StdoutLine: {'line': b'running install\n'}
[1.960229] (yolo_realsense) StdoutLine: {'line': b'running install_lib\n'}
[2.003028] (-) TimerEvent: {}
[2.028020] (yolo_realsense) StdoutLine: {'line': b'creating /home/hun/YongYiHanYong/install/yolo_realsense/lib/python3.12/site-packages/yolo_realsense\n'}
[2.028421] (yolo_realsense) StdoutLine: {'line': b'copying /home/hun/YongYiHanYong/build/yolo_realsense/build/lib/yolo_realsense/yolo_depth_viewer.py -> /home/hun/YongYiHanYong/install/yolo_realsense/lib/python3.12/site-packages/yolo_realsense\n'}
[2.028588] (yolo_realsense) StdoutLine: {'line': b'copying /home/hun/YongYiHanYong/build/yolo_realsense/build/lib/yolo_realsense/world_trigger.py -> /home/hun/YongYiHanYong/install/yolo_realsense/lib/python3.12/site-packages/yolo_realsense\n'}
[2.028993] (yolo_realsense) StdoutLine: {'line': b'copying /home/hun/YongYiHanYong/build/yolo_realsense/build/lib/yolo_realsense/yolo_result_publisher.py -> /home/hun/YongYiHanYong/install/yolo_realsense/lib/python3.12/site-packages/yolo_realsense\n'}
[2.029718] (yolo_realsense) StdoutLine: {'line': b'copying /home/hun/YongYiHanYong/build/yolo_realsense/build/lib/yolo_realsense/__init__.py -> /home/hun/YongYiHanYong/install/yolo_realsense/lib/python3.12/site-packages/yolo_realsense\n'}
[2.029972] (yolo_realsense) StdoutLine: {'line': b'copying /home/hun/YongYiHanYong/build/yolo_realsense/build/lib/yolo_realsense/picxel2world copy.py -> /home/hun/YongYiHanYong/install/yolo_realsense/lib/python3.12/site-packages/yolo_realsense\n'}
[2.030100] (yolo_realsense) StdoutLine: {'line': b'copying /home/hun/YongYiHanYong/build/yolo_realsense/build/lib/yolo_realsense/priority_object.py -> /home/hun/YongYiHanYong/install/yolo_realsense/lib/python3.12/site-packages/yolo_realsense\n'}
[2.030258] (yolo_realsense) StdoutLine: {'line': b'copying /home/hun/YongYiHanYong/build/yolo_realsense/build/lib/yolo_realsense/picxel2world.py -> /home/hun/YongYiHanYong/install/yolo_realsense/lib/python3.12/site-packages/yolo_realsense\n'}
[2.031924] (yolo_realsense) StdoutLine: {'line': b'byte-compiling /home/hun/YongYiHanYong/install/yolo_realsense/lib/python3.12/site-packages/yolo_realsense/yolo_depth_viewer.py to yolo_depth_viewer.cpython-312.pyc\n'}
[2.037445] (yolo_realsense) StdoutLine: {'line': b'byte-compiling /home/hun/YongYiHanYong/install/yolo_realsense/lib/python3.12/site-packages/yolo_realsense/world_trigger.py to world_trigger.cpython-312.pyc\n'}
[2.040067] (yolo_realsense) StdoutLine: {'line': b'byte-compiling /home/hun/YongYiHanYong/install/yolo_realsense/lib/python3.12/site-packages/yolo_realsense/yolo_result_publisher.py to yolo_result_publisher.cpython-312.pyc\n'}
[2.042679] (yolo_realsense) StdoutLine: {'line': b'byte-compiling /home/hun/YongYiHanYong/install/yolo_realsense/lib/python3.12/site-packages/yolo_realsense/__init__.py to __init__.cpython-312.pyc\n'}
[2.043106] (yolo_realsense) StdoutLine: {'line': b'byte-compiling /home/hun/YongYiHanYong/install/yolo_realsense/lib/python3.12/site-packages/yolo_realsense/picxel2world copy.py to picxel2world copy.cpython-312.pyc\n'}
[2.046095] (yolo_realsense) StdoutLine: {'line': b'byte-compiling /home/hun/YongYiHanYong/install/yolo_realsense/lib/python3.12/site-packages/yolo_realsense/priority_object.py to priority_object.cpython-312.pyc\n'}
[2.053552] (yolo_realsense) StdoutLine: {'line': b'byte-compiling /home/hun/YongYiHanYong/install/yolo_realsense/lib/python3.12/site-packages/yolo_realsense/picxel2world.py to picxel2world.cpython-312.pyc\n'}
[2.058353] (yolo_realsense) StdoutLine: {'line': b'running install_data\n'}
[2.058940] (yolo_realsense) StdoutLine: {'line': b'creating /home/hun/YongYiHanYong/install/yolo_realsense/share/ament_index\n'}
[2.059272] (yolo_realsense) StdoutLine: {'line': b'creating /home/hun/YongYiHanYong/install/yolo_realsense/share/ament_index/resource_index\n'}
[2.059541] (yolo_realsense) StdoutLine: {'line': b'creating /home/hun/YongYiHanYong/install/yolo_realsense/share/ament_index/resource_index/packages\n'}
[2.059774] (yolo_realsense) StdoutLine: {'line': b'copying resource/yolo_realsense -> /home/hun/YongYiHanYong/install/yolo_realsense/share/ament_index/resource_index/packages\n'}
[2.059981] (yolo_realsense) StdoutLine: {'line': b'copying package.xml -> /home/hun/YongYiHanYong/install/yolo_realsense/share/yolo_realsense\n'}
[2.060228] (yolo_realsense) StdoutLine: {'line': b'creating /home/hun/YongYiHanYong/install/yolo_realsense/share/yolo_realsense/launch\n'}
[2.060403] (yolo_realsense) StdoutLine: {'line': b'copying launch/integrated_realsense_yolo.launch.py -> /home/hun/YongYiHanYong/install/yolo_realsense/share/yolo_realsense/launch\n'}
[2.060573] (yolo_realsense) StdoutLine: {'line': b'copying launch/yolo_all.launch.py -> /home/hun/YongYiHanYong/install/yolo_realsense/share/yolo_realsense/launch\n'}
[2.060808] (yolo_realsense) StdoutLine: {'line': b'creating /home/hun/YongYiHanYong/install/yolo_realsense/share/yolo_realsense/config\n'}
[2.061145] (yolo_realsense) StdoutLine: {'line': b'copying config/yolo_params.yaml -> /home/hun/YongYiHanYong/install/yolo_realsense/share/yolo_realsense/config\n'}
[2.061343] (yolo_realsense) StdoutLine: {'line': b'running install_egg_info\n'}
[2.091278] (yolo_realsense) StdoutLine: {'line': b'Copying ../../build/yolo_realsense/yolo_realsense.egg-info to /home/hun/YongYiHanYong/install/yolo_realsense/lib/python3.12/site-packages/yolo_realsense-0.0.0-py3.12.egg-info\n'}
[2.092408] (yolo_realsense) StdoutLine: {'line': b'running install_scripts\n'}
[2.103151] (-) TimerEvent: {}
[2.203579] (-) TimerEvent: {}
[2.279417] (yolo_realsense) StdoutLine: {'line': b'Installing picxel2world script to /home/hun/YongYiHanYong/install/yolo_realsense/lib/yolo_realsense\n'}
[2.280050] (yolo_realsense) StdoutLine: {'line': b'Installing priority_object script to /home/hun/YongYiHanYong/install/yolo_realsense/lib/yolo_realsense\n'}
[2.280290] (yolo_realsense) StdoutLine: {'line': b'Installing world_trigger script to /home/hun/YongYiHanYong/install/yolo_realsense/lib/yolo_realsense\n'}
[2.280543] (yolo_realsense) StdoutLine: {'line': b'Installing yolo_depth_viewer script to /home/hun/YongYiHanYong/install/yolo_realsense/lib/yolo_realsense\n'}
[2.280776] (yolo_realsense) StdoutLine: {'line': b'Installing yolo_result_publisher script to /home/hun/YongYiHanYong/install/yolo_realsense/lib/yolo_realsense\n'}
[2.280958] (yolo_realsense) StdoutLine: {'line': b"writing list of installed files to '/home/hun/YongYiHanYong/build/yolo_realsense/install.log'\n"}
[2.303715] (-) TimerEvent: {}
[2.331365] (yolo_realsense) CommandEnded: {'returncode': 0}
[2.352296] (yolo_realsense) JobEnded: {'identifier': 'yolo_realsense', 'rc': 0}
[2.403849] (-) TimerEvent: {}
[2.504255] (-) TimerEvent: {}
[2.604669] (-) TimerEvent: {}
[2.705050] (-) TimerEvent: {}
[2.805438] (-) TimerEvent: {}
[2.905858] (-) TimerEvent: {}
[2.937070] (interface_pkg) StdoutLine: {'line': b'-- Found ament_cmake_ros: 0.12.0 (/opt/ros/jazzy/share/ament_cmake_ros/cmake)\n'}
[3.005993] (-) TimerEvent: {}
[3.106483] (-) TimerEvent: {}
[3.206881] (-) TimerEvent: {}
[3.307298] (-) TimerEvent: {}
[3.407707] (-) TimerEvent: {}
[3.508118] (-) TimerEvent: {}
[3.608572] (-) TimerEvent: {}
[3.709031] (-) TimerEvent: {}
[3.790429] (interface_pkg) StdoutLine: {'line': b'-- Using all available rosidl_typesupport_c: rosidl_typesupport_fastrtps_c;rosidl_typesupport_introspection_c\n'}
[3.809184] (-) TimerEvent: {}
[3.909807] (-) TimerEvent: {}
[4.010322] (-) TimerEvent: {}
[4.110735] (-) TimerEvent: {}
[4.211185] (-) TimerEvent: {}
[4.311699] (-) TimerEvent: {}
[4.412218] (-) TimerEvent: {}
[4.512716] (-) TimerEvent: {}
[4.613113] (-) TimerEvent: {}
[4.713524] (-) TimerEvent: {}
[4.806362] (interface_pkg) StdoutLine: {'line': b'-- Using all available rosidl_typesupport_cpp: rosidl_typesupport_fastrtps_cpp;rosidl_typesupport_introspection_cpp\n'}
[4.813702] (-) TimerEvent: {}
[4.816611] (interface_pkg) StdoutLine: {'line': b'-- Found python_cmake_module: 0.11.1 (/opt/ros/jazzy/share/python_cmake_module/cmake)\n'}
[4.913836] (-) TimerEvent: {}
[5.014284] (-) TimerEvent: {}
[5.114697] (-) TimerEvent: {}
[5.130939] (interface_pkg) StdoutLine: {'line': b'-- Found PythonExtra: /usr/bin/python3  \n'}
[5.214860] (-) TimerEvent: {}
[5.315237] (-) TimerEvent: {}
[5.415636] (-) TimerEvent: {}
[5.516069] (-) TimerEvent: {}
[5.616453] (-) TimerEvent: {}
[5.716858] (-) TimerEvent: {}
[5.817224] (-) TimerEvent: {}
[5.917672] (-) TimerEvent: {}
[5.999113] (interface_pkg) StdoutLine: {'line': b'-- Found Python3: /usr/bin/python3 (found version "3.12.3") found components: Interpreter Development NumPy Development.Module Development.Embed \n'}
[6.017835] (-) TimerEvent: {}
[6.109461] (interface_pkg) StdoutLine: {'line': b'-- Found ament_lint_auto: 0.17.3 (/opt/ros/jazzy/share/ament_lint_auto/cmake)\n'}
[6.117963] (-) TimerEvent: {}
[6.176544] (interface_pkg) StdoutLine: {'line': b"-- Added test 'lint_cmake' to check CMake code style\n"}
[6.179187] (interface_pkg) StdoutLine: {'line': b"-- Added test 'xmllint' to check XML markup files\n"}
[6.185392] (interface_pkg) StdoutLine: {'line': b'-- Configuring done (6.1s)\n'}
[6.218097] (-) TimerEvent: {}
[6.258143] (interface_pkg) StdoutLine: {'line': b'-- Generating done (0.1s)\n'}
[6.281592] (interface_pkg) StdoutLine: {'line': b'-- Build files have been written to: /home/hun/YongYiHanYong/build/interface_pkg\n'}
[6.299933] (interface_pkg) CommandEnded: {'returncode': 0}
[6.301347] (interface_pkg) JobProgress: {'identifier': 'interface_pkg', 'progress': 'build'}
[6.303193] (interface_pkg) Command: {'cmd': ['/usr/bin/cmake', '--build', '/home/hun/YongYiHanYong/build/interface_pkg', '--', '-j12', '-l12'], 'cwd': '/home/hun/YongYiHanYong/build/interface_pkg', 'env': OrderedDict({'LESSOPEN': '| /usr/bin/lesspipe %s', 'GZ_SIM_RESOURCE_PATH': '/opt/ros/jazzy/share', 'USER': 'hun', 'GZ_CONFIG_PATH': '/opt/ros/jazzy/opt/gz_sim_vendor/share/gz:/opt/ros/jazzy/opt/sdformat_vendor/share/gz:/opt/ros/jazzy/opt/gz_gui_vendor/share/gz:/opt/ros/jazzy/opt/gz_transport_vendor/share/gz:/opt/ros/jazzy/opt/gz_rendering_vendor/share/gz:/opt/ros/jazzy/opt/gz_plugin_vendor/share/gz:/opt/ros/jazzy/opt/gz_fuel_tools_vendor/share/gz:/opt/ros/jazzy/opt/gz_msgs_vendor/share/gz:/opt/ros/jazzy/opt/gz_common_vendor/share/gz', 'XDG_SESSION_TYPE': 'wayland', 'SHLVL': '1', 'LD_LIBRARY_PATH': '/opt/ros/jazzy/opt/gz_sim_vendor/lib:/opt/ros/jazzy/opt/gz_sensors_vendor/lib:/opt/ros/jazzy/opt/gz_physics_vendor/lib:/opt/ros/jazzy/opt/sdformat_vendor/lib:/opt/ros/jazzy/opt/rviz_ogre_vendor/lib:/opt/ros/jazzy/lib/x86_64-linux-gnu:/opt/ros/jazzy/opt/gz_gui_vendor/lib:/opt/ros/jazzy/opt/gz_transport_vendor/lib:/opt/ros/jazzy/opt/gz_rendering_vendor/lib:/opt/ros/jazzy/opt/gz_plugin_vendor/lib:/opt/ros/jazzy/opt/gz_fuel_tools_vendor/lib:/opt/ros/jazzy/opt/gz_msgs_vendor/lib:/opt/ros/jazzy/opt/gz_common_vendor/lib:/opt/ros/jazzy/opt/gz_math_vendor/lib:/opt/ros/jazzy/opt/gz_utils_vendor/lib:/opt/ros/jazzy/opt/gz_tools_vendor/lib:/opt/ros/jazzy/opt/gz_ogre_next_vendor/lib:/opt/ros/jazzy/opt/gz_dartsim_vendor/lib:/opt/ros/jazzy/opt/gz_cmake_vendor/lib:/opt/ros/jazzy/lib', 'HOME': '/home/hun', 'OLDPWD': '/home/hun', 'DESKTOP_SESSION': 'ubuntu', 'NVM_BIN': '/home/hun/.nvm/versions/node/v24.11.1/bin', 'NVM_INC': '/home/hun/.nvm/versions/node/v24.11.1/include/node', 'ROS_PYTHON_VERSION': '3', 'GNOME_SHELL_SESSION_MODE': 'ubuntu', 'GTK_MODULES': 'gail:atk-bridge', 'MANAGERPID': '2265', 'SYSTEMD_EXEC_PID': '2940', 'GSM_SKIP_SSH_AGENT_WORKAROUND': 'true', 'DBUS_SESSION_BUS_ADDRESS': 'unix:path=/run/user/1000/bus', 'COLORTERM': 'truecolor', 'TERMINATOR_DBUS_NAME': 'net.tenshu.Terminator25ef4b219e3b005583550f2b0f9f990c3', 'GIO_LAUNCHED_DESKTOP_FILE_PID': '4489', 'GNOME_KEYRING_CONTROL': '/run/user/1000/keyring', 'NVM_DIR': '/home/hun/.nvm', 'DEBUGINFOD_URLS': 'https://debuginfod.ubuntu.com', 'IM_CONFIG_PHASE': '1', 'WAYLAND_DISPLAY': 'wayland-0', 'COLCON_PREFIX_PATH': '/home/hun/YongYiHanYong/install', 'ROS_DISTRO': 'jazzy', 'LOGNAME': 'hun', 'JOURNAL_STREAM': '9:21874', '_': '/usr/bin/colcon', 'ROS_VERSION': '2', 'MEMORY_PRESSURE_WATCH': '/sys/fs/cgroup/user.slice/user-1000.slice/user@1000.service/session.slice/org.gnome.SettingsDaemon.MediaKeys.service/memory.pressure', 'XDG_SESSION_CLASS': 'user', 'USERNAME': 'hun', 'TERM': 'xterm-256color', 'GNOME_DESKTOP_SESSION_ID': 'this-is-deprecated', 'PATH': '/home/hun/.nvm/versions/node/v24.11.1/bin:/opt/ros/jazzy/opt/gz_msgs_vendor/bin:/opt/ros/jazzy/opt/gz_tools_vendor/bin:/opt/ros/jazzy/opt/gz_ogre_next_vendor/bin:/opt/ros/jazzy/bin:/home/hun/.local/bin:/usr/local/sbin:/usr/local/bin:/usr/sbin:/usr/bin:/sbin:/bin:/usr/games:/usr/local/games:/snap/bin:/snap/bin', 'SESSION_MANAGER': 'local/airos:@/tmp/.ICE-unix/2692,unix/airos:/tmp/.ICE-unix/2692', 'INVOCATION_ID': '4cd9f93c642348feae55c242511447f4', 'XDG_MENU_PREFIX': 'gnome-', 'GNOME_SETUP_DISPLAY': ':1', 'XDG_RUNTIME_DIR': '/run/user/1000', 'DISPLAY': ':0', 'TERMINATOR_DBUS_PATH': '/net/tenshu/Terminator2', 'LANG': 'en_US.UTF-8', 'XDG_CURRENT_DESKTOP': 'ubuntu:GNOME', 'XMODIFIERS': '@im=ibus', 'XDG_SESSION_DESKTOP': 'ubuntu', 'XAUTHORITY': '/run/user/1000/.mutter-Xwaylandauth.5SXRG3', 'LS_COLORS': 'rs=0:di=01;34:ln=01;36:mh=00:pi=40;33:so=01;35:do=01;35:bd=40;33;01:cd=40;33;01:or=40;31;01:mi=00:su=37;41:sg=30;43:ca=00:tw=30;42:ow=34;42:st=37;44:ex=01;32:*.tar=01;31:*.tgz=01;31:*.arc=01;31:*.arj=01;31:*.taz=01;31:*.lha=01;31:*.lz4=01;31:*.lzh=01;31:*.lzma=01;31:*.tlz=01;31:*.txz=01;31:*.tzo=01;31:*.t7z=01;31:*.zip=01;31:*.z=01;31:*.dz=01;31:*.gz=01;31:*.lrz=01;31:*.lz=01;31:*.lzo=01;31:*.xz=01;31:*.zst=01;31:*.tzst=01;31:*.bz2=01;31:*.bz=01;31:*.tbz=01;31:*.tbz2=01;31:*.tz=01;31:*.deb=01;31:*.rpm=01;31:*.jar=01;31:*.war=01;31:*.ear=01;31:*.sar=01;31:*.rar=01;31:*.alz=01;31:*.ace=01;31:*.zoo=01;31:*.cpio=01;31:*.7z=01;31:*.rz=01;31:*.cab=01;31:*.wim=01;31:*.swm=01;31:*.dwm=01;31:*.esd=01;31:*.avif=01;35:*.jpg=01;35:*.jpeg=01;35:*.mjpg=01;35:*.mjpeg=01;35:*.gif=01;35:*.bmp=01;35:*.pbm=01;35:*.pgm=01;35:*.ppm=01;35:*.tga=01;35:*.xbm=01;35:*.xpm=01;35:*.tif=01;35:*.tiff=01;35:*.png=01;35:*.svg=01;35:*.svgz=01;35:*.mng=01;35:*.pcx=01;35:*.mov=01;35:*.mpg=01;35:*.mpeg=01;35:*.m2v=01;35:*.mkv=01;35:*.webm=01;35:*.webp=01;35:*.ogm=01;35:*.mp4=01;35:*.m4v=01;35:*.mp4v=01;35:*.vob=01;35:*.qt=01;35:*.nuv=01;35:*.wmv=01;35:*.asf=01;35:*.rm=01;35:*.rmvb=01;35:*.flc=01;35:*.avi=01;35:*.fli=01;35:*.flv=01;35:*.gl=01;35:*.dl=01;35:*.xcf=01;35:*.xwd=01;35:*.yuv=01;35:*.cgm=01;35:*.emf=01;35:*.ogv=01;35:*.ogx=01;35:*.aac=00;36:*.au=00;36:*.flac=00;36:*.m4a=00;36:*.mid=00;36:*.midi=00;36:*.mka=00;36:*.mp3=00;36:*.mpc=00;36:*.ogg=00;36:*.ra=00;36:*.wav=00;36:*.oga=00;36:*.opus=00;36:*.spx=00;36:*.xspf=00;36:*~=00;90:*#=00;90:*.bak=00;90:*.crdownload=00;90:*.dpkg-dist=00;90:*.dpkg-new=00;90:*.dpkg-old=00;90:*.dpkg-tmp=00;90:*.old=00;90:*.orig=00;90:*.part=00;90:*.rej=00;90:*.rpmnew=00;90:*.rpmorig=00;90:*.rpmsave=00;90:*.swp=00;90:*.tmp=00;90:*.ucf-dist=00;90:*.ucf-new=00;90:*.ucf-old=00;90:', 'SSH_AUTH_SOCK': '/run/user/1000/keyring/ssh', 'AMENT_PREFIX_PATH': '/home/hun/YongYiHanYong/install/llm_for_pick_place_voice:/opt/ros/jazzy', 'SHELL': '/bin/bash', 'TERMINATOR_UUID': 'urn:uuid:67c9869f-f13d-4ac4-b12a-f3533a42efdb', 'QT_ACCESSIBILITY': '1', 'GDMSESSION': 'ubuntu', 'LESSCLOSE': '/usr/bin/lesspipe %s %s', 'ROS_AUTOMATIC_DISCOVERY_RANGE': 'SUBNET', 'QT_IM_MODULE': 'ibus', 'PWD': '/home/hun/YongYiHanYong/build/interface_pkg', 'LC_ALL': 'en_US.UTF-8', 'XDG_CONFIG_DIRS': '/etc/xdg/xdg-ubuntu:/etc/xdg', 'NVM_CD_FLAGS': '', 'XDG_DATA_DIRS': '/usr/share/ubuntu:/usr/share/gnome:/usr/local/share/:/usr/share/:/var/lib/snapd/desktop', 'PYTHONPATH': '/home/hun/YongYiHanYong/build/llm_for_pick_place_voice:/home/hun/YongYiHanYong/install/llm_for_pick_place_voice/lib/python3.12/site-packages:/opt/ros/jazzy/lib/python3.12/site-packages', 'COLCON': '1', 'MEMORY_PRESSURE_WRITE': 'c29tZSAyMDAwMDAgMjAwMDAwMAA=', 'VTE_VERSION': '7600', 'CMAKE_PREFIX_PATH': '/opt/ros/jazzy/opt/gz_sim_vendor:/opt/ros/jazzy/opt/gz_sensors_vendor:/opt/ros/jazzy/opt/gz_physics_vendor:/opt/ros/jazzy/opt/sdformat_vendor:/opt/ros/jazzy/opt/gz_gui_vendor:/opt/ros/jazzy/opt/gz_transport_vendor:/opt/ros/jazzy/opt/gz_rendering_vendor:/opt/ros/jazzy/opt/gz_plugin_vendor:/opt/ros/jazzy/opt/gz_fuel_tools_vendor:/opt/ros/jazzy/opt/gz_msgs_vendor:/opt/ros/jazzy/opt/gz_common_vendor:/opt/ros/jazzy/opt/gz_math_vendor:/opt/ros/jazzy/opt/gz_utils_vendor:/opt/ros/jazzy/opt/gz_tools_vendor:/opt/ros/jazzy/opt/gz_ogre_next_vendor:/opt/ros/jazzy/opt/gz_dartsim_vendor:/opt/ros/jazzy/opt/gz_cmake_vendor:/home/hun/YongYiHanYong/install/llm_for_pick_place_voice:/opt/ros/jazzy'}), 'shell': False}
[6.318272] (-) TimerEvent: {}
[6.413841] (interface_pkg) StdoutLine: {'line': b'[  2%] \x1b[34m\x1b[1mGenerating type hashes for ROS interfaces\x1b[0m\n'}
[6.418448] (-) TimerEvent: {}
[6.433335] (interface_pkg) StdoutLine: {'line': b'[  2%] Built target ament_cmake_python_copy_interface_pkg\n'}
[6.518567] (-) TimerEvent: {}
[6.618953] (-) TimerEvent: {}
[6.677448] (interface_pkg) StdoutLine: {'line': b'[  2%] Built target interface_pkg__rosidl_generator_type_description\n'}
[6.699456] (interface_pkg) StdoutLine: {'line': b'[  5%] \x1b[34m\x1b[1mGenerating C code for ROS interfaces\x1b[0m\n'}
[6.717650] (interface_pkg) StdoutLine: {'line': b'[  8%] \x1b[34m\x1b[1mGenerating C++ code for ROS interfaces\x1b[0m\n'}
[6.719049] (-) TimerEvent: {}
[6.819370] (-) TimerEvent: {}
[6.919702] (-) TimerEvent: {}
[6.970445] (interface_pkg) StdoutLine: {'line': b'running egg_info\n'}
[6.972498] (interface_pkg) StdoutLine: {'line': b'creating interface_pkg.egg-info\n'}
[7.019810] (-) TimerEvent: {}
[7.038757] (interface_pkg) StdoutLine: {'line': b'writing interface_pkg.egg-info/PKG-INFO\n'}
[7.039143] (interface_pkg) StdoutLine: {'line': b'writing dependency_links to interface_pkg.egg-info/dependency_links.txt\n'}
[7.039319] (interface_pkg) StdoutLine: {'line': b'writing top-level names to interface_pkg.egg-info/top_level.txt\n'}
[7.039429] (interface_pkg) StdoutLine: {'line': b"writing manifest file 'interface_pkg.egg-info/SOURCES.txt'\n"}
[7.110555] (interface_pkg) StdoutLine: {'line': b'[  8%] Built target interface_pkg__cpp\n'}
[7.119924] (-) TimerEvent: {}
[7.220277] (-) TimerEvent: {}
[7.226162] (interface_pkg) StdoutLine: {'line': b"reading manifest file 'interface_pkg.egg-info/SOURCES.txt'\n"}
[7.227381] (interface_pkg) StdoutLine: {'line': b"writing manifest file 'interface_pkg.egg-info/SOURCES.txt'\n"}
[7.275996] (interface_pkg) StdoutLine: {'line': b'[  8%] Built target ament_cmake_python_build_interface_pkg_egg\n'}
[7.320446] (-) TimerEvent: {}
[7.352736] (interface_pkg) StdoutLine: {'line': b'[ 11%] \x1b[32mBuilding C object CMakeFiles/interface_pkg__rosidl_generator_c.dir/rosidl_generator_c/interface_pkg/srv/detail/string_to_string__functions.c.o\x1b[0m\n'}
[7.357993] (interface_pkg) StdoutLine: {'line': b'[ 14%] \x1b[32mBuilding C object CMakeFiles/interface_pkg__rosidl_generator_c.dir/rosidl_generator_c/interface_pkg/srv/detail/string_to_string__type_support.c.o\x1b[0m\n'}
[7.358708] (interface_pkg) StdoutLine: {'line': b'[ 17%] \x1b[32mBuilding C object CMakeFiles/interface_pkg__rosidl_generator_c.dir/rosidl_generator_c/interface_pkg/srv/detail/string_to_string__description.c.o\x1b[0m\n'}
[7.420629] (-) TimerEvent: {}
[7.460602] (interface_pkg) StdoutLine: {'line': b'[ 20%] \x1b[32m\x1b[1mLinking C shared library libinterface_pkg__rosidl_generator_c.so\x1b[0m\n'}
[7.520719] (-) TimerEvent: {}
[7.538369] (interface_pkg) StdoutLine: {'line': b'[ 20%] Built target interface_pkg__rosidl_generator_c\n'}
[7.560114] (interface_pkg) StdoutLine: {'line': b'[ 26%] \x1b[34m\x1b[1mGenerating C++ type support dispatch for ROS interfaces\x1b[0m\n'}
[7.560482] (interface_pkg) StdoutLine: {'line': b'[ 35%] \x1b[34m\x1b[1mGenerating C++ introspection for ROS interfaces\x1b[0m\n'}
[7.561074] (interface_pkg) StdoutLine: {'line': b'[ 35%] \x1b[34m\x1b[1mGenerating C type support for eProsima Fast-RTPS\x1b[0m\n'}
[7.561247] (interface_pkg) StdoutLine: {'line': b'[ 26%] \x1b[34m\x1b[1mGenerating C++ type support for eProsima Fast-RTPS\x1b[0m\n'}
[7.561405] (interface_pkg) StdoutLine: {'line': b'[ 35%] \x1b[34m\x1b[1mGenerating C introspection for ROS interfaces\x1b[0m\n'}
[7.561556] (interface_pkg) StdoutLine: {'line': b'[ 38%] \x1b[34m\x1b[1mGenerating C type support dispatch for ROS interfaces\x1b[0m\n'}
[7.620880] (-) TimerEvent: {}
[7.721262] (-) TimerEvent: {}
[7.821693] (-) TimerEvent: {}
[7.923940] (-) TimerEvent: {}
[8.024321] (-) TimerEvent: {}
[8.072861] (interface_pkg) StdoutLine: {'line': b'[ 41%] \x1b[32mBuilding CXX object CMakeFiles/interface_pkg__rosidl_typesupport_c.dir/rosidl_typesupport_c/interface_pkg/srv/string_to_string__type_support.cpp.o\x1b[0m\n'}
[8.085498] (interface_pkg) StdoutLine: {'line': b'[ 44%] \x1b[32mBuilding CXX object CMakeFiles/interface_pkg__rosidl_typesupport_cpp.dir/rosidl_typesupport_cpp/interface_pkg/srv/string_to_string__type_support.cpp.o\x1b[0m\n'}
[8.124449] (-) TimerEvent: {}
[8.149135] (interface_pkg) StdoutLine: {'line': b'[ 50%] \x1b[32mBuilding C object CMakeFiles/interface_pkg__rosidl_typesupport_introspection_c.dir/rosidl_typesupport_introspection_c/interface_pkg/srv/detail/string_to_string__type_support.c.o\x1b[0m\n'}
[8.149522] (interface_pkg) StdoutLine: {'line': b'[ 50%] \x1b[32mBuilding CXX object CMakeFiles/interface_pkg__rosidl_typesupport_introspection_cpp.dir/rosidl_typesupport_introspection_cpp/interface_pkg/srv/detail/string_to_string__type_support.cpp.o\x1b[0m\n'}
[8.181369] (interface_pkg) StdoutLine: {'line': b'[ 52%] \x1b[32m\x1b[1mLinking CXX shared library libinterface_pkg__rosidl_typesupport_c.so\x1b[0m\n'}
[8.224605] (-) TimerEvent: {}
[8.227073] (interface_pkg) StdoutLine: {'line': b'[ 55%] \x1b[32mBuilding CXX object CMakeFiles/interface_pkg__rosidl_typesupport_fastrtps_cpp.dir/rosidl_typesupport_fastrtps_cpp/interface_pkg/srv/detail/dds_fastrtps/string_to_string__type_support.cpp.o\x1b[0m\n'}
[8.249798] (interface_pkg) StdoutLine: {'line': b'[ 58%] \x1b[32mBuilding CXX object CMakeFiles/interface_pkg__rosidl_typesupport_fastrtps_c.dir/rosidl_typesupport_fastrtps_c/interface_pkg/srv/detail/string_to_string__type_support_c.cpp.o\x1b[0m\n'}
[8.250085] (interface_pkg) StdoutLine: {'line': b'[ 61%] \x1b[32m\x1b[1mLinking C shared library libinterface_pkg__rosidl_typesupport_introspection_c.so\x1b[0m\n'}
[8.263142] (interface_pkg) StdoutLine: {'line': b'[ 61%] Built target interface_pkg__rosidl_typesupport_c\n'}
[8.304305] (interface_pkg) StdoutLine: {'line': b'[ 61%] Built target interface_pkg__rosidl_typesupport_introspection_c\n'}
[8.324755] (-) TimerEvent: {}
[8.425177] (-) TimerEvent: {}
[8.525611] (-) TimerEvent: {}
[8.626118] (-) TimerEvent: {}
[8.726531] (-) TimerEvent: {}
[8.827014] (-) TimerEvent: {}
[8.859364] (interface_pkg) StdoutLine: {'line': b'[ 64%] \x1b[32m\x1b[1mLinking CXX shared library libinterface_pkg__rosidl_typesupport_cpp.so\x1b[0m\n'}
[8.927722] (-) TimerEvent: {}
[9.021579] (interface_pkg) StdoutLine: {'line': b'[ 64%] Built target interface_pkg__rosidl_typesupport_cpp\n'}
[9.027849] (-) TimerEvent: {}
[9.100866] (interface_pkg) StdoutLine: {'line': b'[ 67%] \x1b[32m\x1b[1mLinking CXX shared library libinterface_pkg__rosidl_typesupport_fastrtps_cpp.so\x1b[0m\n'}
[9.127987] (-) TimerEvent: {}
[9.136282] (interface_pkg) StdoutLine: {'line': b'[ 70%] \x1b[32m\x1b[1mLinking CXX shared library libinterface_pkg__rosidl_typesupport_introspection_cpp.so\x1b[0m\n'}
[9.228130] (-) TimerEvent: {}
[9.271045] (interface_pkg) StdoutLine: {'line': b'[ 70%] Built target interface_pkg__rosidl_typesupport_fastrtps_cpp\n'}
[9.295951] (interface_pkg) StdoutLine: {'line': b'[ 70%] Built target interface_pkg__rosidl_typesupport_introspection_cpp\n'}
[9.328259] (-) TimerEvent: {}
[9.352710] (interface_pkg) StdoutLine: {'line': b'[ 73%] \x1b[32m\x1b[1mLinking CXX shared library libinterface_pkg__rosidl_typesupport_fastrtps_c.so\x1b[0m\n'}
[9.428434] (-) TimerEvent: {}
[9.457351] (interface_pkg) StdoutLine: {'line': b'[ 73%] Built target interface_pkg__rosidl_typesupport_fastrtps_c\n'}
[9.501838] (interface_pkg) StdoutLine: {'line': b'[ 73%] Built target interface_pkg\n'}
[9.528612] (-) TimerEvent: {}
[9.545917] (interface_pkg) StdoutLine: {'line': b'[ 76%] \x1b[34m\x1b[1mGenerating Python code for ROS interfaces\x1b[0m\n'}
[9.628706] (-) TimerEvent: {}
[9.729107] (-) TimerEvent: {}
[9.829511] (-) TimerEvent: {}
[9.929899] (-) TimerEvent: {}
[10.030263] (-) TimerEvent: {}
[10.130656] (-) TimerEvent: {}
[10.231022] (-) TimerEvent: {}
[10.254680] (interface_pkg) StdoutLine: {'line': b'[ 76%] Built target interface_pkg__py\n'}
[10.296949] (interface_pkg) StdoutLine: {'line': b'[ 79%] \x1b[32mBuilding C object CMakeFiles/interface_pkg__rosidl_generator_py.dir/rosidl_generator_py/interface_pkg/srv/_string_to_string_s.c.o\x1b[0m\n'}
[10.331197] (-) TimerEvent: {}
[10.431697] (-) TimerEvent: {}
[10.529666] (interface_pkg) StdoutLine: {'line': b'[ 82%] \x1b[32m\x1b[1mLinking C shared library libinterface_pkg__rosidl_generator_py.so\x1b[0m\n'}
[10.531845] (-) TimerEvent: {}
[10.621700] (interface_pkg) StdoutLine: {'line': b'[ 82%] Built target interface_pkg__rosidl_generator_py\n'}
[10.631987] (-) TimerEvent: {}
[10.649156] (interface_pkg) StdoutLine: {'line': b'[ 85%] \x1b[32mBuilding C object CMakeFiles/interface_pkg_s__rosidl_typesupport_c.dir/rosidl_generator_py/interface_pkg/_interface_pkg_s.ep.rosidl_typesupport_c.c.o\x1b[0m\n'}
[10.662681] (interface_pkg) StdoutLine: {'line': b'[ 91%] \x1b[32mBuilding C object CMakeFiles/interface_pkg_s__rosidl_typesupport_fastrtps_c.dir/rosidl_generator_py/interface_pkg/_interface_pkg_s.ep.rosidl_typesupport_fastrtps_c.c.o\x1b[0m\n'}
[10.663040] (interface_pkg) StdoutLine: {'line': b'[ 91%] \x1b[32mBuilding C object CMakeFiles/interface_pkg_s__rosidl_typesupport_introspection_c.dir/rosidl_generator_py/interface_pkg/_interface_pkg_s.ep.rosidl_typesupport_introspection_c.c.o\x1b[0m\n'}
[10.732154] (-) TimerEvent: {}
[10.776011] (interface_pkg) StdoutLine: {'line': b'[ 94%] \x1b[32m\x1b[1mLinking C shared module rosidl_generator_py/interface_pkg/interface_pkg_s__rosidl_typesupport_c.so\x1b[0m\n'}
[10.832302] (-) TimerEvent: {}
[10.833824] (interface_pkg) StdoutLine: {'line': b'[ 94%] Built target interface_pkg_s__rosidl_typesupport_c\n'}
[10.884858] (interface_pkg) StdoutLine: {'line': b'[ 97%] \x1b[32m\x1b[1mLinking C shared module rosidl_generator_py/interface_pkg/interface_pkg_s__rosidl_typesupport_fastrtps_c.so\x1b[0m\n'}
[10.891371] (interface_pkg) StdoutLine: {'line': b'[100%] \x1b[32m\x1b[1mLinking C shared module rosidl_generator_py/interface_pkg/interface_pkg_s__rosidl_typesupport_introspection_c.so\x1b[0m\n'}
[10.932431] (-) TimerEvent: {}
[10.936670] (interface_pkg) StdoutLine: {'line': b'[100%] Built target interface_pkg_s__rosidl_typesupport_fastrtps_c\n'}
[10.959292] (interface_pkg) StdoutLine: {'line': b'[100%] Built target interface_pkg_s__rosidl_typesupport_introspection_c\n'}
[10.983877] (interface_pkg) CommandEnded: {'returncode': 0}
[10.985259] (interface_pkg) JobProgress: {'identifier': 'interface_pkg', 'progress': 'install'}
[11.001396] (interface_pkg) Command: {'cmd': ['/usr/bin/cmake', '--install', '/home/hun/YongYiHanYong/build/interface_pkg'], 'cwd': '/home/hun/YongYiHanYong/build/interface_pkg', 'env': OrderedDict({'LESSOPEN': '| /usr/bin/lesspipe %s', 'GZ_SIM_RESOURCE_PATH': '/opt/ros/jazzy/share', 'USER': 'hun', 'GZ_CONFIG_PATH': '/opt/ros/jazzy/opt/gz_sim_vendor/share/gz:/opt/ros/jazzy/opt/sdformat_vendor/share/gz:/opt/ros/jazzy/opt/gz_gui_vendor/share/gz:/opt/ros/jazzy/opt/gz_transport_vendor/share/gz:/opt/ros/jazzy/opt/gz_rendering_vendor/share/gz:/opt/ros/jazzy/opt/gz_plugin_vendor/share/gz:/opt/ros/jazzy/opt/gz_fuel_tools_vendor/share/gz:/opt/ros/jazzy/opt/gz_msgs_vendor/share/gz:/opt/ros/jazzy/opt/gz_common_vendor/share/gz', 'XDG_SESSION_TYPE': 'wayland', 'SHLVL': '1', 'LD_LIBRARY_PATH': '/opt/ros/jazzy/opt/gz_sim_vendor/lib:/opt/ros/jazzy/opt/gz_sensors_vendor/lib:/opt/ros/jazzy/opt/gz_physics_vendor/lib:/opt/ros/jazzy/opt/sdformat_vendor/lib:/opt/ros/jazzy/opt/rviz_ogre_vendor/lib:/opt/ros/jazzy/lib/x86_64-linux-gnu:/opt/ros/jazzy/opt/gz_gui_vendor/lib:/opt/ros/jazzy/opt/gz_transport_vendor/lib:/opt/ros/jazzy/opt/gz_rendering_vendor/lib:/opt/ros/jazzy/opt/gz_plugin_vendor/lib:/opt/ros/jazzy/opt/gz_fuel_tools_vendor/lib:/opt/ros/jazzy/opt/gz_msgs_vendor/lib:/opt/ros/jazzy/opt/gz_common_vendor/lib:/opt/ros/jazzy/opt/gz_math_vendor/lib:/opt/ros/jazzy/opt/gz_utils_vendor/lib:/opt/ros/jazzy/opt/gz_tools_vendor/lib:/opt/ros/jazzy/opt/gz_ogre_next_vendor/lib:/opt/ros/jazzy/opt/gz_dartsim_vendor/lib:/opt/ros/jazzy/opt/gz_cmake_vendor/lib:/opt/ros/jazzy/lib', 'HOME': '/home/hun', 'OLDPWD': '/home/hun', 'DESKTOP_SESSION': 'ubuntu', 'NVM_BIN': '/home/hun/.nvm/versions/node/v24.11.1/bin', 'NVM_INC': '/home/hun/.nvm/versions/node/v24.11.1/include/node', 'ROS_PYTHON_VERSION': '3', 'GNOME_SHELL_SESSION_MODE': 'ubuntu', 'GTK_MODULES': 'gail:atk-bridge', 'MANAGERPID': '2265', 'SYSTEMD_EXEC_PID': '2940', 'GSM_SKIP_SSH_AGENT_WORKAROUND': 'true', 'DBUS_SESSION_BUS_ADDRESS': 'unix:path=/run/user/1000/bus', 'COLORTERM': 'truecolor', 'TERMINATOR_DBUS_NAME': 'net.tenshu.Terminator25ef4b219e3b005583550f2b0f9f990c3', 'GIO_LAUNCHED_DESKTOP_FILE_PID': '4489', 'GNOME_KEYRING_CONTROL': '/run/user/1000/keyring', 'NVM_DIR': '/home/hun/.nvm', 'DEBUGINFOD_URLS': 'https://debuginfod.ubuntu.com', 'IM_CONFIG_PHASE': '1', 'WAYLAND_DISPLAY': 'wayland-0', 'COLCON_PREFIX_PATH': '/home/hun/YongYiHanYong/install', 'ROS_DISTRO': 'jazzy', 'LOGNAME': 'hun', 'JOURNAL_STREAM': '9:21874', '_': '/usr/bin/colcon', 'ROS_VERSION': '2', 'MEMORY_PRESSURE_WATCH': '/sys/fs/cgroup/user.slice/user-1000.slice/user@1000.service/session.slice/org.gnome.SettingsDaemon.MediaKeys.service/memory.pressure', 'XDG_SESSION_CLASS': 'user', 'USERNAME': 'hun', 'TERM': 'xterm-256color', 'GNOME_DESKTOP_SESSION_ID': 'this-is-deprecated', 'PATH': '/home/hun/.nvm/versions/node/v24.11.1/bin:/opt/ros/jazzy/opt/gz_msgs_vendor/bin:/opt/ros/jazzy/opt/gz_tools_vendor/bin:/opt/ros/jazzy/opt/gz_ogre_next_vendor/bin:/opt/ros/jazzy/bin:/home/hun/.local/bin:/usr/local/sbin:/usr/local/bin:/usr/sbin:/usr/bin:/sbin:/bin:/usr/games:/usr/local/games:/snap/bin:/snap/bin', 'SESSION_MANAGER': 'local/airos:@/tmp/.ICE-unix/2692,unix/airos:/tmp/.ICE-unix/2692', 'INVOCATION_ID': '4cd9f93c642348feae55c242511447f4', 'XDG_MENU_PREFIX': 'gnome-', 'GNOME_SETUP_DISPLAY': ':1', 'XDG_RUNTIME_DIR': '/run/user/1000', 'DISPLAY': ':0', 'TERMINATOR_DBUS_PATH': '/net/tenshu/Terminator2', 'LANG': 'en_US.UTF-8', 'XDG_CURRENT_DESKTOP': 'ubuntu:GNOME', 'XMODIFIERS': '@im=ibus', 'XDG_SESSION_DESKTOP': 'ubuntu', 'XAUTHORITY': '/run/user/1000/.mutter-Xwaylandauth.5SXRG3', 'LS_COLORS': 'rs=0:di=01;34:ln=01;36:mh=00:pi=40;33:so=01;35:do=01;35:bd=40;33;01:cd=40;33;01:or=40;31;01:mi=00:su=37;41:sg=30;43:ca=00:tw=30;42:ow=34;42:st=37;44:ex=01;32:*.tar=01;31:*.tgz=01;31:*.arc=01;31:*.arj=01;31:*.taz=01;31:*.lha=01;31:*.lz4=01;31:*.lzh=01;31:*.lzma=01;31:*.tlz=01;31:*.txz=01;31:*.tzo=01;31:*.t7z=01;31:*.zip=01;31:*.z=01;31:*.dz=01;31:*.gz=01;31:*.lrz=01;31:*.lz=01;31:*.lzo=01;31:*.xz=01;31:*.zst=01;31:*.tzst=01;31:*.bz2=01;31:*.bz=01;31:*.tbz=01;31:*.tbz2=01;31:*.tz=01;31:*.deb=01;31:*.rpm=01;31:*.jar=01;31:*.war=01;31:*.ear=01;31:*.sar=01;31:*.rar=01;31:*.alz=01;31:*.ace=01;31:*.zoo=01;31:*.cpio=01;31:*.7z=01;31:*.rz=01;31:*.cab=01;31:*.wim=01;31:*.swm=01;31:*.dwm=01;31:*.esd=01;31:*.avif=01;35:*.jpg=01;35:*.jpeg=01;35:*.mjpg=01;35:*.mjpeg=01;35:*.gif=01;35:*.bmp=01;35:*.pbm=01;35:*.pgm=01;35:*.ppm=01;35:*.tga=01;35:*.xbm=01;35:*.xpm=01;35:*.tif=01;35:*.tiff=01;35:*.png=01;35:*.svg=01;35:*.svgz=01;35:*.mng=01;35:*.pcx=01;35:*.mov=01;35:*.mpg=01;35:*.mpeg=01;35:*.m2v=01;35:*.mkv=01;35:*.webm=01;35:*.webp=01;35:*.ogm=01;35:*.mp4=01;35:*.m4v=01;35:*.mp4v=01;35:*.vob=01;35:*.qt=01;35:*.nuv=01;35:*.wmv=01;35:*.asf=01;35:*.rm=01;35:*.rmvb=01;35:*.flc=01;35:*.avi=01;35:*.fli=01;35:*.flv=01;35:*.gl=01;35:*.dl=01;35:*.xcf=01;35:*.xwd=01;35:*.yuv=01;35:*.cgm=01;35:*.emf=01;35:*.ogv=01;35:*.ogx=01;35:*.aac=00;36:*.au=00;36:*.flac=00;36:*.m4a=00;36:*.mid=00;36:*.midi=00;36:*.mka=00;36:*.mp3=00;36:*.mpc=00;36:*.ogg=00;36:*.ra=00;36:*.wav=00;36:*.oga=00;36:*.opus=00;36:*.spx=00;36:*.xspf=00;36:*~=00;90:*#=00;90:*.bak=00;90:*.crdownload=00;90:*.dpkg-dist=00;90:*.dpkg-new=00;90:*.dpkg-old=00;90:*.dpkg-tmp=00;90:*.old=00;90:*.orig=00;90:*.part=00;90:*.rej=00;90:*.rpmnew=00;90:*.rpmorig=00;90:*.rpmsave=00;90:*.swp=00;90:*.tmp=00;90:*.ucf-dist=00;90:*.ucf-new=00;90:*.ucf-old=00;90:', 'SSH_AUTH_SOCK': '/run/user/1000/keyring/ssh', 'AMENT_PREFIX_PATH': '/home/hun/YongYiHanYong/install/llm_for_pick_place_voice:/opt/ros/jazzy', 'SHELL': '/bin/bash', 'TERMINATOR_UUID': 'urn:uuid:67c9869f-f13d-4ac4-b12a-f3533a42efdb', 'QT_ACCESSIBILITY': '1', 'GDMSESSION': 'ubuntu', 'LESSCLOSE': '/usr/bin/lesspipe %s %s', 'ROS_AUTOMATIC_DISCOVERY_RANGE': 'SUBNET', 'QT_IM_MODULE': 'ibus', 'PWD': '/home/hun/YongYiHanYong/build/interface_pkg', 'LC_ALL': 'en_US.UTF-8', 'XDG_CONFIG_DIRS': '/etc/xdg/xdg-ubuntu:/etc/xdg', 'NVM_CD_FLAGS': '', 'XDG_DATA_DIRS': '/usr/share/ubuntu:/usr/share/gnome:/usr/local/share/:/usr/share/:/var/lib/snapd/desktop', 'PYTHONPATH': '/home/hun/YongYiHanYong/build/llm_for_pick_place_voice:/home/hun/YongYiHanYong/install/llm_for_pick_place_voice/lib/python3.12/site-packages:/opt/ros/jazzy/lib/python3.12/site-packages', 'COLCON': '1', 'MEMORY_PRESSURE_WRITE': 'c29tZSAyMDAwMDAgMjAwMDAwMAA=', 'VTE_VERSION': '7600', 'CMAKE_PREFIX_PATH': '/opt/ros/jazzy/opt/gz_sim_vendor:/opt/ros/jazzy/opt/gz_sensors_vendor:/opt/ros/jazzy/opt/gz_physics_vendor:/opt/ros/jazzy/opt/sdformat_vendor:/opt/ros/jazzy/opt/gz_gui_vendor:/opt/ros/jazzy/opt/gz_transport_vendor:/opt/ros/jazzy/opt/gz_rendering_vendor:/opt/ros/jazzy/opt/gz_plugin_vendor:/opt/ros/jazzy/opt/gz_fuel_tools_vendor:/opt/ros/jazzy/opt/gz_msgs_vendor:/opt/ros/jazzy/opt/gz_common_vendor:/opt/ros/jazzy/opt/gz_math_vendor:/opt/ros/jazzy/opt/gz_utils_vendor:/opt/ros/jazzy/opt/gz_tools_vendor:/opt/ros/jazzy/opt/gz_ogre_next_vendor:/opt/ros/jazzy/opt/gz_dartsim_vendor:/opt/ros/jazzy/opt/gz_cmake_vendor:/home/hun/YongYiHanYong/install/llm_for_pick_place_voice:/opt/ros/jazzy'}), 'shell': False}
[11.013257] (interface_pkg) StdoutLine: {'line': b'-- Install configuration: ""\n'}
[11.013798] (interface_pkg) StdoutLine: {'line': b'-- Installing: /home/hun/YongYiHanYong/install/interface_pkg/share/ament_index/resource_index/rosidl_interfaces/interface_pkg\n'}
[11.014269] (interface_pkg) StdoutLine: {'line': b'-- Installing: /home/hun/YongYiHanYong/install/interface_pkg/share/interface_pkg/srv/StringToString.json\n'}
[11.014539] (interface_pkg) StdoutLine: {'line': b'-- Installing: /home/hun/YongYiHanYong/install/interface_pkg/include/interface_pkg/interface_pkg\n'}
[11.014745] (interface_pkg) StdoutLine: {'line': b'-- Installing: /home/hun/YongYiHanYong/install/interface_pkg/include/interface_pkg/interface_pkg/msg\n'}
[11.014908] (interface_pkg) StdoutLine: {'line': b'-- Installing: /home/hun/YongYiHanYong/install/interface_pkg/include/interface_pkg/interface_pkg/msg/rosidl_generator_c__visibility_control.h\n'}
[11.015110] (interface_pkg) StdoutLine: {'line': b'-- Installing: /home/hun/YongYiHanYong/install/interface_pkg/include/interface_pkg/interface_pkg/srv\n'}
[11.015316] (interface_pkg) StdoutLine: {'line': b'-- Installing: /home/hun/YongYiHanYong/install/interface_pkg/include/interface_pkg/interface_pkg/srv/string_to_string.h\n'}
[11.015500] (interface_pkg) StdoutLine: {'line': b'-- Installing: /home/hun/YongYiHanYong/install/interface_pkg/include/interface_pkg/interface_pkg/srv/detail\n'}
[11.015739] (interface_pkg) StdoutLine: {'line': b'-- Installing: /home/hun/YongYiHanYong/install/interface_pkg/include/interface_pkg/interface_pkg/srv/detail/string_to_string__type_support.h\n'}
[11.015959] (interface_pkg) StdoutLine: {'line': b'-- Installing: /home/hun/YongYiHanYong/install/interface_pkg/include/interface_pkg/interface_pkg/srv/detail/string_to_string__functions.h\n'}
[11.016139] (interface_pkg) StdoutLine: {'line': b'-- Installing: /home/hun/YongYiHanYong/install/interface_pkg/include/interface_pkg/interface_pkg/srv/detail/string_to_string__struct.h\n'}
[11.016336] (interface_pkg) StdoutLine: {'line': b'-- Installing: /home/hun/YongYiHanYong/install/interface_pkg/include/interface_pkg/interface_pkg/srv/detail/string_to_string__description.c\n'}
[11.016494] (interface_pkg) StdoutLine: {'line': b'-- Installing: /home/hun/YongYiHanYong/install/interface_pkg/include/interface_pkg/interface_pkg/srv/detail/string_to_string__type_support.c\n'}
[11.016703] (interface_pkg) StdoutLine: {'line': b'-- Installing: /home/hun/YongYiHanYong/install/interface_pkg/include/interface_pkg/interface_pkg/srv/detail/string_to_string__functions.c\n'}
[11.016925] (interface_pkg) StdoutLine: {'line': b'-- Installing: /home/hun/YongYiHanYong/install/interface_pkg/share/interface_pkg/environment/library_path.sh\n'}
[11.017146] (interface_pkg) StdoutLine: {'line': b'-- Installing: /home/hun/YongYiHanYong/install/interface_pkg/share/interface_pkg/environment/library_path.dsv\n'}
[11.017390] (interface_pkg) StdoutLine: {'line': b'-- Installing: /home/hun/YongYiHanYong/install/interface_pkg/lib/libinterface_pkg__rosidl_generator_c.so\n'}
[11.017594] (interface_pkg) StdoutLine: {'line': b'-- Set non-toolchain portion of runtime path of "/home/hun/YongYiHanYong/install/interface_pkg/lib/libinterface_pkg__rosidl_generator_c.so" to ""\n'}
[11.017770] (interface_pkg) StdoutLine: {'line': b'-- Up-to-date: /home/hun/YongYiHanYong/install/interface_pkg/include/interface_pkg/interface_pkg\n'}
[11.017989] (interface_pkg) StdoutLine: {'line': b'-- Up-to-date: /home/hun/YongYiHanYong/install/interface_pkg/include/interface_pkg/interface_pkg/msg\n'}
[11.018211] (interface_pkg) StdoutLine: {'line': b'-- Installing: /home/hun/YongYiHanYong/install/interface_pkg/include/interface_pkg/interface_pkg/msg/rosidl_typesupport_fastrtps_c__visibility_control.h\n'}
[11.018368] (interface_pkg) StdoutLine: {'line': b'-- Up-to-date: /home/hun/YongYiHanYong/install/interface_pkg/include/interface_pkg/interface_pkg/srv\n'}
[11.018539] (interface_pkg) StdoutLine: {'line': b'-- Up-to-date: /home/hun/YongYiHanYong/install/interface_pkg/include/interface_pkg/interface_pkg/srv/detail\n'}
[11.018720] (interface_pkg) StdoutLine: {'line': b'-- Installing: /home/hun/YongYiHanYong/install/interface_pkg/include/interface_pkg/interface_pkg/srv/detail/string_to_string__rosidl_typesupport_fastrtps_c.h\n'}
[11.018871] (interface_pkg) StdoutLine: {'line': b'-- Installing: /home/hun/YongYiHanYong/install/interface_pkg/lib/libinterface_pkg__rosidl_typesupport_fastrtps_c.so\n'}
[11.019063] (interface_pkg) StdoutLine: {'line': b'-- Set non-toolchain portion of runtime path of "/home/hun/YongYiHanYong/install/interface_pkg/lib/libinterface_pkg__rosidl_typesupport_fastrtps_c.so" to ""\n'}
[11.019294] (interface_pkg) StdoutLine: {'line': b'-- Up-to-date: /home/hun/YongYiHanYong/install/interface_pkg/include/interface_pkg/interface_pkg\n'}
[11.019559] (interface_pkg) StdoutLine: {'line': b'-- Up-to-date: /home/hun/YongYiHanYong/install/interface_pkg/include/interface_pkg/interface_pkg/msg\n'}
[11.019793] (interface_pkg) StdoutLine: {'line': b'-- Installing: /home/hun/YongYiHanYong/install/interface_pkg/include/interface_pkg/interface_pkg/msg/rosidl_typesupport_introspection_c__visibility_control.h\n'}
[11.019991] (interface_pkg) StdoutLine: {'line': b'-- Up-to-date: /home/hun/YongYiHanYong/install/interface_pkg/include/interface_pkg/interface_pkg/srv\n'}
[11.020184] (interface_pkg) StdoutLine: {'line': b'-- Up-to-date: /home/hun/YongYiHanYong/install/interface_pkg/include/interface_pkg/interface_pkg/srv/detail\n'}
[11.020397] (interface_pkg) StdoutLine: {'line': b'-- Installing: /home/hun/YongYiHanYong/install/interface_pkg/include/interface_pkg/interface_pkg/srv/detail/string_to_string__rosidl_typesupport_introspection_c.h\n'}
[11.020602] (interface_pkg) StdoutLine: {'line': b'-- Installing: /home/hun/YongYiHanYong/install/interface_pkg/include/interface_pkg/interface_pkg/srv/detail/string_to_string__type_support.c\n'}
[11.020778] (interface_pkg) StdoutLine: {'line': b'-- Installing: /home/hun/YongYiHanYong/install/interface_pkg/lib/libinterface_pkg__rosidl_typesupport_introspection_c.so\n'}
[11.020921] (interface_pkg) StdoutLine: {'line': b'-- Set non-toolchain portion of runtime path of "/home/hun/YongYiHanYong/install/interface_pkg/lib/libinterface_pkg__rosidl_typesupport_introspection_c.so" to ""\n'}
[11.021064] (interface_pkg) StdoutLine: {'line': b'-- Installing: /home/hun/YongYiHanYong/install/interface_pkg/lib/libinterface_pkg__rosidl_typesupport_c.so\n'}
[11.021207] (interface_pkg) StdoutLine: {'line': b'-- Set non-toolchain portion of runtime path of "/home/hun/YongYiHanYong/install/interface_pkg/lib/libinterface_pkg__rosidl_typesupport_c.so" to ""\n'}
[11.021352] (interface_pkg) StdoutLine: {'line': b'-- Up-to-date: /home/hun/YongYiHanYong/install/interface_pkg/include/interface_pkg/interface_pkg\n'}
[11.021498] (interface_pkg) StdoutLine: {'line': b'-- Up-to-date: /home/hun/YongYiHanYong/install/interface_pkg/include/interface_pkg/interface_pkg/msg\n'}
[11.021670] (interface_pkg) StdoutLine: {'line': b'-- Installing: /home/hun/YongYiHanYong/install/interface_pkg/include/interface_pkg/interface_pkg/msg/rosidl_generator_cpp__visibility_control.hpp\n'}
[11.021822] (interface_pkg) StdoutLine: {'line': b'-- Up-to-date: /home/hun/YongYiHanYong/install/interface_pkg/include/interface_pkg/interface_pkg/srv\n'}
[11.021965] (interface_pkg) StdoutLine: {'line': b'-- Up-to-date: /home/hun/YongYiHanYong/install/interface_pkg/include/interface_pkg/interface_pkg/srv/detail\n'}
[11.022108] (interface_pkg) StdoutLine: {'line': b'-- Installing: /home/hun/YongYiHanYong/install/interface_pkg/include/interface_pkg/interface_pkg/srv/detail/string_to_string__struct.hpp\n'}
[11.022250] (interface_pkg) StdoutLine: {'line': b'-- Installing: /home/hun/YongYiHanYong/install/interface_pkg/include/interface_pkg/interface_pkg/srv/detail/string_to_string__traits.hpp\n'}
[11.022394] (interface_pkg) StdoutLine: {'line': b'-- Installing: /home/hun/YongYiHanYong/install/interface_pkg/include/interface_pkg/interface_pkg/srv/detail/string_to_string__builder.hpp\n'}
[11.022535] (interface_pkg) StdoutLine: {'line': b'-- Installing: /home/hun/YongYiHanYong/install/interface_pkg/include/interface_pkg/interface_pkg/srv/detail/string_to_string__type_support.hpp\n'}
[11.022696] (interface_pkg) StdoutLine: {'line': b'-- Installing: /home/hun/YongYiHanYong/install/interface_pkg/include/interface_pkg/interface_pkg/srv/string_to_string.hpp\n'}
[11.022848] (interface_pkg) StdoutLine: {'line': b'-- Up-to-date: /home/hun/YongYiHanYong/install/interface_pkg/include/interface_pkg/interface_pkg\n'}
[11.022998] (interface_pkg) StdoutLine: {'line': b'-- Up-to-date: /home/hun/YongYiHanYong/install/interface_pkg/include/interface_pkg/interface_pkg/msg\n'}
[11.023142] (interface_pkg) StdoutLine: {'line': b'-- Installing: /home/hun/YongYiHanYong/install/interface_pkg/include/interface_pkg/interface_pkg/msg/rosidl_typesupport_fastrtps_cpp__visibility_control.h\n'}
[11.023286] (interface_pkg) StdoutLine: {'line': b'-- Up-to-date: /home/hun/YongYiHanYong/install/interface_pkg/include/interface_pkg/interface_pkg/srv\n'}
[11.023429] (interface_pkg) StdoutLine: {'line': b'-- Up-to-date: /home/hun/YongYiHanYong/install/interface_pkg/include/interface_pkg/interface_pkg/srv/detail\n'}
[11.023572] (interface_pkg) StdoutLine: {'line': b'-- Installing: /home/hun/YongYiHanYong/install/interface_pkg/include/interface_pkg/interface_pkg/srv/detail/dds_fastrtps\n'}
[11.023737] (interface_pkg) StdoutLine: {'line': b'-- Installing: /home/hun/YongYiHanYong/install/interface_pkg/include/interface_pkg/interface_pkg/srv/detail/string_to_string__rosidl_typesupport_fastrtps_cpp.hpp\n'}
[11.023882] (interface_pkg) StdoutLine: {'line': b'-- Installing: /home/hun/YongYiHanYong/install/interface_pkg/lib/libinterface_pkg__rosidl_typesupport_fastrtps_cpp.so\n'}
[11.024024] (interface_pkg) StdoutLine: {'line': b'-- Set non-toolchain portion of runtime path of "/home/hun/YongYiHanYong/install/interface_pkg/lib/libinterface_pkg__rosidl_typesupport_fastrtps_cpp.so" to ""\n'}
[11.024175] (interface_pkg) StdoutLine: {'line': b'-- Up-to-date: /home/hun/YongYiHanYong/install/interface_pkg/include/interface_pkg/interface_pkg\n'}
[11.024320] (interface_pkg) StdoutLine: {'line': b'-- Up-to-date: /home/hun/YongYiHanYong/install/interface_pkg/include/interface_pkg/interface_pkg/srv\n'}
[11.024462] (interface_pkg) StdoutLine: {'line': b'-- Up-to-date: /home/hun/YongYiHanYong/install/interface_pkg/include/interface_pkg/interface_pkg/srv/detail\n'}
[11.024605] (interface_pkg) StdoutLine: {'line': b'-- Installing: /home/hun/YongYiHanYong/install/interface_pkg/include/interface_pkg/interface_pkg/srv/detail/string_to_string__type_support.cpp\n'}
[11.024767] (interface_pkg) StdoutLine: {'line': b'-- Installing: /home/hun/YongYiHanYong/install/interface_pkg/include/interface_pkg/interface_pkg/srv/detail/string_to_string__rosidl_typesupport_introspection_cpp.hpp\n'}
[11.024912] (interface_pkg) StdoutLine: {'line': b'-- Installing: /home/hun/YongYiHanYong/install/interface_pkg/lib/libinterface_pkg__rosidl_typesupport_introspection_cpp.so\n'}
[11.025058] (interface_pkg) StdoutLine: {'line': b'-- Set non-toolchain portion of runtime path of "/home/hun/YongYiHanYong/install/interface_pkg/lib/libinterface_pkg__rosidl_typesupport_introspection_cpp.so" to ""\n'}
[11.025202] (interface_pkg) StdoutLine: {'line': b'-- Installing: /home/hun/YongYiHanYong/install/interface_pkg/lib/libinterface_pkg__rosidl_typesupport_cpp.so\n'}
[11.025347] (interface_pkg) StdoutLine: {'line': b'-- Set non-toolchain portion of runtime path of "/home/hun/YongYiHanYong/install/interface_pkg/lib/libinterface_pkg__rosidl_typesupport_cpp.so" to ""\n'}
[11.025497] (interface_pkg) StdoutLine: {'line': b'-- Installing: /home/hun/YongYiHanYong/install/interface_pkg/share/interface_pkg/environment/pythonpath.sh\n'}
[11.025662] (interface_pkg) StdoutLine: {'line': b'-- Installing: /home/hun/YongYiHanYong/install/interface_pkg/share/interface_pkg/environment/pythonpath.dsv\n'}
[11.025818] (interface_pkg) StdoutLine: {'line': b'-- Installing: /home/hun/YongYiHanYong/install/interface_pkg/lib/python3.12/site-packages/interface_pkg-0.0.0-py3.12.egg-info\n'}
[11.025964] (interface_pkg) StdoutLine: {'line': b'-- Installing: /home/hun/YongYiHanYong/install/interface_pkg/lib/python3.12/site-packages/interface_pkg-0.0.0-py3.12.egg-info/top_level.txt\n'}
[11.026108] (interface_pkg) StdoutLine: {'line': b'-- Installing: /home/hun/YongYiHanYong/install/interface_pkg/lib/python3.12/site-packages/interface_pkg-0.0.0-py3.12.egg-info/SOURCES.txt\n'}
[11.026252] (interface_pkg) StdoutLine: {'line': b'-- Installing: /home/hun/YongYiHanYong/install/interface_pkg/lib/python3.12/site-packages/interface_pkg-0.0.0-py3.12.egg-info/PKG-INFO\n'}
[11.026412] (interface_pkg) StdoutLine: {'line': b'-- Installing: /home/hun/YongYiHanYong/install/interface_pkg/lib/python3.12/site-packages/interface_pkg-0.0.0-py3.12.egg-info/dependency_links.txt\n'}
[11.026556] (interface_pkg) StdoutLine: {'line': b'-- Installing: /home/hun/YongYiHanYong/install/interface_pkg/lib/python3.12/site-packages/interface_pkg\n'}
[11.026716] (interface_pkg) StdoutLine: {'line': b'-- Installing: /home/hun/YongYiHanYong/install/interface_pkg/lib/python3.12/site-packages/interface_pkg/__init__.py\n'}
[11.026863] (interface_pkg) StdoutLine: {'line': b'-- Installing: /home/hun/YongYiHanYong/install/interface_pkg/lib/python3.12/site-packages/interface_pkg/interface_pkg_s__rosidl_typesupport_introspection_c.so\n'}
[11.027004] (interface_pkg) StdoutLine: {'line': b'-- Installing: /home/hun/YongYiHanYong/install/interface_pkg/lib/python3.12/site-packages/interface_pkg/_interface_pkg_s.ep.rosidl_typesupport_fastrtps_c.c\n'}
[11.027146] (interface_pkg) StdoutLine: {'line': b'-- Installing: /home/hun/YongYiHanYong/install/interface_pkg/lib/python3.12/site-packages/interface_pkg/_interface_pkg_s.ep.rosidl_typesupport_introspection_c.c\n'}
[11.027295] (interface_pkg) StdoutLine: {'line': b'-- Installing: /home/hun/YongYiHanYong/install/interface_pkg/lib/python3.12/site-packages/interface_pkg/interface_pkg_s__rosidl_typesupport_fastrtps_c.so\n'}
[11.027442] (interface_pkg) StdoutLine: {'line': b'-- Installing: /home/hun/YongYiHanYong/install/interface_pkg/lib/python3.12/site-packages/interface_pkg/interface_pkg_s__rosidl_typesupport_c.so\n'}
[11.027582] (interface_pkg) StdoutLine: {'line': b'-- Installing: /home/hun/YongYiHanYong/install/interface_pkg/lib/python3.12/site-packages/interface_pkg/srv\n'}
[11.027742] (interface_pkg) StdoutLine: {'line': b'-- Installing: /home/hun/YongYiHanYong/install/interface_pkg/lib/python3.12/site-packages/interface_pkg/srv/__init__.py\n'}
[11.027887] (interface_pkg) StdoutLine: {'line': b'-- Installing: /home/hun/YongYiHanYong/install/interface_pkg/lib/python3.12/site-packages/interface_pkg/srv/_string_to_string.py\n'}
[11.028029] (interface_pkg) StdoutLine: {'line': b'-- Installing: /home/hun/YongYiHanYong/install/interface_pkg/lib/python3.12/site-packages/interface_pkg/srv/_string_to_string_s.c\n'}
[11.028170] (interface_pkg) StdoutLine: {'line': b'-- Installing: /home/hun/YongYiHanYong/install/interface_pkg/lib/python3.12/site-packages/interface_pkg/_interface_pkg_s.ep.rosidl_typesupport_c.c\n'}
[11.032534] (-) TimerEvent: {}
[11.073646] (interface_pkg) StdoutLine: {'line': b"Listing '/home/hun/YongYiHanYong/install/interface_pkg/lib/python3.12/site-packages/interface_pkg'...\n"}
[11.073999] (interface_pkg) StdoutLine: {'line': b"Compiling '/home/hun/YongYiHanYong/install/interface_pkg/lib/python3.12/site-packages/interface_pkg/__init__.py'...\n"}
[11.074181] (interface_pkg) StdoutLine: {'line': b"Listing '/home/hun/YongYiHanYong/install/interface_pkg/lib/python3.12/site-packages/interface_pkg/srv'...\n"}
[11.074347] (interface_pkg) StdoutLine: {'line': b"Compiling '/home/hun/YongYiHanYong/install/interface_pkg/lib/python3.12/site-packages/interface_pkg/srv/__init__.py'...\n"}
[11.074512] (interface_pkg) StdoutLine: {'line': b"Compiling '/home/hun/YongYiHanYong/install/interface_pkg/lib/python3.12/site-packages/interface_pkg/srv/_string_to_string.py'...\n"}
[11.081343] (interface_pkg) StdoutLine: {'line': b'-- Installing: /home/hun/YongYiHanYong/install/interface_pkg/lib/python3.12/site-packages/interface_pkg/interface_pkg_s__rosidl_typesupport_fastrtps_c.so\n'}
[11.081833] (interface_pkg) StdoutLine: {'line': b'-- Set non-toolchain portion of runtime path of "/home/hun/YongYiHanYong/install/interface_pkg/lib/python3.12/site-packages/interface_pkg/interface_pkg_s__rosidl_typesupport_fastrtps_c.so" to ""\n'}
[11.082139] (interface_pkg) StdoutLine: {'line': b'-- Installing: /home/hun/YongYiHanYong/install/interface_pkg/lib/python3.12/site-packages/interface_pkg/interface_pkg_s__rosidl_typesupport_introspection_c.so\n'}
[11.082351] (interface_pkg) StdoutLine: {'line': b'-- Set non-toolchain portion of runtime path of "/home/hun/YongYiHanYong/install/interface_pkg/lib/python3.12/site-packages/interface_pkg/interface_pkg_s__rosidl_typesupport_introspection_c.so" to ""\n'}
[11.082557] (interface_pkg) StdoutLine: {'line': b'-- Installing: /home/hun/YongYiHanYong/install/interface_pkg/lib/python3.12/site-packages/interface_pkg/interface_pkg_s__rosidl_typesupport_c.so\n'}
[11.082764] (interface_pkg) StdoutLine: {'line': b'-- Set non-toolchain portion of runtime path of "/home/hun/YongYiHanYong/install/interface_pkg/lib/python3.12/site-packages/interface_pkg/interface_pkg_s__rosidl_typesupport_c.so" to ""\n'}
[11.082995] (interface_pkg) StdoutLine: {'line': b'-- Installing: /home/hun/YongYiHanYong/install/interface_pkg/lib/libinterface_pkg__rosidl_generator_py.so\n'}
[11.083203] (interface_pkg) StdoutLine: {'line': b'-- Set non-toolchain portion of runtime path of "/home/hun/YongYiHanYong/install/interface_pkg/lib/libinterface_pkg__rosidl_generator_py.so" to ""\n'}
[11.083383] (interface_pkg) StdoutLine: {'line': b'-- Installing: /home/hun/YongYiHanYong/install/interface_pkg/share/interface_pkg/srv/StringToString.idl\n'}
[11.083612] (interface_pkg) StdoutLine: {'line': b'-- Installing: /home/hun/YongYiHanYong/install/interface_pkg/share/interface_pkg/srv/StringToString.srv\n'}
[11.083872] (interface_pkg) StdoutLine: {'line': b'-- Installing: /home/hun/YongYiHanYong/install/interface_pkg/share/ament_index/resource_index/package_run_dependencies/interface_pkg\n'}
[11.084121] (interface_pkg) StdoutLine: {'line': b'-- Installing: /home/hun/YongYiHanYong/install/interface_pkg/share/ament_index/resource_index/parent_prefix_path/interface_pkg\n'}
[11.084314] (interface_pkg) StdoutLine: {'line': b'-- Installing: /home/hun/YongYiHanYong/install/interface_pkg/share/interface_pkg/environment/ament_prefix_path.sh\n'}
[11.084530] (interface_pkg) StdoutLine: {'line': b'-- Installing: /home/hun/YongYiHanYong/install/interface_pkg/share/interface_pkg/environment/ament_prefix_path.dsv\n'}
[11.084763] (interface_pkg) StdoutLine: {'line': b'-- Installing: /home/hun/YongYiHanYong/install/interface_pkg/share/interface_pkg/environment/path.sh\n'}
[11.084981] (interface_pkg) StdoutLine: {'line': b'-- Installing: /home/hun/YongYiHanYong/install/interface_pkg/share/interface_pkg/environment/path.dsv\n'}
[11.085198] (interface_pkg) StdoutLine: {'line': b'-- Installing: /home/hun/YongYiHanYong/install/interface_pkg/share/interface_pkg/local_setup.bash\n'}
[11.085404] (interface_pkg) StdoutLine: {'line': b'-- Installing: /home/hun/YongYiHanYong/install/interface_pkg/share/interface_pkg/local_setup.sh\n'}
[11.085636] (interface_pkg) StdoutLine: {'line': b'-- Installing: /home/hun/YongYiHanYong/install/interface_pkg/share/interface_pkg/local_setup.zsh\n'}
[11.085838] (interface_pkg) StdoutLine: {'line': b'-- Installing: /home/hun/YongYiHanYong/install/interface_pkg/share/interface_pkg/local_setup.dsv\n'}
[11.086058] (interface_pkg) StdoutLine: {'line': b'-- Installing: /home/hun/YongYiHanYong/install/interface_pkg/share/interface_pkg/package.dsv\n'}
[11.086283] (interface_pkg) StdoutLine: {'line': b'-- Installing: /home/hun/YongYiHanYong/install/interface_pkg/share/ament_index/resource_index/packages/interface_pkg\n'}
[11.086495] (interface_pkg) StdoutLine: {'line': b'-- Installing: /home/hun/YongYiHanYong/install/interface_pkg/share/interface_pkg/cmake/export_interface_pkg__rosidl_generator_cExport.cmake\n'}
[11.086727] (interface_pkg) StdoutLine: {'line': b'-- Installing: /home/hun/YongYiHanYong/install/interface_pkg/share/interface_pkg/cmake/export_interface_pkg__rosidl_generator_cExport-noconfig.cmake\n'}
[11.086942] (interface_pkg) StdoutLine: {'line': b'-- Installing: /home/hun/YongYiHanYong/install/interface_pkg/share/interface_pkg/cmake/export_interface_pkg__rosidl_typesupport_fastrtps_cExport.cmake\n'}
[11.087174] (interface_pkg) StdoutLine: {'line': b'-- Installing: /home/hun/YongYiHanYong/install/interface_pkg/share/interface_pkg/cmake/export_interface_pkg__rosidl_typesupport_fastrtps_cExport-noconfig.cmake\n'}
[11.087345] (interface_pkg) StdoutLine: {'line': b'-- Installing: /home/hun/YongYiHanYong/install/interface_pkg/share/interface_pkg/cmake/interface_pkg__rosidl_typesupport_introspection_cExport.cmake\n'}
[11.087501] (interface_pkg) StdoutLine: {'line': b'-- Installing: /home/hun/YongYiHanYong/install/interface_pkg/share/interface_pkg/cmake/interface_pkg__rosidl_typesupport_introspection_cExport-noconfig.cmake\n'}
[11.087669] (interface_pkg) StdoutLine: {'line': b'-- Installing: /home/hun/YongYiHanYong/install/interface_pkg/share/interface_pkg/cmake/interface_pkg__rosidl_typesupport_cExport.cmake\n'}
[11.087828] (interface_pkg) StdoutLine: {'line': b'-- Installing: /home/hun/YongYiHanYong/install/interface_pkg/share/interface_pkg/cmake/interface_pkg__rosidl_typesupport_cExport-noconfig.cmake\n'}
[11.087986] (interface_pkg) StdoutLine: {'line': b'-- Installing: /home/hun/YongYiHanYong/install/interface_pkg/share/interface_pkg/cmake/export_interface_pkg__rosidl_generator_cppExport.cmake\n'}
[11.088141] (interface_pkg) StdoutLine: {'line': b'-- Installing: /home/hun/YongYiHanYong/install/interface_pkg/share/interface_pkg/cmake/export_interface_pkg__rosidl_typesupport_fastrtps_cppExport.cmake\n'}
[11.088294] (interface_pkg) StdoutLine: {'line': b'-- Installing: /home/hun/YongYiHanYong/install/interface_pkg/share/interface_pkg/cmake/export_interface_pkg__rosidl_typesupport_fastrtps_cppExport-noconfig.cmake\n'}
[11.088462] (interface_pkg) StdoutLine: {'line': b'-- Installing: /home/hun/YongYiHanYong/install/interface_pkg/share/interface_pkg/cmake/interface_pkg__rosidl_typesupport_introspection_cppExport.cmake\n'}
[11.088629] (interface_pkg) StdoutLine: {'line': b'-- Installing: /home/hun/YongYiHanYong/install/interface_pkg/share/interface_pkg/cmake/interface_pkg__rosidl_typesupport_introspection_cppExport-noconfig.cmake\n'}
[11.088802] (interface_pkg) StdoutLine: {'line': b'-- Installing: /home/hun/YongYiHanYong/install/interface_pkg/share/interface_pkg/cmake/interface_pkg__rosidl_typesupport_cppExport.cmake\n'}
[11.088960] (interface_pkg) StdoutLine: {'line': b'-- Installing: /home/hun/YongYiHanYong/install/interface_pkg/share/interface_pkg/cmake/interface_pkg__rosidl_typesupport_cppExport-noconfig.cmake\n'}
[11.089119] (interface_pkg) StdoutLine: {'line': b'-- Installing: /home/hun/YongYiHanYong/install/interface_pkg/share/interface_pkg/cmake/export_interface_pkg__rosidl_generator_pyExport.cmake\n'}
[11.089275] (interface_pkg) StdoutLine: {'line': b'-- Installing: /home/hun/YongYiHanYong/install/interface_pkg/share/interface_pkg/cmake/export_interface_pkg__rosidl_generator_pyExport-noconfig.cmake\n'}
[11.089432] (interface_pkg) StdoutLine: {'line': b'-- Installing: /home/hun/YongYiHanYong/install/interface_pkg/share/interface_pkg/cmake/rosidl_cmake-extras.cmake\n'}
[11.089586] (interface_pkg) StdoutLine: {'line': b'-- Installing: /home/hun/YongYiHanYong/install/interface_pkg/share/interface_pkg/cmake/ament_cmake_export_dependencies-extras.cmake\n'}
[11.089856] (interface_pkg) StdoutLine: {'line': b'-- Installing: /home/hun/YongYiHanYong/install/interface_pkg/share/interface_pkg/cmake/ament_cmake_export_include_directories-extras.cmake\n'}
[11.090036] (interface_pkg) StdoutLine: {'line': b'-- Installing: /home/hun/YongYiHanYong/install/interface_pkg/share/interface_pkg/cmake/ament_cmake_export_libraries-extras.cmake\n'}
[11.090303] (interface_pkg) StdoutLine: {'line': b'-- Installing: /home/hun/YongYiHanYong/install/interface_pkg/share/interface_pkg/cmake/ament_cmake_export_targets-extras.cmake\n'}
[11.090460] (interface_pkg) StdoutLine: {'line': b'-- Installing: /home/hun/YongYiHanYong/install/interface_pkg/share/interface_pkg/cmake/rosidl_cmake_export_typesupport_targets-extras.cmake\n'}
[11.090732] (interface_pkg) StdoutLine: {'line': b'-- Installing: /home/hun/YongYiHanYong/install/interface_pkg/share/interface_pkg/cmake/rosidl_cmake_export_typesupport_libraries-extras.cmake\n'}
[11.090969] (interface_pkg) StdoutLine: {'line': b'-- Installing: /home/hun/YongYiHanYong/install/interface_pkg/share/interface_pkg/cmake/interface_pkgConfig.cmake\n'}
[11.091121] (interface_pkg) StdoutLine: {'line': b'-- Installing: /home/hun/YongYiHanYong/install/interface_pkg/share/interface_pkg/cmake/interface_pkgConfig-version.cmake\n'}
[11.091272] (interface_pkg) StdoutLine: {'line': b'-- Installing: /home/hun/YongYiHanYong/install/interface_pkg/share/interface_pkg/package.xml\n'}
[11.092038] (interface_pkg) CommandEnded: {'returncode': 0}
[11.131438] (interface_pkg) JobEnded: {'identifier': 'interface_pkg', 'rc': 0}
[11.132564] (-) TimerEvent: {}
[11.132765] (llm_for_pick_place_voice) JobStarted: {'identifier': 'llm_for_pick_place_voice'}
[11.232749] (-) TimerEvent: {}
[11.333128] (-) TimerEvent: {}
[11.433515] (-) TimerEvent: {}
[11.533927] (-) TimerEvent: {}
[11.634310] (-) TimerEvent: {}
[11.734686] (-) TimerEvent: {}
[11.835052] (-) TimerEvent: {}
[11.935439] (-) TimerEvent: {}
[12.035853] (-) TimerEvent: {}
[12.136244] (-) TimerEvent: {}
[12.236659] (-) TimerEvent: {}
[12.337058] (-) TimerEvent: {}
[12.351914] (llm_for_pick_place_voice) Command: {'cmd': ['/usr/bin/python3', '-W', 'ignore:setup.py install is deprecated', '-W', 'ignore:easy_install command is deprecated', 'setup.py', 'egg_info', '--egg-base', '../../build/llm_for_pick_place_voice', 'build', '--build-base', '/home/hun/YongYiHanYong/build/llm_for_pick_place_voice/build', 'install', '--record', '/home/hun/YongYiHanYong/build/llm_for_pick_place_voice/install.log', '--single-version-externally-managed', 'install_data'], 'cwd': '/home/hun/YongYiHanYong/src/llm_for_pick_place_voice', 'env': {'LESSOPEN': '| /usr/bin/lesspipe %s', 'GZ_SIM_RESOURCE_PATH': '/opt/ros/jazzy/share', 'USER': 'hun', 'GZ_CONFIG_PATH': '/opt/ros/jazzy/opt/gz_sim_vendor/share/gz:/opt/ros/jazzy/opt/sdformat_vendor/share/gz:/opt/ros/jazzy/opt/gz_gui_vendor/share/gz:/opt/ros/jazzy/opt/gz_transport_vendor/share/gz:/opt/ros/jazzy/opt/gz_rendering_vendor/share/gz:/opt/ros/jazzy/opt/gz_plugin_vendor/share/gz:/opt/ros/jazzy/opt/gz_fuel_tools_vendor/share/gz:/opt/ros/jazzy/opt/gz_msgs_vendor/share/gz:/opt/ros/jazzy/opt/gz_common_vendor/share/gz', 'XDG_SESSION_TYPE': 'wayland', 'SHLVL': '1', 'LD_LIBRARY_PATH': '/home/hun/YongYiHanYong/install/interface_pkg/lib:/opt/ros/jazzy/opt/gz_sim_vendor/lib:/opt/ros/jazzy/opt/gz_sensors_vendor/lib:/opt/ros/jazzy/opt/gz_physics_vendor/lib:/opt/ros/jazzy/opt/sdformat_vendor/lib:/opt/ros/jazzy/opt/rviz_ogre_vendor/lib:/opt/ros/jazzy/lib/x86_64-linux-gnu:/opt/ros/jazzy/opt/gz_gui_vendor/lib:/opt/ros/jazzy/opt/gz_transport_vendor/lib:/opt/ros/jazzy/opt/gz_rendering_vendor/lib:/opt/ros/jazzy/opt/gz_plugin_vendor/lib:/opt/ros/jazzy/opt/gz_fuel_tools_vendor/lib:/opt/ros/jazzy/opt/gz_msgs_vendor/lib:/opt/ros/jazzy/opt/gz_common_vendor/lib:/opt/ros/jazzy/opt/gz_math_vendor/lib:/opt/ros/jazzy/opt/gz_utils_vendor/lib:/opt/ros/jazzy/opt/gz_tools_vendor/lib:/opt/ros/jazzy/opt/gz_ogre_next_vendor/lib:/opt/ros/jazzy/opt/gz_dartsim_vendor/lib:/opt/ros/jazzy/opt/gz_cmake_vendor/lib:/opt/ros/jazzy/lib', 'HOME': '/home/hun', 'OLDPWD': '/home/hun', 'DESKTOP_SESSION': 'ubuntu', 'NVM_BIN': '/home/hun/.nvm/versions/node/v24.11.1/bin', 'NVM_INC': '/home/hun/.nvm/versions/node/v24.11.1/include/node', 'ROS_PYTHON_VERSION': '3', 'GNOME_SHELL_SESSION_MODE': 'ubuntu', 'GTK_MODULES': 'gail:atk-bridge', 'MANAGERPID': '2265', 'SYSTEMD_EXEC_PID': '2940', 'GSM_SKIP_SSH_AGENT_WORKAROUND': 'true', 'DBUS_SESSION_BUS_ADDRESS': 'unix:path=/run/user/1000/bus', 'COLORTERM': 'truecolor', 'TERMINATOR_DBUS_NAME': 'net.tenshu.Terminator25ef4b219e3b005583550f2b0f9f990c3', 'GIO_LAUNCHED_DESKTOP_FILE_PID': '4489', 'GNOME_KEYRING_CONTROL': '/run/user/1000/keyring', 'NVM_DIR': '/home/hun/.nvm', 'DEBUGINFOD_URLS': 'https://debuginfod.ubuntu.com', 'IM_CONFIG_PHASE': '1', 'WAYLAND_DISPLAY': 'wayland-0', 'COLCON_PREFIX_PATH': '/home/hun/YongYiHanYong/install', 'ROS_DISTRO': 'jazzy', 'LOGNAME': 'hun', 'JOURNAL_STREAM': '9:21874', '_': '/usr/bin/colcon', 'ROS_VERSION': '2', 'MEMORY_PRESSURE_WATCH': '/sys/fs/cgroup/user.slice/user-1000.slice/user@1000.service/session.slice/org.gnome.SettingsDaemon.MediaKeys.service/memory.pressure', 'XDG_SESSION_CLASS': 'user', 'USERNAME': 'hun', 'TERM': 'xterm-256color', 'GNOME_DESKTOP_SESSION_ID': 'this-is-deprecated', 'PATH': '/home/hun/.nvm/versions/node/v24.11.1/bin:/opt/ros/jazzy/opt/gz_msgs_vendor/bin:/opt/ros/jazzy/opt/gz_tools_vendor/bin:/opt/ros/jazzy/opt/gz_ogre_next_vendor/bin:/opt/ros/jazzy/bin:/home/hun/.local/bin:/usr/local/sbin:/usr/local/bin:/usr/sbin:/usr/bin:/sbin:/bin:/usr/games:/usr/local/games:/snap/bin:/snap/bin', 'SESSION_MANAGER': 'local/airos:@/tmp/.ICE-unix/2692,unix/airos:/tmp/.ICE-unix/2692', 'INVOCATION_ID': '4cd9f93c642348feae55c242511447f4', 'XDG_MENU_PREFIX': 'gnome-', 'GNOME_SETUP_DISPLAY': ':1', 'XDG_RUNTIME_DIR': '/run/user/1000', 'DISPLAY': ':0', 'TERMINATOR_DBUS_PATH': '/net/tenshu/Terminator2', 'LANG': 'en_US.UTF-8', 'XDG_CURRENT_DESKTOP': 'ubuntu:GNOME', 'XMODIFIERS': '@im=ibus', 'XDG_SESSION_DESKTOP': 'ubuntu', 'XAUTHORITY': '/run/user/1000/.mutter-Xwaylandauth.5SXRG3', 'LS_COLORS': 'rs=0:di=01;34:ln=01;36:mh=00:pi=40;33:so=01;35:do=01;35:bd=40;33;01:cd=40;33;01:or=40;31;01:mi=00:su=37;41:sg=30;43:ca=00:tw=30;42:ow=34;42:st=37;44:ex=01;32:*.tar=01;31:*.tgz=01;31:*.arc=01;31:*.arj=01;31:*.taz=01;31:*.lha=01;31:*.lz4=01;31:*.lzh=01;31:*.lzma=01;31:*.tlz=01;31:*.txz=01;31:*.tzo=01;31:*.t7z=01;31:*.zip=01;31:*.z=01;31:*.dz=01;31:*.gz=01;31:*.lrz=01;31:*.lz=01;31:*.lzo=01;31:*.xz=01;31:*.zst=01;31:*.tzst=01;31:*.bz2=01;31:*.bz=01;31:*.tbz=01;31:*.tbz2=01;31:*.tz=01;31:*.deb=01;31:*.rpm=01;31:*.jar=01;31:*.war=01;31:*.ear=01;31:*.sar=01;31:*.rar=01;31:*.alz=01;31:*.ace=01;31:*.zoo=01;31:*.cpio=01;31:*.7z=01;31:*.rz=01;31:*.cab=01;31:*.wim=01;31:*.swm=01;31:*.dwm=01;31:*.esd=01;31:*.avif=01;35:*.jpg=01;35:*.jpeg=01;35:*.mjpg=01;35:*.mjpeg=01;35:*.gif=01;35:*.bmp=01;35:*.pbm=01;35:*.pgm=01;35:*.ppm=01;35:*.tga=01;35:*.xbm=01;35:*.xpm=01;35:*.tif=01;35:*.tiff=01;35:*.png=01;35:*.svg=01;35:*.svgz=01;35:*.mng=01;35:*.pcx=01;35:*.mov=01;35:*.mpg=01;35:*.mpeg=01;35:*.m2v=01;35:*.mkv=01;35:*.webm=01;35:*.webp=01;35:*.ogm=01;35:*.mp4=01;35:*.m4v=01;35:*.mp4v=01;35:*.vob=01;35:*.qt=01;35:*.nuv=01;35:*.wmv=01;35:*.asf=01;35:*.rm=01;35:*.rmvb=01;35:*.flc=01;35:*.avi=01;35:*.fli=01;35:*.flv=01;35:*.gl=01;35:*.dl=01;35:*.xcf=01;35:*.xwd=01;35:*.yuv=01;35:*.cgm=01;35:*.emf=01;35:*.ogv=01;35:*.ogx=01;35:*.aac=00;36:*.au=00;36:*.flac=00;36:*.m4a=00;36:*.mid=00;36:*.midi=00;36:*.mka=00;36:*.mp3=00;36:*.mpc=00;36:*.ogg=00;36:*.ra=00;36:*.wav=00;36:*.oga=00;36:*.opus=00;36:*.spx=00;36:*.xspf=00;36:*~=00;90:*#=00;90:*.bak=00;90:*.crdownload=00;90:*.dpkg-dist=00;90:*.dpkg-new=00;90:*.dpkg-old=00;90:*.dpkg-tmp=00;90:*.old=00;90:*.orig=00;90:*.part=00;90:*.rej=00;90:*.rpmnew=00;90:*.rpmorig=00;90:*.rpmsave=00;90:*.swp=00;90:*.tmp=00;90:*.ucf-dist=00;90:*.ucf-new=00;90:*.ucf-old=00;90:', 'SSH_AUTH_SOCK': '/run/user/1000/keyring/ssh', 'AMENT_PREFIX_PATH': '/home/hun/YongYiHanYong/install/interface_pkg:/home/hun/YongYiHanYong/install/llm_for_pick_place_voice:/opt/ros/jazzy', 'SHELL': '/bin/bash', 'TERMINATOR_UUID': 'urn:uuid:67c9869f-f13d-4ac4-b12a-f3533a42efdb', 'QT_ACCESSIBILITY': '1', 'GDMSESSION': 'ubuntu', 'LESSCLOSE': '/usr/bin/lesspipe %s %s', 'ROS_AUTOMATIC_DISCOVERY_RANGE': 'SUBNET', 'QT_IM_MODULE': 'ibus', 'PWD': '/home/hun/YongYiHanYong/build/llm_for_pick_place_voice', 'LC_ALL': 'en_US.UTF-8', 'XDG_CONFIG_DIRS': '/etc/xdg/xdg-ubuntu:/etc/xdg', 'NVM_CD_FLAGS': '', 'XDG_DATA_DIRS': '/usr/share/ubuntu:/usr/share/gnome:/usr/local/share/:/usr/share/:/var/lib/snapd/desktop', 'PYTHONPATH': '/home/hun/YongYiHanYong/build/llm_for_pick_place_voice/prefix_override:/usr/lib/python3/dist-packages/colcon_core/task/python/colcon_distutils_commands:/home/hun/YongYiHanYong/install/llm_for_pick_place_voice/lib/python3.12/site-packages:/home/hun/YongYiHanYong/install/interface_pkg/lib/python3.12/site-packages:/home/hun/YongYiHanYong/build/llm_for_pick_place_voice:/home/hun/YongYiHanYong/install/llm_for_pick_place_voice/lib/python3.12/site-packages:/opt/ros/jazzy/lib/python3.12/site-packages', 'COLCON': '1', 'MEMORY_PRESSURE_WRITE': 'c29tZSAyMDAwMDAgMjAwMDAwMAA=', 'VTE_VERSION': '7600', 'CMAKE_PREFIX_PATH': '/home/hun/YongYiHanYong/install/interface_pkg:/opt/ros/jazzy/opt/gz_sim_vendor:/opt/ros/jazzy/opt/gz_sensors_vendor:/opt/ros/jazzy/opt/gz_physics_vendor:/opt/ros/jazzy/opt/sdformat_vendor:/opt/ros/jazzy/opt/gz_gui_vendor:/opt/ros/jazzy/opt/gz_transport_vendor:/opt/ros/jazzy/opt/gz_rendering_vendor:/opt/ros/jazzy/opt/gz_plugin_vendor:/opt/ros/jazzy/opt/gz_fuel_tools_vendor:/opt/ros/jazzy/opt/gz_msgs_vendor:/opt/ros/jazzy/opt/gz_common_vendor:/opt/ros/jazzy/opt/gz_math_vendor:/opt/ros/jazzy/opt/gz_utils_vendor:/opt/ros/jazzy/opt/gz_tools_vendor:/opt/ros/jazzy/opt/gz_ogre_next_vendor:/opt/ros/jazzy/opt/gz_dartsim_vendor:/opt/ros/jazzy/opt/gz_cmake_vendor'}, 'shell': False}
[12.437187] (-) TimerEvent: {}
[12.537550] (-) TimerEvent: {}
[12.637946] (-) TimerEvent: {}
[12.738373] (-) TimerEvent: {}
[12.838798] (-) TimerEvent: {}
[12.933986] (llm_for_pick_place_voice) StdoutLine: {'line': b'running egg_info\n'}
[12.934461] (llm_for_pick_place_voice) StdoutLine: {'line': b'creating ../../build/llm_for_pick_place_voice/llm_for_pick_place_voice.egg-info\n'}
[12.938948] (-) TimerEvent: {}
[12.961183] (llm_for_pick_place_voice) StdoutLine: {'line': b'writing ../../build/llm_for_pick_place_voice/llm_for_pick_place_voice.egg-info/PKG-INFO\n'}
[12.961979] (llm_for_pick_place_voice) StdoutLine: {'line': b'writing dependency_links to ../../build/llm_for_pick_place_voice/llm_for_pick_place_voice.egg-info/dependency_links.txt\n'}
[12.962285] (llm_for_pick_place_voice) StdoutLine: {'line': b'writing entry points to ../../build/llm_for_pick_place_voice/llm_for_pick_place_voice.egg-info/entry_points.txt\n'}
[12.962489] (llm_for_pick_place_voice) StdoutLine: {'line': b'writing requirements to ../../build/llm_for_pick_place_voice/llm_for_pick_place_voice.egg-info/requires.txt\n'}
[12.962747] (llm_for_pick_place_voice) StdoutLine: {'line': b'writing top-level names to ../../build/llm_for_pick_place_voice/llm_for_pick_place_voice.egg-info/top_level.txt\n'}
[12.962937] (llm_for_pick_place_voice) StdoutLine: {'line': b"writing manifest file '../../build/llm_for_pick_place_voice/llm_for_pick_place_voice.egg-info/SOURCES.txt'\n"}
[13.016638] (llm_for_pick_place_voice) StdoutLine: {'line': b"reading manifest file '../../build/llm_for_pick_place_voice/llm_for_pick_place_voice.egg-info/SOURCES.txt'\n"}
[13.017686] (llm_for_pick_place_voice) StdoutLine: {'line': b"writing manifest file '../../build/llm_for_pick_place_voice/llm_for_pick_place_voice.egg-info/SOURCES.txt'\n"}
[13.018113] (llm_for_pick_place_voice) StdoutLine: {'line': b'running build\n'}
[13.018357] (llm_for_pick_place_voice) StdoutLine: {'line': b'running build_py\n'}
[13.018675] (llm_for_pick_place_voice) StdoutLine: {'line': b'creating /home/hun/YongYiHanYong/build/llm_for_pick_place_voice/build\n'}
[13.018941] (llm_for_pick_place_voice) StdoutLine: {'line': b'creating /home/hun/YongYiHanYong/build/llm_for_pick_place_voice/build/lib\n'}
[13.019186] (llm_for_pick_place_voice) StdoutLine: {'line': b'creating /home/hun/YongYiHanYong/build/llm_for_pick_place_voice/build/lib/llm_for_pick_place_voice\n'}
[13.019431] (llm_for_pick_place_voice) StdoutLine: {'line': b'copying llm_for_pick_place_voice/__init__.py -> /home/hun/YongYiHanYong/build/llm_for_pick_place_voice/build/lib/llm_for_pick_place_voice\n'}
[13.019678] (llm_for_pick_place_voice) StdoutLine: {'line': b'copying llm_for_pick_place_voice/arrive_test.py -> /home/hun/YongYiHanYong/build/llm_for_pick_place_voice/build/lib/llm_for_pick_place_voice\n'}
[13.019846] (llm_for_pick_place_voice) StdoutLine: {'line': b'copying llm_for_pick_place_voice/MicController.py -> /home/hun/YongYiHanYong/build/llm_for_pick_place_voice/build/lib/llm_for_pick_place_voice\n'}
[13.020000] (llm_for_pick_place_voice) StdoutLine: {'line': b'copying llm_for_pick_place_voice/test_moveit.py -> /home/hun/YongYiHanYong/build/llm_for_pick_place_voice/build/lib/llm_for_pick_place_voice\n'}
[13.020159] (llm_for_pick_place_voice) StdoutLine: {'line': b'copying llm_for_pick_place_voice/get_keyword.py -> /home/hun/YongYiHanYong/build/llm_for_pick_place_voice/build/lib/llm_for_pick_place_voice\n'}
[13.020318] (llm_for_pick_place_voice) StdoutLine: {'line': b'copying llm_for_pick_place_voice/pixel1.py -> /home/hun/YongYiHanYong/build/llm_for_pick_place_voice/build/lib/llm_for_pick_place_voice\n'}
[13.020479] (llm_for_pick_place_voice) StdoutLine: {'line': b'copying llm_for_pick_place_voice/test_robot.py -> /home/hun/YongYiHanYong/build/llm_for_pick_place_voice/build/lib/llm_for_pick_place_voice\n'}
[13.020703] (llm_for_pick_place_voice) StdoutLine: {'line': b'copying llm_for_pick_place_voice/pixel3.py -> /home/hun/YongYiHanYong/build/llm_for_pick_place_voice/build/lib/llm_for_pick_place_voice\n'}
[13.020870] (llm_for_pick_place_voice) StdoutLine: {'line': b'copying llm_for_pick_place_voice/test_moveit_joint.py -> /home/hun/YongYiHanYong/build/llm_for_pick_place_voice/build/lib/llm_for_pick_place_voice\n'}
[13.021024] (llm_for_pick_place_voice) StdoutLine: {'line': b'copying llm_for_pick_place_voice/get_keyword_client.py -> /home/hun/YongYiHanYong/build/llm_for_pick_place_voice/build/lib/llm_for_pick_place_voice\n'}
[13.021175] (llm_for_pick_place_voice) StdoutLine: {'line': b'copying llm_for_pick_place_voice/robot2.py -> /home/hun/YongYiHanYong/build/llm_for_pick_place_voice/build/lib/llm_for_pick_place_voice\n'}
[13.021344] (llm_for_pick_place_voice) StdoutLine: {'line': b'copying llm_for_pick_place_voice/wakeup_word.py -> /home/hun/YongYiHanYong/build/llm_for_pick_place_voice/build/lib/llm_for_pick_place_voice\n'}
[13.021506] (llm_for_pick_place_voice) StdoutLine: {'line': b'copying llm_for_pick_place_voice/pixel2.py -> /home/hun/YongYiHanYong/build/llm_for_pick_place_voice/build/lib/llm_for_pick_place_voice\n'}
[13.021670] (llm_for_pick_place_voice) StdoutLine: {'line': b'copying llm_for_pick_place_voice/ros_web_bridge.py -> /home/hun/YongYiHanYong/build/llm_for_pick_place_voice/build/lib/llm_for_pick_place_voice\n'}
[13.021832] (llm_for_pick_place_voice) StdoutLine: {'line': b'copying llm_for_pick_place_voice/stt.py -> /home/hun/YongYiHanYong/build/llm_for_pick_place_voice/build/lib/llm_for_pick_place_voice\n'}
[13.021986] (llm_for_pick_place_voice) StdoutLine: {'line': b'copying llm_for_pick_place_voice/get_keyword copy.py -> /home/hun/YongYiHanYong/build/llm_for_pick_place_voice/build/lib/llm_for_pick_place_voice\n'}
[13.022137] (llm_for_pick_place_voice) StdoutLine: {'line': b'copying llm_for_pick_place_voice/get_keyword_client copy.py -> /home/hun/YongYiHanYong/build/llm_for_pick_place_voice/build/lib/llm_for_pick_place_voice\n'}
[13.022290] (llm_for_pick_place_voice) StdoutLine: {'line': b'copying llm_for_pick_place_voice/robot.py -> /home/hun/YongYiHanYong/build/llm_for_pick_place_voice/build/lib/llm_for_pick_place_voice\n'}
[13.022442] (llm_for_pick_place_voice) StdoutLine: {'line': b'running install\n'}
[13.027674] (llm_for_pick_place_voice) StdoutLine: {'line': b'running install_lib\n'}
[13.039102] (-) TimerEvent: {}
[13.055808] (llm_for_pick_place_voice) StdoutLine: {'line': b'creating /home/hun/YongYiHanYong/install/llm_for_pick_place_voice/lib/python3.12/site-packages/llm_for_pick_place_voice\n'}
[13.056264] (llm_for_pick_place_voice) StdoutLine: {'line': b'copying /home/hun/YongYiHanYong/build/llm_for_pick_place_voice/build/lib/llm_for_pick_place_voice/__init__.py -> /home/hun/YongYiHanYong/install/llm_for_pick_place_voice/lib/python3.12/site-packages/llm_for_pick_place_voice\n'}
[13.056648] (llm_for_pick_place_voice) StdoutLine: {'line': b'copying /home/hun/YongYiHanYong/build/llm_for_pick_place_voice/build/lib/llm_for_pick_place_voice/arrive_test.py -> /home/hun/YongYiHanYong/install/llm_for_pick_place_voice/lib/python3.12/site-packages/llm_for_pick_place_voice\n'}
[13.056939] (llm_for_pick_place_voice) StdoutLine: {'line': b'copying /home/hun/YongYiHanYong/build/llm_for_pick_place_voice/build/lib/llm_for_pick_place_voice/MicController.py -> /home/hun/YongYiHanYong/install/llm_for_pick_place_voice/lib/python3.12/site-packages/llm_for_pick_place_voice\n'}
[13.057246] (llm_for_pick_place_voice) StdoutLine: {'line': b'copying /home/hun/YongYiHanYong/build/llm_for_pick_place_voice/build/lib/llm_for_pick_place_voice/test_moveit.py -> /home/hun/YongYiHanYong/install/llm_for_pick_place_voice/lib/python3.12/site-packages/llm_for_pick_place_voice\n'}
[13.057431] (llm_for_pick_place_voice) StdoutLine: {'line': b'copying /home/hun/YongYiHanYong/build/llm_for_pick_place_voice/build/lib/llm_for_pick_place_voice/get_keyword.py -> /home/hun/YongYiHanYong/install/llm_for_pick_place_voice/lib/python3.12/site-packages/llm_for_pick_place_voice\n'}
[13.057597] (llm_for_pick_place_voice) StdoutLine: {'line': b'copying /home/hun/YongYiHanYong/build/llm_for_pick_place_voice/build/lib/llm_for_pick_place_voice/pixel1.py -> /home/hun/YongYiHanYong/install/llm_for_pick_place_voice/lib/python3.12/site-packages/llm_for_pick_place_voice\n'}
[13.057774] (llm_for_pick_place_voice) StdoutLine: {'line': b'copying /home/hun/YongYiHanYong/build/llm_for_pick_place_voice/build/lib/llm_for_pick_place_voice/test_robot.py -> /home/hun/YongYiHanYong/install/llm_for_pick_place_voice/lib/python3.12/site-packages/llm_for_pick_place_voice\n'}
[13.057974] (llm_for_pick_place_voice) StdoutLine: {'line': b'copying /home/hun/YongYiHanYong/build/llm_for_pick_place_voice/build/lib/llm_for_pick_place_voice/pixel3.py -> /home/hun/YongYiHanYong/install/llm_for_pick_place_voice/lib/python3.12/site-packages/llm_for_pick_place_voice\n'}
[13.058164] (llm_for_pick_place_voice) StdoutLine: {'line': b'copying /home/hun/YongYiHanYong/build/llm_for_pick_place_voice/build/lib/llm_for_pick_place_voice/test_moveit_joint.py -> /home/hun/YongYiHanYong/install/llm_for_pick_place_voice/lib/python3.12/site-packages/llm_for_pick_place_voice\n'}
[13.058368] (llm_for_pick_place_voice) StdoutLine: {'line': b'copying /home/hun/YongYiHanYong/build/llm_for_pick_place_voice/build/lib/llm_for_pick_place_voice/get_keyword_client.py -> /home/hun/YongYiHanYong/install/llm_for_pick_place_voice/lib/python3.12/site-packages/llm_for_pick_place_voice\n'}
[13.058534] (llm_for_pick_place_voice) StdoutLine: {'line': b'copying /home/hun/YongYiHanYong/build/llm_for_pick_place_voice/build/lib/llm_for_pick_place_voice/robot2.py -> /home/hun/YongYiHanYong/install/llm_for_pick_place_voice/lib/python3.12/site-packages/llm_for_pick_place_voice\n'}
[13.058708] (llm_for_pick_place_voice) StdoutLine: {'line': b'copying /home/hun/YongYiHanYong/build/llm_for_pick_place_voice/build/lib/llm_for_pick_place_voice/wakeup_word.py -> /home/hun/YongYiHanYong/install/llm_for_pick_place_voice/lib/python3.12/site-packages/llm_for_pick_place_voice\n'}
[13.058915] (llm_for_pick_place_voice) StdoutLine: {'line': b'copying /home/hun/YongYiHanYong/build/llm_for_pick_place_voice/build/lib/llm_for_pick_place_voice/pixel2.py -> /home/hun/YongYiHanYong/install/llm_for_pick_place_voice/lib/python3.12/site-packages/llm_for_pick_place_voice\n'}
[13.059082] (llm_for_pick_place_voice) StdoutLine: {'line': b'copying /home/hun/YongYiHanYong/build/llm_for_pick_place_voice/build/lib/llm_for_pick_place_voice/ros_web_bridge.py -> /home/hun/YongYiHanYong/install/llm_for_pick_place_voice/lib/python3.12/site-packages/llm_for_pick_place_voice\n'}
[13.059241] (llm_for_pick_place_voice) StdoutLine: {'line': b'copying /home/hun/YongYiHanYong/build/llm_for_pick_place_voice/build/lib/llm_for_pick_place_voice/stt.py -> /home/hun/YongYiHanYong/install/llm_for_pick_place_voice/lib/python3.12/site-packages/llm_for_pick_place_voice\n'}
[13.059393] (llm_for_pick_place_voice) StdoutLine: {'line': b'copying /home/hun/YongYiHanYong/build/llm_for_pick_place_voice/build/lib/llm_for_pick_place_voice/get_keyword copy.py -> /home/hun/YongYiHanYong/install/llm_for_pick_place_voice/lib/python3.12/site-packages/llm_for_pick_place_voice\n'}
[13.059542] (llm_for_pick_place_voice) StdoutLine: {'line': b'copying /home/hun/YongYiHanYong/build/llm_for_pick_place_voice/build/lib/llm_for_pick_place_voice/get_keyword_client copy.py -> /home/hun/YongYiHanYong/install/llm_for_pick_place_voice/lib/python3.12/site-packages/llm_for_pick_place_voice\n'}
[13.059716] (llm_for_pick_place_voice) StdoutLine: {'line': b'copying /home/hun/YongYiHanYong/build/llm_for_pick_place_voice/build/lib/llm_for_pick_place_voice/robot.py -> /home/hun/YongYiHanYong/install/llm_for_pick_place_voice/lib/python3.12/site-packages/llm_for_pick_place_voice\n'}
[13.059879] (llm_for_pick_place_voice) StdoutLine: {'line': b'byte-compiling /home/hun/YongYiHanYong/install/llm_for_pick_place_voice/lib/python3.12/site-packages/llm_for_pick_place_voice/__init__.py to __init__.cpython-312.pyc\n'}
[13.060039] (llm_for_pick_place_voice) StdoutLine: {'line': b'byte-compiling /home/hun/YongYiHanYong/install/llm_for_pick_place_voice/lib/python3.12/site-packages/llm_for_pick_place_voice/arrive_test.py to arrive_test.cpython-312.pyc\n'}
[13.060229] (llm_for_pick_place_voice) StdoutLine: {'line': b'byte-compiling /home/hun/YongYiHanYong/install/llm_for_pick_place_voice/lib/python3.12/site-packages/llm_for_pick_place_voice/MicController.py to MicController.cpython-312.pyc\n'}
[13.060387] (llm_for_pick_place_voice) StdoutLine: {'line': b'byte-compiling /home/hun/YongYiHanYong/install/llm_for_pick_place_voice/lib/python3.12/site-packages/llm_for_pick_place_voice/test_moveit.py to test_moveit.cpython-312.pyc\n'}
[13.061537] (llm_for_pick_place_voice) StdoutLine: {'line': b'byte-compiling /home/hun/YongYiHanYong/install/llm_for_pick_place_voice/lib/python3.12/site-packages/llm_for_pick_place_voice/get_keyword.py to get_keyword.cpython-312.pyc\n'}
[13.063659] (llm_for_pick_place_voice) StdoutLine: {'line': b'byte-compiling /home/hun/YongYiHanYong/install/llm_for_pick_place_voice/lib/python3.12/site-packages/llm_for_pick_place_voice/pixel1.py to pixel1.cpython-312.pyc\n'}
[13.065747] (llm_for_pick_place_voice) StdoutLine: {'line': b'byte-compiling /home/hun/YongYiHanYong/install/llm_for_pick_place_voice/lib/python3.12/site-packages/llm_for_pick_place_voice/test_robot.py to test_robot.cpython-312.pyc\n'}
[13.066351] (llm_for_pick_place_voice) StdoutLine: {'line': b'byte-compiling /home/hun/YongYiHanYong/install/llm_for_pick_place_voice/lib/python3.12/site-packages/llm_for_pick_place_voice/pixel3.py to pixel3.cpython-312.pyc\n'}
[13.070751] (llm_for_pick_place_voice) StdoutLine: {'line': b'byte-compiling /home/hun/YongYiHanYong/install/llm_for_pick_place_voice/lib/python3.12/site-packages/llm_for_pick_place_voice/test_moveit_joint.py to test_moveit_joint.cpython-312.pyc\n'}
[13.072867] (llm_for_pick_place_voice) StdoutLine: {'line': b'byte-compiling /home/hun/YongYiHanYong/install/llm_for_pick_place_voice/lib/python3.12/site-packages/llm_for_pick_place_voice/get_keyword_client.py to get_keyword_client.cpython-312.pyc\n'}
[13.074510] (llm_for_pick_place_voice) StdoutLine: {'line': b'byte-compiling /home/hun/YongYiHanYong/install/llm_for_pick_place_voice/lib/python3.12/site-packages/llm_for_pick_place_voice/robot2.py to robot2.cpython-312.pyc\n'}
[13.076222] (llm_for_pick_place_voice) StdoutLine: {'line': b'byte-compiling /home/hun/YongYiHanYong/install/llm_for_pick_place_voice/lib/python3.12/site-packages/llm_for_pick_place_voice/wakeup_word.py to wakeup_word.cpython-312.pyc\n'}
[13.076960] (llm_for_pick_place_voice) StdoutLine: {'line': b'byte-compiling /home/hun/YongYiHanYong/install/llm_for_pick_place_voice/lib/python3.12/site-packages/llm_for_pick_place_voice/pixel2.py to pixel2.cpython-312.pyc\n'}
[13.079773] (llm_for_pick_place_voice) StdoutLine: {'line': b'byte-compiling /home/hun/YongYiHanYong/install/llm_for_pick_place_voice/lib/python3.12/site-packages/llm_for_pick_place_voice/ros_web_bridge.py to ros_web_bridge.cpython-312.pyc\n'}
[13.081318] (llm_for_pick_place_voice) StdoutLine: {'line': b'byte-compiling /home/hun/YongYiHanYong/install/llm_for_pick_place_voice/lib/python3.12/site-packages/llm_for_pick_place_voice/stt.py to stt.cpython-312.pyc\n'}
[13.082017] (llm_for_pick_place_voice) StdoutLine: {'line': b'byte-compiling /home/hun/YongYiHanYong/install/llm_for_pick_place_voice/lib/python3.12/site-packages/llm_for_pick_place_voice/get_keyword copy.py to get_keyword copy.cpython-312.pyc\n'}
[13.083967] (llm_for_pick_place_voice) StdoutLine: {'line': b'byte-compiling /home/hun/YongYiHanYong/install/llm_for_pick_place_voice/lib/python3.12/site-packages/llm_for_pick_place_voice/get_keyword_client copy.py to get_keyword_client copy.cpython-312.pyc\n'}
[13.084927] (llm_for_pick_place_voice) StdoutLine: {'line': b'byte-compiling /home/hun/YongYiHanYong/install/llm_for_pick_place_voice/lib/python3.12/site-packages/llm_for_pick_place_voice/robot.py to robot.cpython-312.pyc\n'}
[13.086464] (llm_for_pick_place_voice) StdoutLine: {'line': b'running install_data\n'}
[13.086787] (llm_for_pick_place_voice) StdoutLine: {'line': b'creating /home/hun/YongYiHanYong/install/llm_for_pick_place_voice/share/ament_index\n'}
[13.086973] (llm_for_pick_place_voice) StdoutLine: {'line': b'creating /home/hun/YongYiHanYong/install/llm_for_pick_place_voice/share/ament_index/resource_index\n'}
[13.087314] (llm_for_pick_place_voice) StdoutLine: {'line': b'creating /home/hun/YongYiHanYong/install/llm_for_pick_place_voice/share/ament_index/resource_index/packages\n'}
[13.087486] (llm_for_pick_place_voice) StdoutLine: {'line': b'copying resource/llm_for_pick_place_voice -> /home/hun/YongYiHanYong/install/llm_for_pick_place_voice/share/ament_index/resource_index/packages\n'}
[13.087668] (llm_for_pick_place_voice) StdoutLine: {'line': b'copying package.xml -> /home/hun/YongYiHanYong/install/llm_for_pick_place_voice/share/llm_for_pick_place_voice\n'}
[13.087853] (llm_for_pick_place_voice) StdoutLine: {'line': b'creating /home/hun/YongYiHanYong/install/llm_for_pick_place_voice/share/llm_for_pick_place_voice/resource\n'}
[13.088008] (llm_for_pick_place_voice) StdoutLine: {'line': b'copying resource/.env -> /home/hun/YongYiHanYong/install/llm_for_pick_place_voice/share/llm_for_pick_place_voice/resource\n'}
[13.088165] (llm_for_pick_place_voice) StdoutLine: {'line': b'copying resource/alexa.onnx -> /home/hun/YongYiHanYong/install/llm_for_pick_place_voice/share/llm_for_pick_place_voice/resource\n'}
[13.089338] (llm_for_pick_place_voice) StdoutLine: {'line': b'copying resource/hey_yong_yihan.onnx -> /home/hun/YongYiHanYong/install/llm_for_pick_place_voice/share/llm_for_pick_place_voice/resource\n'}
[13.090252] (llm_for_pick_place_voice) StdoutLine: {'line': b'running install_egg_info\n'}
[13.119565] (llm_for_pick_place_voice) StdoutLine: {'line': b'Copying ../../build/llm_for_pick_place_voice/llm_for_pick_place_voice.egg-info to /home/hun/YongYiHanYong/install/llm_for_pick_place_voice/lib/python3.12/site-packages/llm_for_pick_place_voice-0.0.0-py3.12.egg-info\n'}
[13.120263] (llm_for_pick_place_voice) StdoutLine: {'line': b'running install_scripts\n'}
[13.139258] (-) TimerEvent: {}
[13.239686] (-) TimerEvent: {}
[13.289819] (llm_for_pick_place_voice) StdoutLine: {'line': b'Installing arrive_test script to /home/hun/YongYiHanYong/install/llm_for_pick_place_voice/lib/llm_for_pick_place_voice\n'}
[13.290227] (llm_for_pick_place_voice) StdoutLine: {'line': b'Installing get_keyword script to /home/hun/YongYiHanYong/install/llm_for_pick_place_voice/lib/llm_for_pick_place_voice\n'}
[13.290413] (llm_for_pick_place_voice) StdoutLine: {'line': b'Installing get_keyword_client script to /home/hun/YongYiHanYong/install/llm_for_pick_place_voice/lib/llm_for_pick_place_voice\n'}
[13.290758] (llm_for_pick_place_voice) StdoutLine: {'line': b'Installing ros_web_bridge script to /home/hun/YongYiHanYong/install/llm_for_pick_place_voice/lib/llm_for_pick_place_voice\n'}
[13.290971] (llm_for_pick_place_voice) StdoutLine: {'line': b'Installing stt script to /home/hun/YongYiHanYong/install/llm_for_pick_place_voice/lib/llm_for_pick_place_voice\n'}
[13.291132] (llm_for_pick_place_voice) StdoutLine: {'line': b'Installing test_robot script to /home/hun/YongYiHanYong/install/llm_for_pick_place_voice/lib/llm_for_pick_place_voice\n'}
[13.291283] (llm_for_pick_place_voice) StdoutLine: {'line': b'Installing wakeup_word script to /home/hun/YongYiHanYong/install/llm_for_pick_place_voice/lib/llm_for_pick_place_voice\n'}
[13.291429] (llm_for_pick_place_voice) StdoutLine: {'line': b"writing list of installed files to '/home/hun/YongYiHanYong/build/llm_for_pick_place_voice/install.log'\n"}
[13.332004] (llm_for_pick_place_voice) CommandEnded: {'returncode': 0}
[13.339180] (llm_for_pick_place_voice) JobEnded: {'identifier': 'llm_for_pick_place_voice', 'rc': 0}
[13.340546] (-) TimerEvent: {}
[13.340698] (-) EventReactorShutdown: {}
